HEAD 752dfd1e start 2026-10-01T21:06:35Z modules: Lib.AxiomAudit Hopf.Proof.AxiomAudit
info: Hopf/Proof/AxiomAudit.lean:30:0: 'TopCat.Sheaf.derivedGlobalSections_isZero_of_homeomorph_sphereTwo' depends on axioms: [propext,
info: Hopf/Proof/AxiomAudit.lean:32:0: 'TopCat.Sheaf.hasProjectiveDimensionLT_three_of_homeomorph_sphereTwo' depends on axioms: [propext,
info: Hopf/Proof/AxiomAudit.lean:34:0: 'TopCat.Sheaf.higherDirectImage_derivedGlobalSections_isZero_of_homeomorph_sphereTwo' depends on axioms: [propext,
info: Hopf/Proof/AxiomAudit.lean:36:0: 'TopCat.Sheaf.higherDirectImage_one_derivedGlobalSections_three_four_isZero_of_homeomorph_sphereTwo' depends on axioms: [propext,
info: Hopf/Proof/AxiomAudit.lean:41:0: 'RiemannBoundary.rotatedPrincipalRootFour_reverse_of_wedge' depends on axioms: [propext, Classical.choice, Quot.sound]
info: Lib/AxiomAudit.lean:18:0: 'AddMonoidHom.surjective_signed_prod_of_surjective_ker' depends on axioms: [propext, Quot.sound]
info: Lib/AxiomAudit.lean:24:0: 'MonoidHom.apply_eq_apply_of_ker_le' depends on axioms: [propext, Quot.sound]
info: Lib/AxiomAudit.lean:30:0: 'CoverLocalContributions.leftHomologyMap_in_coordinates' depends on axioms: [propext, Classical.choice, Quot.sound]
info: Lib/AxiomAudit.lean:32:0: 'CoverLocalContributions.leftHomologyMap_surjective_of_regular_surjective' depends on axioms: [propext,
info: Lib/AxiomAudit.lean:34:0: 'CoverLocalContributions.connectingHomomorphism_injective_of_regular_surjective' depends on axioms: [propext,
info: Lib/AxiomAudit.lean:36:0: 'CoverLocalContributions.connectingRegularKernelEquiv' depends on axioms: [propext, Classical.choice, Quot.sound]
info: Lib/AxiomAudit.lean:38:0: 'CoverLocalContributions.connectingRegularKernelEquiv_apply' depends on axioms: [propext, Classical.choice, Quot.sound]
info: Lib/AxiomAudit.lean:43:0: 'BasedDiskLifting.exists_based_disk_lift_of_surjective' depends on axioms: [propext, Classical.choice, Quot.sound]
info: Lib/AxiomAudit.lean:45:0: 'TopCellLifting.exists_disk_lift_of_boundary_nullhomotopic' depends on axioms: [propext, Classical.choice, Quot.sound]
info: Lib/AxiomAudit.lean:50:0: 'LowCellLifting.relativeDiskLifting_of_pi_vanishing' depends on axioms: [propext, Classical.choice, Quot.sound]
info: Lib/AxiomAudit.lean:52:0: 'TopCellLifting.relativeDiskLifting_of_pi_vanishing_of_surjective' depends on axioms: [propext,
info: Lib/AxiomAudit.lean:57:0: 'Metric.subset_cover_of_diam_lt_of_ball_cover' depends on axioms: [propext, Classical.choice, Quot.sound]
info: Lib/AxiomAudit.lean:59:0: 'Metric.exists_lebesgue_number_diam' depends on axioms: [propext, Classical.choice, Quot.sound]
info: Lib/AxiomAudit.lean:64:0: 'TopologicalSpace.CubeBoundaryThree.exists_mesh_scale' depends on axioms: [propext, Classical.choice, Quot.sound]
info: Lib/AxiomAudit.lean:66:0: 'TopologicalSpace.CubeBoundaryThree.diam_coe_image' depends on axioms: [propext, Classical.choice, Quot.sound]
info: Lib/AxiomAudit.lean:68:0: 'TopologicalSpace.CubeBoundaryThree.exists_cover_mesh_scale' depends on axioms: [propext, Classical.choice, Quot.sound]
info: Lib/AxiomAudit.lean:73:0: 'TopologicalSpace.CubeBoundaryThree.Ambient' depends on axioms: [propext, Classical.choice, Quot.sound]
info: Lib/AxiomAudit.lean:75:0: 'TopologicalSpace.CubeBoundaryThree.maxAbs' depends on axioms: [propext, Classical.choice, Quot.sound]
info: Lib/AxiomAudit.lean:77:0: 'TopologicalSpace.CubeBoundaryThree.maxAbs_le_norm' depends on axioms: [propext, Classical.choice, Quot.sound]
info: Lib/AxiomAudit.lean:79:0: 'TopologicalSpace.CubeBoundaryThree.norm_le_sqrt_three_mul_maxAbs' depends on axioms: [propext,
info: Lib/AxiomAudit.lean:81:0: 'TopologicalSpace.CubeBoundaryThree.continuous_maxAbs' depends on axioms: [propext, Classical.choice, Quot.sound]
info: Lib/AxiomAudit.lean:83:0: 'TopologicalSpace.CubeBoundaryThree.maxAbs_smul_of_nonneg' depends on axioms: [propext, Classical.choice, Quot.sound]
info: Lib/AxiomAudit.lean:85:0: 'TopologicalSpace.CubeBoundaryThree.boundary' depends on axioms: [propext, Classical.choice, Quot.sound]
info: Lib/AxiomAudit.lean:87:0: 'TopologicalSpace.CubeBoundaryThree.Boundary' depends on axioms: [propext, Classical.choice, Quot.sound]
info: Lib/AxiomAudit.lean:89:0: 'TopologicalSpace.CubeBoundaryThree.face' depends on axioms: [propext, Classical.choice, Quot.sound]
info: Lib/AxiomAudit.lean:91:0: 'TopologicalSpace.CubeBoundaryThree.mem_face_iff' depends on axioms: [propext, Classical.choice, Quot.sound]
info: Lib/AxiomAudit.lean:93:0: 'TopologicalSpace.CubeBoundaryThree.exists_mem_face' depends on axioms: [propext, Classical.choice, Quot.sound]
info: Lib/AxiomAudit.lean:95:0: 'TopologicalSpace.CubeBoundaryThree.boundary_nonempty' depends on axioms: [propext, Classical.choice, Quot.sound]
info: Lib/AxiomAudit.lean:97:0: 'TopologicalSpace.CubeBoundaryThree.isCompact_boundary' depends on axioms: [propext, Classical.choice, Quot.sound]
info: Lib/AxiomAudit.lean:99:0: 'TopologicalSpace.CubeBoundaryThree.instNonemptyBoundary' depends on axioms: [propext, Classical.choice, Quot.sound]
info: Lib/AxiomAudit.lean:101:0: 'TopologicalSpace.CubeBoundaryThree.instCompactSpaceBoundary' depends on axioms: [propext, Classical.choice, Quot.sound]
info: Lib/AxiomAudit.lean:103:0: 'TopologicalSpace.CubeBoundaryThree.norm_pos_of_mem_boundary' depends on axioms: [propext, Classical.choice, Quot.sound]
info: Lib/AxiomAudit.lean:105:0: 'TopologicalSpace.CubeBoundaryThree.maxAbs_pos_of_mem_sphere' depends on axioms: [propext, Classical.choice, Quot.sound]
info: Lib/AxiomAudit.lean:107:0: 'TopologicalSpace.CubeBoundaryThree.toSphere' depends on axioms: [propext, Classical.choice, Quot.sound]
info: Lib/AxiomAudit.lean:109:0: 'TopologicalSpace.CubeBoundaryThree.fromSphere' depends on axioms: [propext, Classical.choice, Quot.sound]
info: Lib/AxiomAudit.lean:111:0: 'TopologicalSpace.CubeBoundaryThree.toSphere_apply' depends on axioms: [propext, Classical.choice, Quot.sound]
info: Lib/AxiomAudit.lean:113:0: 'TopologicalSpace.CubeBoundaryThree.fromSphere_apply' depends on axioms: [propext, Classical.choice, Quot.sound]
info: Lib/AxiomAudit.lean:115:0: 'TopologicalSpace.CubeBoundaryThree.continuous_toSphere' depends on axioms: [propext, Classical.choice, Quot.sound]
info: Lib/AxiomAudit.lean:117:0: 'TopologicalSpace.CubeBoundaryThree.continuous_fromSphere' depends on axioms: [propext, Classical.choice, Quot.sound]
info: Lib/AxiomAudit.lean:119:0: 'TopologicalSpace.CubeBoundaryThree.fromSphere_toSphere' depends on axioms: [propext, Classical.choice, Quot.sound]
info: Lib/AxiomAudit.lean:121:0: 'TopologicalSpace.CubeBoundaryThree.toSphere_fromSphere' depends on axioms: [propext, Classical.choice, Quot.sound]
info: Lib/AxiomAudit.lean:123:0: 'TopologicalSpace.CubeBoundaryThree.homeomorphSphere' depends on axioms: [propext, Classical.choice, Quot.sound]
info: Lib/AxiomAudit.lean:128:0: 'AlgebraicTopology.SingularCochains.precompose' depends on axioms: [propext, Quot.sound]
info: Lib/AxiomAudit.lean:130:0: 'AlgebraicTopology.SingularCochains.moduleDual' depends on axioms: [propext, Quot.sound]
info: Lib/AxiomAudit.lean:132:0: 'AlgebraicTopology.SingularCochains.moduleDual_additive' depends on axioms: [propext, Quot.sound]
info: Lib/AxiomAudit.lean:134:0: 'AlgebraicTopology.SingularCochains.dualComplexFunctor' depends on axioms: [propext, Classical.choice, Quot.sound]
info: Lib/AxiomAudit.lean:136:0: 'AlgebraicTopology.SingularCochains.dualComplex' depends on axioms: [propext, Classical.choice, Quot.sound]
info: Lib/AxiomAudit.lean:138:0: 'AlgebraicTopology.SingularCochains.dualMap' depends on axioms: [propext, Classical.choice, Quot.sound]
info: Lib/AxiomAudit.lean:140:0: 'AlgebraicTopology.SingularCochains.dualMap_id' depends on axioms: [propext, Classical.choice, Quot.sound]
info: Lib/AxiomAudit.lean:142:0: 'AlgebraicTopology.SingularCochains.dualMap_comp' depends on axioms: [propext, Classical.choice, Quot.sound]
info: Lib/AxiomAudit.lean:144:0: 'AlgebraicTopology.SingularCochains.dualHomotopy' depends on axioms: [propext, Classical.choice, Quot.sound]
info: Lib/AxiomAudit.lean:146:0: 'AlgebraicTopology.SingularCochains.chains' depends on axioms: [propext, Classical.choice, Quot.sound]
info: Lib/AxiomAudit.lean:148:0: 'AlgebraicTopology.SingularCochains.complex' depends on axioms: [propext, Classical.choice, Quot.sound]
info: Lib/AxiomAudit.lean:150:0: 'AlgebraicTopology.SingularCochains.pullback' depends on axioms: [propext, Classical.choice, Quot.sound]
info: Lib/AxiomAudit.lean:152:0: 'AlgebraicTopology.SingularCochains.pullback_id' depends on axioms: [propext, Classical.choice, Quot.sound]
info: Lib/AxiomAudit.lean:154:0: 'AlgebraicTopology.SingularCochains.pullback_comp' depends on axioms: [propext, Classical.choice, Quot.sound]
info: Lib/AxiomAudit.lean:156:0: 'AlgebraicTopology.SingularCochains.pullbackHomotopy' depends on axioms: [propext, Classical.choice, Quot.sound]
info: Lib/AxiomAudit.lean:158:0: 'AlgebraicTopology.SingularCochains.homologyMap_eq_of_homotopy' depends on axioms: [propext,
info: Lib/AxiomAudit.lean:160:0: 'AlgebraicTopology.SingularCochains.homotopyEquivCohomologyIso' depends on axioms: [propext,
info: Lib/AxiomAudit.lean:162:0: 'AlgebraicTopology.SingularCochains.homotopyEquivCohomologyIso_hom' depends on axioms: [propext,
info: Lib/AxiomAudit.lean:164:0: 'Module.End.cyclicAverage' depends on axioms: [propext, Classical.choice, Quot.sound]
info: Lib/AxiomAudit.lean:165:0: 'Module.End.mul_sum_powers_eq_sum_powers' depends on axioms: [propext, Classical.choice, Quot.sound]
info: Lib/AxiomAudit.lean:166:0: 'Module.End.sum_powers_mul_eq_sum_powers' depends on axioms: [propext, Classical.choice, Quot.sound]
info: Lib/AxiomAudit.lean:167:0: 'Module.End.mul_cyclicAverage' depends on axioms: [propext, Classical.choice, Quot.sound]
info: Lib/AxiomAudit.lean:168:0: 'Module.End.cyclicAverage_mul' depends on axioms: [propext, Classical.choice, Quot.sound]
info: Lib/AxiomAudit.lean:169:0: 'Module.End.cyclicAverage_apply_of_fixed' depends on axioms: [propext, Classical.choice, Quot.sound]
info: Lib/AxiomAudit.lean:170:0: 'Module.End.isProj_cyclicAverage' depends on axioms: [propext, Classical.choice, Quot.sound]
info: Lib/AxiomAudit.lean:171:0: 'Module.End.isIdempotentElem_cyclicAverage' depends on axioms: [propext, Classical.choice, Quot.sound]
info: Lib/AxiomAudit.lean:172:0: 'Module.End.range_cyclicAverage' depends on axioms: [propext, Classical.choice, Quot.sound]
info: Lib/AxiomAudit.lean:173:0: 'Module.End.comp_cyclicAverage' depends on axioms: [propext, Classical.choice, Quot.sound]
info: Lib/AxiomAudit.lean:175:0: 'LinearMap.dualMap_sub' depends on axioms: [propext, Classical.choice, Quot.sound]
info: Lib/AxiomAudit.lean:176:0: 'LinearMap.dualAnnihilator_range_sub_eq_ker_sub_dualMap' depends on axioms: [propext, Classical.choice, Quot.sound]
info: Lib/AxiomAudit.lean:177:0: 'LinearMap.dualAnnihilator_range_sub_id_eq_fixedSubmodule' depends on axioms: [propext, Classical.choice, Quot.sound]
info: Lib/AxiomAudit.lean:178:0: 'LinearMap.range_dualMap_eq_fixedSubmodule_of_surjective_of_ker_eq_range_sub_id' depends on axioms: [propext,
info: Lib/AxiomAudit.lean:179:0: 'LinearMap.dualEquivFixedSubmoduleOfSurjectiveOfKerEqRangeSubId' depends on axioms: [propext,
info: Lib/AxiomAudit.lean:180:0: 'LinearMap.dualEquivFixedSubmoduleOfSurjectiveOfKerEqRangeSubId_apply_coe' depends on axioms: [propext,
info: Lib/AxiomAudit.lean:181:0: 'LinearMap.injective_of_duality_naturality_of_surjective' depends on axioms: [propext, Quot.sound]
info: Lib/AxiomAudit.lean:182:0: 'LinearMap.map_range_eq_fixedSubmodule_of_duality_naturality' depends on axioms: [propext, Classical.choice, Quot.sound]
info: Lib/AxiomAudit.lean:184:0: 'exteriorPower.finBasis' depends on axioms: [propext, Classical.choice, Quot.sound]
info: Lib/AxiomAudit.lean:185:0: 'exteriorPower.finBasis_map_coefficient' depends on axioms: [propext, Classical.choice, Quot.sound]
info: Lib/AxiomAudit.lean:186:0: 'exteriorPower.finMatrix' depends on axioms: [propext, Classical.choice, Quot.sound]
info: Lib/AxiomAudit.lean:187:0: 'exteriorPower.toMatrix_map' depends on axioms: [propext, Classical.choice, Quot.sound]
info: Lib/AxiomAudit.lean:188:0: 'exteriorPower.finCoordinates' depends on axioms: [propext, Classical.choice, Quot.sound]
info: Lib/AxiomAudit.lean:189:0: 'exteriorPower.finCoordinates_apply' depends on axioms: [propext, Classical.choice, Quot.sound]
info: Lib/AxiomAudit.lean:190:0: 'exteriorPower.finCoordinates_map' depends on axioms: [propext, Classical.choice, Quot.sound]
info: Lib/AxiomAudit.lean:192:0: 'exteriorPower.reindexedFinBasis' depends on axioms: [propext, Classical.choice, Quot.sound]
info: Lib/AxiomAudit.lean:193:0: 'exteriorPower.reindexedFinBasis_apply' depends on axioms: [propext, Classical.choice, Quot.sound]
info: Lib/AxiomAudit.lean:194:0: 'exteriorPower.reindexedFinCoordinates' depends on axioms: [propext, Classical.choice, Quot.sound]
info: Lib/AxiomAudit.lean:195:0: 'exteriorPower.reindexedFinCoordinates_apply' depends on axioms: [propext, Classical.choice, Quot.sound]
info: Lib/AxiomAudit.lean:196:0: 'exteriorPower.reindexedFinCoordinates_basis' depends on axioms: [propext, Classical.choice, Quot.sound]
info: Lib/AxiomAudit.lean:197:0: 'exteriorPower.reindexedFinMatrix' depends on axioms: [propext, Classical.choice, Quot.sound]
info: Lib/AxiomAudit.lean:198:0: 'exteriorPower.reindexedFinBasis_map_coefficient' depends on axioms: [propext, Classical.choice, Quot.sound]
info: Lib/AxiomAudit.lean:199:0: 'exteriorPower.toMatrix_map_reindexed' depends on axioms: [propext, Classical.choice, Quot.sound]
info: Lib/AxiomAudit.lean:200:0: 'exteriorPower.reindexedFinCoordinates_map' depends on axioms: [propext, Classical.choice, Quot.sound]
info: Lib/AxiomAudit.lean:202:0: 'exteriorPower.wedge' depends on axioms: [propext, Classical.choice, Quot.sound]
info: Lib/AxiomAudit.lean:203:0: 'exteriorPower.coe_wedge' depends on axioms: [propext, Classical.choice, Quot.sound]
info: Lib/AxiomAudit.lean:204:0: 'exteriorPower.finCoordinates_finBasis' depends on axioms: [propext, Classical.choice, Quot.sound]
info: Lib/AxiomAudit.lean:205:0: 'exteriorPower.finBasis_wedge_of_not_disjoint' depends on axioms: [propext, Classical.choice, Quot.sound]
info: Lib/AxiomAudit.lean:206:0: 'exteriorPower.finCoordinates_wedge_of_not_disjoint' depends on axioms: [propext, Classical.choice, Quot.sound]
info: Lib/AxiomAudit.lean:207:0: 'exteriorPower.finBasis_wedge_of_disjoint' depends on axioms: [propext, Classical.choice, Quot.sound]
info: Lib/AxiomAudit.lean:208:0: 'exteriorPower.finCoordinates_wedge_of_disjoint' depends on axioms: [propext, Classical.choice, Quot.sound]
info: Lib/AxiomAudit.lean:210:0: 'Set.powersetCard.orderIsoOfFin_permOfDisjoint_castAdd' depends on axioms: [propext, Classical.choice, Quot.sound]
info: Lib/AxiomAudit.lean:211:0: 'Set.powersetCard.orderIsoOfFin_permOfDisjoint_natAdd' depends on axioms: [propext, Classical.choice, Quot.sound]
info: Lib/AxiomAudit.lean:212:0: 'Set.powersetCard.permOfDisjoint_eq' depends on axioms: [propext, Classical.choice, Quot.sound]
info: Lib/AxiomAudit.lean:213:0: 'Set.powersetCard.permOfDisjoint_eq_of_orderEmbOfFin' depends on axioms: [propext, Classical.choice, Quot.sound]
info: Lib/AxiomAudit.lean:215:0: 'Matrix.natAbs_det_eq_natCard_quotient_range_toLin'' depends on axioms: [propext, Classical.choice, Quot.sound]
info: Lib/AxiomAudit.lean:217:0: 'LinearMap.exists_ne_zero_smul_mem_range_of_injective' depends on axioms: [propext, Classical.choice, Quot.sound]
info: Lib/AxiomAudit.lean:218:0: 'Matrix.quotientRangeToLin'EquivZModOfIsCoprime' depends on axioms: [propext, Classical.choice, Quot.sound]
info: Lib/AxiomAudit.lean:219:0: 'Matrix.quotientRangeToLinEquivZModOfIsCoprime' depends on axioms: [propext, Classical.choice, Quot.sound]
info: Lib/AxiomAudit.lean:221:0: 'Module.End.oneAddSMul' depends on axioms: [propext, Quot.sound]
info: Lib/AxiomAudit.lean:222:0: 'Module.End.oneAddSMul_zero' depends on axioms: [propext, Quot.sound]
info: Lib/AxiomAudit.lean:223:0: 'Module.End.oneAddSMul_apply' depends on axioms: [propext, Quot.sound]
info: Lib/AxiomAudit.lean:224:0: 'Module.End.oneAddSMul_mul_oneAddSMul' depends on axioms: [propext, Quot.sound]
info: Lib/AxiomAudit.lean:225:0: 'Module.End.oneAddSMulEquiv' depends on axioms: [propext, Quot.sound]
info: Lib/AxiomAudit.lean:226:0: 'Module.End.oneAddSMulEquiv_toLinearMap' depends on axioms: [propext, Quot.sound]
info: Lib/AxiomAudit.lean:227:0: 'Module.End.oneAddSMulEquiv_apply' depends on axioms: [propext, Quot.sound]
info: Lib/AxiomAudit.lean:228:0: 'Module.End.oneAddSMulEquiv_symm_toLinearMap' depends on axioms: [propext, Quot.sound]
info: Lib/AxiomAudit.lean:229:0: 'Module.End.quadratic_term_eq_zero' depends on axioms: [propext, Quot.sound]
info: Lib/AxiomAudit.lean:230:0: 'Module.End.oneAddSMul_preserves_bilin' depends on axioms: [propext, Quot.sound]
info: Lib/AxiomAudit.lean:231:0: 'Module.End.oneAddSMul_preserves_bilin_of_isSkewAdjoint' depends on axioms: [propext, Quot.sound]
info: Lib/AxiomAudit.lean:233:0: 'Abelianization.mapMulAut' depends on axioms: [propext, Classical.choice, Quot.sound]
info: Lib/AxiomAudit.lean:234:0: 'SemidirectProduct.abelianizationRepresentation' depends on axioms: [propext, Classical.choice, Quot.sound]
info: Lib/AxiomAudit.lean:235:0: 'SemidirectProduct.AbelianizationCoinvariants' depends on axioms: [propext, Classical.choice, Quot.sound]
info: Lib/AxiomAudit.lean:236:0: 'SemidirectProduct.coinvariantsMk' depends on axioms: [propext, Classical.choice, Quot.sound]
info: Lib/AxiomAudit.lean:237:0: 'SemidirectProduct.coinvariantsMk_action' depends on axioms: [propext, Classical.choice, Quot.sound]
info: Lib/AxiomAudit.lean:238:0: 'SemidirectProduct.abelianizationMulEquiv' depends on axioms: [propext, Classical.choice, Quot.sound]
info: Lib/AxiomAudit.lean:239:0: 'SemidirectProduct.abelianizationMulEquiv_apply_of_inl' depends on axioms: [propext, Classical.choice, Quot.sound]
info: Lib/AxiomAudit.lean:240:0: 'SemidirectProduct.abelianizationMulEquiv_apply_of_inr' depends on axioms: [propext, Classical.choice, Quot.sound]
info: Lib/AxiomAudit.lean:241:0: 'SemidirectProduct.abelianizationMulEquiv_symm_apply_inl' depends on axioms: [propext, Classical.choice, Quot.sound]
info: Lib/AxiomAudit.lean:242:0: 'SemidirectProduct.abelianizationMulEquiv_symm_apply_inr' depends on axioms: [propext, Classical.choice, Quot.sound]
info: Lib/AxiomAudit.lean:243:0: 'GroupExtension.Splitting.abelianizationMulEquiv' depends on axioms: [propext, Classical.choice, Quot.sound]
info: Lib/AxiomAudit.lean:248:0: 'FreeGroup.forall_apply_eq_self_iff' depends on axioms: [propext, Quot.sound]
info: Lib/AxiomAudit.lean:253:0: 'Subgroup.zpowers_eq_of_mem_of_multiplicativeInt_detector' depends on axioms: [propext, Classical.choice, Quot.sound]
info: Lib/AxiomAudit.lean:255:0: 'FreeGroup.generatorExponent' depends on axioms: [propext, Quot.sound]
info: Lib/AxiomAudit.lean:257:0: 'FreeGroup.generatorExponent_of' depends on axioms: [propext, Quot.sound]
info: Lib/AxiomAudit.lean:259:0: 'FreeGroup.zpowers_eq_of_generator_mem' depends on axioms: [propext, Classical.choice, Quot.sound]
info: Lib/AxiomAudit.lean:264:0: 'Representation.freeGroupGeneratorRelations' depends on axioms: [propext, Quot.sound]
info: Lib/AxiomAudit.lean:266:0: 'Representation.coinvariants_ker_eq_freeGroupGeneratorRelations' depends on axioms: [propext, Quot.sound]
info: Lib/AxiomAudit.lean:271:0: 'Representation.orientedFreeGenerator' depends on axioms: [propext, Quot.sound]
info: Lib/AxiomAudit.lean:273:0: 'Representation.freeGroupOrientedGeneratorDifference' depends on axioms: [propext, Classical.choice, Quot.sound]
info: Lib/AxiomAudit.lean:275:0: 'Representation.freeGroupOrientedGeneratorDifference_single' depends on axioms: [propext, Classical.choice, Quot.sound]
info: Lib/AxiomAudit.lean:277:0: 'Representation.freeGroupOrientedGeneratorDifference_range_eq_coinvariants_ker' depends on axioms: [propext,
info: Lib/AxiomAudit.lean:279:0: 'Representation.FreeGroupGeneratorCokernel' depends on axioms: [propext, Classical.choice, Quot.sound]
info: Lib/AxiomAudit.lean:281:0: 'Representation.freeGroupGeneratorCokernelEquivCoinvariants' depends on axioms: [propext, Classical.choice, Quot.sound]
info: Lib/AxiomAudit.lean:283:0: 'Representation.freeGroupGeneratorCokernelEquivCoinvariants_mk' depends on axioms: [propext,
info: Lib/AxiomAudit.lean:285:0: 'Representation.freeGroupGeneratorCokernelEquivGroupHomologyH0' depends on axioms: [propext,
info: Lib/AxiomAudit.lean:287:0: 'Subgroup.isMulCommutative_of_closure_eq_top' depends on axioms: [propext, Classical.choice, Quot.sound]
info: Lib/AxiomAudit.lean:288:0: 'AddSubgroup.isAddCommutative_of_closure_eq_top' depends on axioms: [propext, Classical.choice, Quot.sound]
info: Lib/AxiomAudit.lean:289:0: 'AddSubgroup.eq_of_le_of_quotient_subsingleton' depends on axioms: [propext, Classical.choice, Quot.sound]
info: Lib/AxiomAudit.lean:290:0: 'AddSubgroup.eq_top_of_le_of_quotient_subsingleton' depends on axioms: [propext, Classical.choice, Quot.sound]
info: Lib/AxiomAudit.lean:293:0: 'Monoid.PushoutI.equivOfCocone' depends on axioms: [propext, Classical.choice, Quot.sound]
info: Lib/AxiomAudit.lean:295:0: 'Monoid.PushoutI.equivOfCocone_apply_of' depends on axioms: [propext, Classical.choice, Quot.sound]
info: Lib/AxiomAudit.lean:297:0: 'Monoid.PushoutI.equivOfCocone_symm_apply_f' depends on axioms: [propext, Classical.choice, Quot.sound]
info: Lib/AxiomAudit.lean:300:0: 'CategoryTheory.Triangulated.SpectralObject.mapHomologicalFunctor' depends on axioms: [propext,
info: Lib/AxiomAudit.lean:302:0: 'CategoryTheory.Triangulated.SpectralObject.mapHomologicalFunctor_H' depends on axioms: [propext,
info: Lib/AxiomAudit.lean:304:0: 'CategoryTheory.Triangulated.SpectralObject.mapHomologicalFunctor_δ'_app' depends on axioms: [propext,
info: Lib/AxiomAudit.lean:309:0: 'CategoryTheory.Abelian.SpectralObject.totalFiltrationMap' depends on axioms: [propext, Classical.choice, Quot.sound]
info: Lib/AxiomAudit.lean:311:0: 'CategoryTheory.Abelian.SpectralObject.totalFiltrationTransition' depends on axioms: [propext,
info: Lib/AxiomAudit.lean:313:0: 'CategoryTheory.Abelian.SpectralObject.totalFiltrationTransition_comp' depends on axioms: [propext,
info: Lib/AxiomAudit.lean:315:0: 'CategoryTheory.Abelian.SpectralObject.totalFiltration' depends on axioms: [propext, Classical.choice, Quot.sound]
info: Lib/AxiomAudit.lean:317:0: 'CategoryTheory.Abelian.SpectralObject.totalFiltration_mono' depends on axioms: [propext, Classical.choice, Quot.sound]
info: Lib/AxiomAudit.lean:319:0: 'CategoryTheory.Abelian.SpectralObject.totalFiltration_bot' depends on axioms: [propext, Classical.choice, Quot.sound]
info: Lib/AxiomAudit.lean:321:0: 'CategoryTheory.Abelian.SpectralObject.totalFiltration_top' depends on axioms: [propext, Classical.choice, Quot.sound]
info: Lib/AxiomAudit.lean:326:0: 'CategoryTheory.Abelian.SpectralObject.stableE' depends on axioms: [propext, Classical.choice, Quot.sound]
info: Lib/AxiomAudit.lean:328:0: 'CategoryTheory.Abelian.SpectralObject.stableEProjection' depends on axioms: [propext, Classical.choice, Quot.sound]
info: Lib/AxiomAudit.lean:330:0: 'CategoryTheory.Abelian.SpectralObject.totalFiltrationToStableE' depends on axioms: [propext,
info: Lib/AxiomAudit.lean:332:0: 'CategoryTheory.Abelian.SpectralObject.totalFiltrationToStableE_rangeRestrict' depends on axioms: [propext,
info: Lib/AxiomAudit.lean:334:0: 'CategoryTheory.Abelian.SpectralObject.totalFiltrationToStableE_surjective' depends on axioms: [propext,
info: Lib/AxiomAudit.lean:336:0: 'CategoryTheory.Abelian.SpectralObject.totalFiltrationToStableE_ker' depends on axioms: [propext,
info: Lib/AxiomAudit.lean:338:0: 'CategoryTheory.Abelian.SpectralObject.totalFiltrationGradedEquiv' depends on axioms: [propext,
info: Lib/AxiomAudit.lean:340:0: 'CategoryTheory.Abelian.SpectralObject.totalFiltrationGradedEquiv_mk' depends on axioms: [propext,
info: Lib/AxiomAudit.lean:345:0: 'CategoryTheory.Abelian.SpectralObject.finiteEIsoStableE' depends on axioms: [propext, Classical.choice, Quot.sound]
info: Lib/AxiomAudit.lean:347:0: 'CategoryTheory.Abelian.SpectralObject.firstQuadrantPageIsoStableE' depends on axioms: [propext,
info: Lib/AxiomAudit.lean:352:0: 'HomologicalComplex.extend_opcyclesToCycles' depends on axioms: [propext, Classical.choice, Quot.sound]
info: Lib/AxiomAudit.lean:354:0: 'HomologicalComplex.extend_opcyclesToCycles_assoc' depends on axioms: [propext, Classical.choice, Quot.sound]
info: Lib/AxiomAudit.lean:359:0: 'HomologicalComplex.mapExtendXIso' depends on axioms: [propext, Classical.choice, Quot.sound]
info: Lib/AxiomAudit.lean:361:0: 'HomologicalComplex.mapExtendIso' depends on axioms: [propext, Classical.choice, Quot.sound]
info: Lib/AxiomAudit.lean:366:0: 'CochainComplex.HomComplex.coyonedaComplex' depends on axioms: [propext, Classical.choice, Quot.sound]
info: Lib/AxiomAudit.lean:368:0: 'CochainComplex.HomComplex.fromSingleXIso' depends on axioms: [propext, Classical.choice, Quot.sound]
info: Lib/AxiomAudit.lean:370:0: 'CochainComplex.HomComplex.fromSingleIso' depends on axioms: [propext, Classical.choice, Quot.sound]
info: Lib/AxiomAudit.lean:372:0: 'CochainComplex.HomComplex.fromSingleHomologyIso' depends on axioms: [propext, Classical.choice, Quot.sound]
info: Lib/AxiomAudit.lean:377:0: 'CochainComplex.relNegOneZero' depends on axioms: [propext, Classical.choice, Quot.sound]
info: Lib/AxiomAudit.lean:379:0: 'CochainComplex.relZeroOne' depends on axioms: [propext, Classical.choice, Quot.sound]
info: Lib/AxiomAudit.lean:381:0: 'CochainComplex.chainSingleZero' depends on axioms: [propext, Classical.choice, Quot.sound]
info: Lib/AxiomAudit.lean:383:0: 'CochainComplex.cochainSingleZero' depends on axioms: [propext, Classical.choice, Quot.sound]
info: Lib/AxiomAudit.lean:385:0: 'CochainComplex.twoTermData' depends on axioms: [propext, Classical.choice, Quot.sound]
info: Lib/AxiomAudit.lean:387:0: 'CochainComplex.twoTerm' depends on axioms: [propext, Classical.choice, Quot.sound]
info: Lib/AxiomAudit.lean:389:0: 'CochainComplex.twoTerm_isZero_X' depends on axioms: [propext, Classical.choice, Quot.sound]
info: Lib/AxiomAudit.lean:391:0: 'CochainComplex.mappingCone_single_isZero_X' depends on axioms: [propext, Classical.choice, Quot.sound]
info: Lib/AxiomAudit.lean:393:0: 'CochainComplex.twoTermPointIsoNegOne' depends on axioms: [propext, Classical.choice, Quot.sound]
info: Lib/AxiomAudit.lean:395:0: 'CochainComplex.twoTermPointIsoZero' depends on axioms: [propext, Classical.choice, Quot.sound]
info: Lib/AxiomAudit.lean:397:0: 'CochainComplex.twoTermPointIso' depends on axioms: [propext, Classical.choice, Quot.sound]
info: Lib/AxiomAudit.lean:399:0: 'CochainComplex.twoTermPointIsoNegOne_hom' depends on axioms: [propext, Classical.choice, Quot.sound]
info: Lib/AxiomAudit.lean:401:0: 'CochainComplex.twoTermPointIsoZero_hom' depends on axioms: [propext, Classical.choice, Quot.sound]
info: Lib/AxiomAudit.lean:403:0: 'CochainComplex.twoTermIsoMappingCone' depends on axioms: [propext, Classical.choice, Quot.sound]
info: Lib/AxiomAudit.lean:408:0: 'CategoryTheory.Triangulated.TStructure.postnikovSpectralObject' depends on axioms: [propext,
info: Lib/AxiomAudit.lean:410:0: 'CategoryTheory.Triangulated.TStructure.postnikovTotalIso' depends on axioms: [propext, Classical.choice, Quot.sound]
info: Lib/AxiomAudit.lean:412:0: 'CategoryTheory.Triangulated.TStructure.coyonedaPostnikovSpectralObject' depends on axioms: [propext,
info: Lib/AxiomAudit.lean:414:0: 'CategoryTheory.Triangulated.TStructure.coyonedaPostnikovSpectralObject_isFirstQuadrant' depends on axioms: [propext,
info: Lib/AxiomAudit.lean:416:0: 'CategoryTheory.Triangulated.TStructure.coyonedaPostnikovSpectralSequence' depends on axioms: [propext,
info: Lib/AxiomAudit.lean:418:0: 'CategoryTheory.Triangulated.TStructure.coyonedaPostnikovE₂PageIso' depends on axioms: [propext,
info: Lib/AxiomAudit.lean:423:0: 'CategoryTheory.Triangulated.TStructure.coyonedaPostnikovFirstPageXIso_hom_apply_eq_of_deg' depends on axioms: [propext,
info: Lib/AxiomAudit.lean:425:0: 'CategoryTheory.Triangulated.TStructure.coyonedaPostnikovFirstPageXIso_hom_apply_eq_of_indices' depends on axioms: [propext,
info: Lib/AxiomAudit.lean:427:0: 'CategoryTheory.Triangulated.TStructure.coyonedaPostnikovFirstPageXIso_hom_apply_eq_of_indices_assoc' depends on axioms: [propext,
info: Lib/AxiomAudit.lean:429:0: 'CategoryTheory.Triangulated.TStructure.coyonedaPostnikovD₂SourcePageIso' depends on axioms: [propext,
info: Lib/AxiomAudit.lean:431:0: 'CategoryTheory.Triangulated.TStructure.coyonedaPostnikovD₂TargetPageIso' depends on axioms: [propext,
info: Lib/AxiomAudit.lean:433:0: 'CategoryTheory.Triangulated.TStructure.coyonedaPostnikovE₂PageIso_two_eq_d₂Target_apply' depends on axioms: [propext,
info: Lib/AxiomAudit.lean:435:0: 'CategoryTheory.Triangulated.TStructure.coyonedaPostnikovD₂δ_eq' depends on axioms: [propext,
info: Lib/AxiomAudit.lean:437:0: 'CategoryTheory.Triangulated.TStructure.coyonedaPostnikovE₂_d₂_eq' depends on axioms: [propext,
info: Lib/AxiomAudit.lean:442:0: 'CategoryTheory.Pretriangulated.preadditiveCoyoneda_homologySequenceδ_reindex_apply' depends on axioms: [propext,
info: Lib/AxiomAudit.lean:444:0: 'CategoryTheory.Pretriangulated.preadditiveCoyoneda_homologySequenceδ_zero_apply' depends on axioms: [propext,
info: Lib/AxiomAudit.lean:446:0: 'CategoryTheory.Pretriangulated.triangleShift_mor₃' depends on axioms: [propext, Classical.choice, Quot.sound]
info: Lib/AxiomAudit.lean:448:0: 'CategoryTheory.Pretriangulated.triangleShift_mor₃_comp_shiftFunctorAdd_inv' depends on axioms: [propext,
info: Lib/AxiomAudit.lean:450:0: 'CategoryTheory.Pretriangulated.preadditiveCoyoneda_homologySequenceδ_shift_zero' depends on axioms: [propext,
info: Lib/AxiomAudit.lean:452:0: 'CategoryTheory.Pretriangulated.preadditiveCoyoneda_homologySequenceδ_shift_iso' depends on axioms: [propext,
info: Lib/AxiomAudit.lean:454:0: 'CategoryTheory.Pretriangulated.preadditiveCoyoneda_homologySequenceδ_shift_iso_of_eq' depends on axioms: [propext,
info: Lib/AxiomAudit.lean:459:0: 'DerivedCategory.homEquivCoyonedaHomologyOfIsKInjective' depends on axioms: [propext, Classical.choice, Quot.sound]
info: Lib/AxiomAudit.lean:464:0: 'DerivedCategory.isoSingleFunctorHomology' depends on axioms: [propext, Classical.choice, Quot.sound]
info: Lib/AxiomAudit.lean:466:0: 'DerivedCategory.isIso_homologyFunctor_map_truncLTι' depends on axioms: [propext, Classical.choice, Quot.sound]
info: Lib/AxiomAudit.lean:468:0: 'DerivedCategory.isIso_homologyFunctor_map_truncGEπ' depends on axioms: [propext, Classical.choice, Quot.sound]
info: Lib/AxiomAudit.lean:470:0: 'DerivedCategory.postnikovSliceHomologyIso' depends on axioms: [propext, Classical.choice, Quot.sound]
info: Lib/AxiomAudit.lean:472:0: 'DerivedCategory.postnikovSliceIso' depends on axioms: [propext, Classical.choice, Quot.sound]
info: Lib/AxiomAudit.lean:477:0: 'DerivedCategory.homologyFunctor_map_Q_commShiftIso_hom_comp_shiftIso' depends on axioms: [propext,
info: Lib/AxiomAudit.lean:479:0: 'DerivedCategory.homologyFunctor_map_Q_commShiftIso_hom_comp_shiftIso_assoc' depends on axioms: [propext,
info: Lib/AxiomAudit.lean:481:0: 'DerivedCategory.homologyFunctor_shiftIso_hom_comp_homologyFunctorFactors' depends on axioms: [propext,
info: Lib/AxiomAudit.lean:483:0: 'DerivedCategory.homologyFunctor_shiftIso_hom_comp_homologyFunctorFactors_assoc' depends on axioms: [propext,
info: Lib/AxiomAudit.lean:485:0: 'DerivedCategory.singleFunctorCompHomologyFunctorIso_shiftIso_hom_of_indices' depends on axioms: [propext,
info: Lib/AxiomAudit.lean:487:0: 'DerivedCategory.singleFunctorCompHomologyFunctorIso_shiftIso_hom_of_indices_assoc' depends on axioms: [propext,
info: Lib/AxiomAudit.lean:489:0: 'DerivedCategory.singleFunctorCompHomologyFunctorIso_shiftIso_hom' depends on axioms: [propext,
info: Lib/AxiomAudit.lean:491:0: 'DerivedCategory.homologyFunctor_map_isoSingleFunctorHomology_hom' depends on axioms: [propext,
info: Lib/AxiomAudit.lean:493:0: 'DerivedCategory.homologyFunctor_map_postnikovSliceIso_hom' depends on axioms: [propext, Classical.choice, Quot.sound]
info: Lib/AxiomAudit.lean:495:0: 'DerivedCategory.homologyFunctor_map_injective_singleFunctor' depends on axioms: [propext, Classical.choice, Quot.sound]
info: Lib/AxiomAudit.lean:497:0: 'DerivedCategory.homologyFunctor_map_injective_of_isGE_of_isLE' depends on axioms: [propext,
info: Lib/AxiomAudit.lean:499:0: 'DerivedCategory.isoSingleFunctorHomology_hom_naturality' depends on axioms: [propext, Classical.choice, Quot.sound]
info: Lib/AxiomAudit.lean:501:0: 'DerivedCategory.postnikovSliceHomologyIso_hom_naturality' depends on axioms: [propext, Classical.choice, Quot.sound]
info: Lib/AxiomAudit.lean:503:0: 'DerivedCategory.postnikovSliceIso_hom_naturality' depends on axioms: [propext, Classical.choice, Quot.sound]
info: Lib/AxiomAudit.lean:508:0: 'CochainComplex.isIso_ιTruncLE_f_of_lt' depends on axioms: [propext, Classical.choice, Quot.sound]
info: Lib/AxiomAudit.lean:510:0: 'CochainComplex.isIso_πTruncGE_f_of_lt' depends on axioms: [propext, Classical.choice, Quot.sound]
info: Lib/AxiomAudit.lean:512:0: 'DerivedCategory.truncationTriangleIso' depends on axioms: [propext, Classical.choice, Quot.sound]
info: Lib/AxiomAudit.lean:514:0: 'DerivedCategory.truncationTriangleIso_hom_hom₂' depends on axioms: [propext, Classical.choice, Quot.sound]
info: Lib/AxiomAudit.lean:516:0: 'DerivedCategory.truncationTriangleIso_hom_comm₃' depends on axioms: [propext, Classical.choice, Quot.sound]
info: Lib/AxiomAudit.lean:518:0: 'DerivedCategory.truncLTIsoQTruncLE' depends on axioms: [propext, Classical.choice, Quot.sound]
info: Lib/AxiomAudit.lean:520:0: 'DerivedCategory.truncGEIsoQTruncGE' depends on axioms: [propext, Classical.choice, Quot.sound]
info: Lib/AxiomAudit.lean:522:0: 'DerivedCategory.concreteTruncationδ' depends on axioms: [propext, Classical.choice, Quot.sound]
info: Lib/AxiomAudit.lean:524:0: 'DerivedCategory.truncLTIsoQTruncLE_hom_comp_ι' depends on axioms: [propext, Classical.choice, Quot.sound]
info: Lib/AxiomAudit.lean:526:0: 'DerivedCategory.truncGEπ_comp_truncGEIsoQTruncGE_hom' depends on axioms: [propext, Classical.choice, Quot.sound]
info: Lib/AxiomAudit.lean:528:0: 'DerivedCategory.concreteTruncationδ_eq' depends on axioms: [propext, Classical.choice, Quot.sound]
info: Lib/AxiomAudit.lean:533:0: 'CochainComplex.πTruncGE_f_boundary_generic' depends on axioms: [propext, Classical.choice, Quot.sound]
info: Lib/AxiomAudit.lean:535:0: 'CochainComplex.πTruncGE_f_interior_generic' depends on axioms: [propext, Classical.choice, Quot.sound]
info: Lib/AxiomAudit.lean:537:0: 'CochainComplex.πTruncGE_f_boundary' depends on axioms: [propext, Classical.choice, Quot.sound]
info: Lib/AxiomAudit.lean:539:0: 'CochainComplex.πTruncGE_f_interior' depends on axioms: [propext, Classical.choice, Quot.sound]
info: Lib/AxiomAudit.lean:541:0: 'CochainComplex.truncGE_d_fromOpcycles' depends on axioms: [propext, Classical.choice, Quot.sound]
info: Lib/AxiomAudit.lean:543:0: 'CochainComplex.ιTruncLE_f_boundary' depends on axioms: [propext, Classical.choice, Quot.sound]
info: Lib/AxiomAudit.lean:545:0: 'CochainComplex.adjacentTwoSlice' depends on axioms: [propext, Classical.choice, Quot.sound]
info: Lib/AxiomAudit.lean:547:0: 'CochainComplex.adjacentTwoSlice_d_eq' depends on axioms: [propext, Classical.choice, Quot.sound]
info: Lib/AxiomAudit.lean:549:0: 'CochainComplex.isIso_opcyclesMap_ιTruncLE' depends on axioms: [propext, Classical.choice, Quot.sound]
info: Lib/AxiomAudit.lean:551:0: 'CochainComplex.shiftedAdjacentTwoSlice' depends on axioms: [propext, Classical.choice, Quot.sound]
info: Lib/AxiomAudit.lean:553:0: 'CochainComplex.shiftedAdjacentTwoSlice_isZero_X' depends on axioms: [propext, Classical.choice, Quot.sound]
info: Lib/AxiomAudit.lean:555:0: 'CochainComplex.shiftedTwoSlicePointIsoNegOne' depends on axioms: [propext, Classical.choice, Quot.sound]
info: Lib/AxiomAudit.lean:557:0: 'CochainComplex.shiftedTwoSlicePointIsoZero' depends on axioms: [propext, Classical.choice, Quot.sound]
info: Lib/AxiomAudit.lean:559:0: 'CochainComplex.shiftedTwoSlicePointIso' depends on axioms: [propext, Classical.choice, Quot.sound]
info: Lib/AxiomAudit.lean:561:0: 'CochainComplex.shiftedAdjacentTwoSliceIsoTwoTerm' depends on axioms: [propext, Classical.choice, Quot.sound]
info: Lib/AxiomAudit.lean:563:0: 'CochainComplex.shiftedAdjacentTwoSliceIsoMappingCone' depends on axioms: [propext, Classical.choice, Quot.sound]
info: Lib/AxiomAudit.lean:568:0: 'DerivedCategory.postnikovTwoSliceIso' depends on axioms: [propext, Classical.choice, Quot.sound]
info: Lib/AxiomAudit.lean:570:0: 'DerivedCategory.triangleω₁δIsoAdjacentTwoSliceTriangle' depends on axioms: [propext, Classical.choice, Quot.sound]
info: Lib/AxiomAudit.lean:572:0: 'DerivedCategory.triangleω₁δIsoAdjacentTwoSliceTriangle_hom_hom₂' depends on axioms: [propext,
info: Lib/AxiomAudit.lean:577:0: 'DerivedCategory.shiftedPostnikovTwoSliceIso' depends on axioms: [propext, Classical.choice, Quot.sound]
info: Lib/AxiomAudit.lean:579:0: 'DerivedCategory.shiftedPostnikovAdjacentTriangle' depends on axioms: [propext, Classical.choice, Quot.sound]
info: Lib/AxiomAudit.lean:581:0: 'DerivedCategory.shiftedAdjacentTwoSliceTruncationTriangle' depends on axioms: [propext, Classical.choice, Quot.sound]
info: Lib/AxiomAudit.lean:583:0: 'DerivedCategory.shiftedAdjacentTwoSliceTruncationTriangleIsoConcrete' depends on axioms: [propext,
info: Lib/AxiomAudit.lean:585:0: 'DerivedCategory.shiftedAdjacentTwoSliceTruncationTriangleIsoConcrete_hom_hom₂' depends on axioms: [propext,
info: Lib/AxiomAudit.lean:587:0: 'DerivedCategory.shiftedPostnikovAdjacentTriangleIsoConcrete' depends on axioms: [propext, Classical.choice, Quot.sound]
info: Lib/AxiomAudit.lean:589:0: 'DerivedCategory.shiftedPostnikovAdjacentTriangleIsoConcrete_hom_hom₂' depends on axioms: [propext,
info: Lib/AxiomAudit.lean:591:0: 'DerivedCategory.shiftedPostnikovAdjacentTriangle_mor₃' depends on axioms: [propext, Classical.choice, Quot.sound]
info: Lib/AxiomAudit.lean:593:0: 'DerivedCategory.shiftedPostnikovAdjacentTriangleIsoConcrete_comm₃_signed' depends on axioms: [propext,
info: Lib/AxiomAudit.lean:598:0: 'DerivedCategory.shiftedPostnikovLowerEndpointIso' depends on axioms: [propext, Classical.choice, Quot.sound]
info: Lib/AxiomAudit.lean:600:0: 'DerivedCategory.postnikovUpperEndpointIso' depends on axioms: [propext, Classical.choice, Quot.sound]
info: Lib/AxiomAudit.lean:602:0: 'DerivedCategory.shiftedPostnikovUpperEndpointIso' depends on axioms: [propext, Classical.choice, Quot.sound]
info: Lib/AxiomAudit.lean:604:0: 'DerivedCategory.concreteLowerEndpointPostnikovIso' depends on axioms: [propext, Classical.choice, Quot.sound]
info: Lib/AxiomAudit.lean:606:0: 'DerivedCategory.concreteUpperEndpointPostnikovIso' depends on axioms: [propext, Classical.choice, Quot.sound]
info: Lib/AxiomAudit.lean:608:0: 'DerivedCategory.shiftedPostnikovAdjacentTriangleIsoConcrete_hom_hom₁_postnikov' depends on axioms: [propext,
info: Lib/AxiomAudit.lean:610:0: 'DerivedCategory.shiftedPostnikovAdjacentTriangleIsoConcrete_hom_hom₁_postnikov_assoc' depends on axioms: [propext,
info: Lib/AxiomAudit.lean:612:0: 'DerivedCategory.shiftedPostnikovAdjacentTriangleIsoConcrete_hom_hom₃_postnikov' depends on axioms: [propext,
info: Lib/AxiomAudit.lean:614:0: 'DerivedCategory.shiftedPostnikovAdjacentTriangleIsoConcrete_hom_hom₃_postnikov_assoc' depends on axioms: [propext,
info: Lib/AxiomAudit.lean:619:0: 'DerivedCategory.postnikovUpperCutoffIso' depends on axioms: [propext, Classical.choice, Quot.sound]
info: Lib/AxiomAudit.lean:621:0: 'DerivedCategory.homologyFunctor_map_postnikovUpperEndpointIso_hom' depends on axioms: [propext,
info: Lib/AxiomAudit.lean:623:0: 'DerivedCategory.adjacentTwoSliceUpperHomologyIso' depends on axioms: [propext, Classical.choice, Quot.sound]
info: Lib/AxiomAudit.lean:625:0: 'DerivedCategory.postnikovUpperRouteHomology' depends on axioms: [propext, Classical.choice, Quot.sound]
info: Lib/AxiomAudit.lean:628:0: 'LinearMap.RankOneNormalization' depends on axioms: [propext, Quot.sound]
info: Lib/AxiomAudit.lean:630:0: 'LinearMap.RankOneNormalization.mk' depends on axioms: [propext, Quot.sound]
info: Lib/AxiomAudit.lean:632:0: 'LinearMap.RankOneNormalization.source' depends on axioms: [propext, Quot.sound]
info: Lib/AxiomAudit.lean:634:0: 'LinearMap.RankOneNormalization.target' depends on axioms: [propext, Quot.sound]
info: Lib/AxiomAudit.lean:636:0: 'LinearMap.RankOneNormalization.normalized' depends on axioms: [propext, Quot.sound]
info: Lib/AxiomAudit.lean:638:0: 'LinearMap.RankOneNormalization.coefficient' depends on axioms: [propext, Quot.sound]
info: Lib/AxiomAudit.lean:640:0: 'LinearMap.RankOneNormalization.normalized_eq_lsmul' depends on axioms: [propext, Quot.sound]
info: Lib/AxiomAudit.lean:642:0: 'LinearMap.RankOneNormalization.map_eq_zero_iff' depends on axioms: [propext, Quot.sound]
info: Lib/AxiomAudit.lean:644:0: 'LinearMap.RankOneNormalization.map_ne_zero_iff' depends on axioms: [propext, Quot.sound]
info: Lib/AxiomAudit.lean:646:0: 'LinearMap.RankOneNormalization.injective_iff_coefficient_ne_zero' depends on axioms: [propext, Quot.sound]
info: Lib/AxiomAudit.lean:648:0: 'LinearMap.RankOneNormalization.injective_iff_ne_zero' depends on axioms: [propext, Quot.sound]
info: Lib/AxiomAudit.lean:650:0: 'LinearMap.RankOneNormalization.kernelEquivNormalized' depends on axioms: [propext, Quot.sound]
info: Lib/AxiomAudit.lean:652:0: 'LinearMap.RankOneNormalization.kernelEquiv' depends on axioms: [propext, Quot.sound]
info: Lib/AxiomAudit.lean:654:0: 'LinearMap.RankOneNormalization.cokernelEquivNormalized' depends on axioms: [propext, Classical.choice, Quot.sound]
info: Lib/AxiomAudit.lean:656:0: 'LinearMap.RankOneNormalization.cokernelEquiv' depends on axioms: [propext, Classical.choice, Quot.sound]
info: Lib/AxiomAudit.lean:658:0: 'LinearMap.RankOneNormalization.bijective_iff_isUnit' depends on axioms: [propext, Classical.choice, Quot.sound]
info: Lib/AxiomAudit.lean:661:0: 'ThreeColumnPage.Data' does not depend on any axioms
info: Lib/AxiomAudit.lean:663:0: 'ThreeColumnPage.Data.mk' depends on axioms: [propext, Quot.sound]
info: Lib/AxiomAudit.lean:665:0: 'ThreeColumnPage.Data.E' does not depend on any axioms
info: Lib/AxiomAudit.lean:667:0: 'ThreeColumnPage.Data.addCommGroup' does not depend on any axioms
info: Lib/AxiomAudit.lean:669:0: 'ThreeColumnPage.Data.module' does not depend on any axioms
info: Lib/AxiomAudit.lean:671:0: 'ThreeColumnPage.Data.differential' depends on axioms: [propext]
info: Lib/AxiomAudit.lean:673:0: 'ThreeColumnPage.Data.source' depends on axioms: [propext, Quot.sound]
info: Lib/AxiomAudit.lean:675:0: 'ThreeColumnPage.Data.target' depends on axioms: [propext, Quot.sound]
info: Lib/AxiomAudit.lean:677:0: 'ThreeColumnPage.Data.middle' depends on axioms: [propext]
info: Lib/AxiomAudit.lean:679:0: 'ThreeColumnPage.Data.ofCoefficients' depends on axioms: [propext, Quot.sound]
info: Lib/AxiomAudit.lean:681:0: 'ThreeColumnPage.Data.normalization' depends on axioms: [propext, Quot.sound]
info: Lib/AxiomAudit.lean:683:0: 'ThreeColumnPage.Data.coefficient' depends on axioms: [propext, Quot.sound]
info: Lib/AxiomAudit.lean:685:0: 'ThreeColumnPage.Data.ofCoefficients_coefficient' depends on axioms: [propext, Quot.sound]
info: Lib/AxiomAudit.lean:687:0: 'ThreeColumnPage.Data.Kernel' depends on axioms: [propext, Quot.sound]
info: Lib/AxiomAudit.lean:689:0: 'ThreeColumnPage.Data.Cokernel' depends on axioms: [propext, Classical.choice, Quot.sound]
info: Lib/AxiomAudit.lean:691:0: 'ThreeColumnPage.Data.kernelEquiv' depends on axioms: [propext, Quot.sound]
info: Lib/AxiomAudit.lean:693:0: 'ThreeColumnPage.Data.cokernelEquiv' depends on axioms: [propext, Classical.choice, Quot.sound]
info: Lib/AxiomAudit.lean:695:0: 'ThreeColumnPage.Data.differential_bijective_iff_isUnit' depends on axioms: [propext, Classical.choice, Quot.sound]
info: Lib/AxiomAudit.lean:697:0: 'ThreeColumnPage.Data.differential_injective_iff_ne_zero' depends on axioms: [propext, Quot.sound]
info: Lib/AxiomAudit.lean:700:0: 'ThreeColumnPage.FilteredAbutment' depends on axioms: [propext, Classical.choice, Quot.sound]
info: Lib/AxiomAudit.lean:702:0: 'ThreeColumnPage.FilteredAbutment.mk' depends on axioms: [propext, Classical.choice, Quot.sound]
info: Lib/AxiomAudit.lean:704:0: 'ThreeColumnPage.FilteredAbutment.H' depends on axioms: [propext, Classical.choice, Quot.sound]
info: Lib/AxiomAudit.lean:706:0: 'ThreeColumnPage.FilteredAbutment.addCommGroup' depends on axioms: [propext, Classical.choice, Quot.sound]
info: Lib/AxiomAudit.lean:708:0: 'ThreeColumnPage.FilteredAbutment.degreeOne' depends on axioms: [propext, Classical.choice, Quot.sound]
info: Lib/AxiomAudit.lean:710:0: 'ThreeColumnPage.FilteredAbutment.bottom' depends on axioms: [propext, Classical.choice, Quot.sound]
info: Lib/AxiomAudit.lean:712:0: 'ThreeColumnPage.FilteredAbutment.middle' depends on axioms: [propext, Classical.choice, Quot.sound]
info: Lib/AxiomAudit.lean:714:0: 'ThreeColumnPage.FilteredAbutment.bottom_le_middle' depends on axioms: [propext, Classical.choice, Quot.sound]
info: Lib/AxiomAudit.lean:716:0: 'ThreeColumnPage.FilteredAbutment.bottomGraded' depends on axioms: [propext, Classical.choice, Quot.sound]
info: Lib/AxiomAudit.lean:718:0: 'ThreeColumnPage.FilteredAbutment.middleGraded' depends on axioms: [propext, Classical.choice, Quot.sound]
info: Lib/AxiomAudit.lean:720:0: 'ThreeColumnPage.FilteredAbutment.topGraded' depends on axioms: [propext, Classical.choice, Quot.sound]
info: Lib/AxiomAudit.lean:722:0: 'ThreeColumnPage.FilteredAbutment.all_subsingleton_iff' depends on axioms: [propext, Classical.choice, Quot.sound]
info: Lib/AxiomAudit.lean:724:0: 'ThreeColumnPage.FilteredAbutment.all_subsingleton_iff_isUnit_of_coefficients_eq' depends on axioms: [propext,
info: Lib/AxiomAudit.lean:727:0: 'ThreeColumnPage.LowerDifferentialsBijectiveAndNeZero' depends on axioms: [propext, Quot.sound]
info: Lib/AxiomAudit.lean:729:0: 'ThreeColumnPage.Data.lowerDifferentialsBijectiveAndNeZero_iff_coefficients' depends on axioms: [propext,
info: Lib/AxiomAudit.lean:731:0: 'ThreeColumnPage.Data.lowerDifferentialsBijectiveAndNeZero_iff_isUnit_of_coefficients_eq' depends on axioms: [propext,
info: Lib/AxiomAudit.lean:733:0: 'ThreeColumnPage.Data.lowerDifferentialsBijectiveAndNeZero_iff_injective' depends on axioms: [propext, Quot.sound]
info: Lib/AxiomAudit.lean:735:0: 'ThreeColumnPage.Data.lowerDifferentialsBijectiveAndNeZero_iff_all_subsingleton' depends on axioms: [propext,
info: Lib/AxiomAudit.lean:740:0: 'CategoryTheory.SpectralSequence.NatLowerEdge.mono_d₂_zeroOne_twoZero_of_isZero_pageFour' depends on axioms: [propext,
info: Lib/AxiomAudit.lean:742:0: 'CategoryTheory.SpectralSequence.NatLowerEdge.epi_d₂_zeroOne_twoZero_of_isZero_pageFour' depends on axioms: [propext,
info: Lib/AxiomAudit.lean:744:0: 'CategoryTheory.SpectralSequence.NatLowerEdge.mono_d₂_zeroTwo_twoOne_of_isZero_pageFour' depends on axioms: [propext,
info: Lib/AxiomAudit.lean:746:0: 'CategoryTheory.SpectralSequence.NatLowerEdge.epi_d₂_zeroTwo_twoOne_of_isZero_pageFour' depends on axioms: [propext,
info: Lib/AxiomAudit.lean:748:0: 'CategoryTheory.SpectralSequence.NatLowerEdge.isIso_d₂_zeroTwo_twoOne_of_isZero_pageFour' depends on axioms: [propext,
info: Lib/AxiomAudit.lean:750:0: 'CategoryTheory.SpectralSequence.NatLowerEdge.mono_d₂_zeroThree_twoTwo_of_isZero_pageFive' depends on axioms: [propext,
info: Lib/AxiomAudit.lean:752:0: 'CategoryTheory.SpectralSequence.NatLowerEdge.epi_d₂_zeroThree_twoTwo_of_isZero_pageFour' depends on axioms: [propext,
info: Lib/AxiomAudit.lean:754:0: 'CategoryTheory.SpectralSequence.NatLowerEdge.isIso_d₂_zeroThree_twoTwo_of_isZero_pageFour_pageFive' depends on axioms: [propext,
info: Lib/AxiomAudit.lean:756:0: 'CategoryTheory.SpectralSequence.NatLowerEdge.pageTwoOneOneIsoPageThree' depends on axioms: [propext,
info: Lib/AxiomAudit.lean:758:0: 'CategoryTheory.SpectralSequence.NatLowerEdge.isZero_pageTwo_oneOne_of_isZero_pageThree' depends on axioms: [propext,
info: Lib/AxiomAudit.lean:761:0: 'CategoryTheory.SpectralSequence.NatLowerEdge.pageTwoOneTwoIsoPageThree' depends on axioms: [propext,
info: Lib/AxiomAudit.lean:763:0: 'CategoryTheory.SpectralSequence.NatLowerEdge.pageThreeOneTwoIsoPageFour' depends on axioms: [propext,
info: Lib/AxiomAudit.lean:765:0: 'CategoryTheory.SpectralSequence.NatLowerEdge.pageTwoOneTwoIsoPageFour' depends on axioms: [propext,
info: Lib/AxiomAudit.lean:767:0: 'CategoryTheory.SpectralSequence.NatLowerEdge.isZero_pageTwo_oneTwo_of_isZero_pageFour' depends on axioms: [propext,
info: Lib/AxiomAudit.lean:772:0: 'ThreeColumnSpectralSequence.Raw' depends on axioms: [propext, Classical.choice, Quot.sound]
info: Lib/AxiomAudit.lean:774:0: 'ThreeColumnSpectralSequence.Raw.mk' depends on axioms: [propext, Classical.choice, Quot.sound]
info: Lib/AxiomAudit.lean:776:0: 'ThreeColumnSpectralSequence.Raw.spectralSequence' depends on axioms: [propext, Classical.choice, Quot.sound]
info: Lib/AxiomAudit.lean:778:0: 'ThreeColumnSpectralSequence.Raw.isZero_E₂_of_three_le' depends on axioms: [propext, Classical.choice, Quot.sound]
info: Lib/AxiomAudit.lean:780:0: 'ThreeColumnSpectralSequence.Raw.E' depends on axioms: [propext, Classical.choice, Quot.sound]
info: Lib/AxiomAudit.lean:782:0: 'ThreeColumnSpectralSequence.Raw.E₂' depends on axioms: [propext, Classical.choice, Quot.sound]
info: Lib/AxiomAudit.lean:784:0: 'ThreeColumnSpectralSequence.Raw.d₂' depends on axioms: [propext, Classical.choice, Quot.sound]
info: Lib/AxiomAudit.lean:786:0: 'ThreeColumnSpectralSequence.Raw.Einf' depends on axioms: [propext, Classical.choice, Quot.sound]
info: Lib/AxiomAudit.lean:788:0: 'ThreeColumnSpectralSequence.Raw.offsetPage' depends on axioms: [propext, Classical.choice, Quot.sound]
info: Lib/AxiomAudit.lean:790:0: 'ThreeColumnSpectralSequence.Raw.isZero_offsetPage_of_three_le' depends on axioms: [propext,
info: Lib/AxiomAudit.lean:792:0: 'ThreeColumnSpectralSequence.Raw.middle_dTo_eq_zero' depends on axioms: [propext, Classical.choice, Quot.sound]
info: Lib/AxiomAudit.lean:794:0: 'ThreeColumnSpectralSequence.Raw.middle_dFrom_eq_zero' depends on axioms: [propext, Classical.choice, Quot.sound]
info: Lib/AxiomAudit.lean:796:0: 'ThreeColumnSpectralSequence.Raw.middlePageSuccIso' depends on axioms: [propext, Classical.choice, Quot.sound]
info: Lib/AxiomAudit.lean:798:0: 'ThreeColumnSpectralSequence.Raw.middlePageIso' depends on axioms: [propext, Classical.choice, Quot.sound]
info: Lib/AxiomAudit.lean:800:0: 'ThreeColumnSpectralSequence.Raw.middlePermanenceIso' depends on axioms: [propext, Classical.choice, Quot.sound]
info: Lib/AxiomAudit.lean:802:0: 'ThreeColumnSpectralSequence.Raw.stable_dTo_eq_zero' depends on axioms: [propext, Classical.choice, Quot.sound]
info: Lib/AxiomAudit.lean:804:0: 'ThreeColumnSpectralSequence.Raw.stable_dFrom_eq_zero' depends on axioms: [propext, Classical.choice, Quot.sound]
info: Lib/AxiomAudit.lean:806:0: 'ThreeColumnSpectralSequence.Raw.stablePageSuccIso' depends on axioms: [propext, Classical.choice, Quot.sound]
info: Lib/AxiomAudit.lean:808:0: 'ThreeColumnSpectralSequence.Raw.stablePageIso' depends on axioms: [propext, Classical.choice, Quot.sound]
info: Lib/AxiomAudit.lean:811:0: 'ThreeColumnSpectralSequence.FiniteFiltration' depends on axioms: [propext, Quot.sound]
info: Lib/AxiomAudit.lean:813:0: 'ThreeColumnSpectralSequence.FiniteFiltration.mk' depends on axioms: [propext, Quot.sound]
info: Lib/AxiomAudit.lean:815:0: 'ThreeColumnSpectralSequence.FiniteFiltration.step' depends on axioms: [propext, Quot.sound]
info: Lib/AxiomAudit.lean:817:0: 'ThreeColumnSpectralSequence.FiniteFiltration.step_zero' depends on axioms: [propext, Quot.sound]
info: Lib/AxiomAudit.lean:819:0: 'ThreeColumnSpectralSequence.FiniteFiltration.step_three' depends on axioms: [propext, Quot.sound]
info: Lib/AxiomAudit.lean:821:0: 'ThreeColumnSpectralSequence.FiniteFiltration.GradedPiece' depends on axioms: [propext, Classical.choice, Quot.sound]
info: Lib/AxiomAudit.lean:824:0: 'ThreeColumnSpectralSequence.Convergence' depends on axioms: [propext, Classical.choice, Quot.sound]
info: Lib/AxiomAudit.lean:826:0: 'ThreeColumnSpectralSequence.Convergence.mk' depends on axioms: [propext, Classical.choice, Quot.sound]
info: Lib/AxiomAudit.lean:828:0: 'ThreeColumnSpectralSequence.Convergence.H' depends on axioms: [propext, Classical.choice, Quot.sound]
info: Lib/AxiomAudit.lean:830:0: 'ThreeColumnSpectralSequence.Convergence.addCommGroup' depends on axioms: [propext, Classical.choice, Quot.sound]
info: Lib/AxiomAudit.lean:832:0: 'ThreeColumnSpectralSequence.Convergence.module' depends on axioms: [propext, Classical.choice, Quot.sound]
info: Lib/AxiomAudit.lean:834:0: 'ThreeColumnSpectralSequence.Convergence.filtration' depends on axioms: [propext, Classical.choice, Quot.sound]
info: Lib/AxiomAudit.lean:836:0: 'ThreeColumnSpectralSequence.Convergence.gradedIso' depends on axioms: [propext, Classical.choice, Quot.sound]
info: Lib/AxiomAudit.lean:838:0: 'ThreeColumnSpectralSequence.Convergence.Einf_subsingleton' depends on axioms: [propext, Classical.choice, Quot.sound]
info: Lib/AxiomAudit.lean:840:0: 'ThreeColumnSpectralSequence.Convergence.middle_E₂_subsingleton' depends on axioms: [propext,
info: Lib/AxiomAudit.lean:845:0: 'ThreeColumnSpectralSequence.OuterNormalization' depends on axioms: [propext, Classical.choice, Quot.sound]
info: Lib/AxiomAudit.lean:847:0: 'ThreeColumnSpectralSequence.OuterNormalization.mk' depends on axioms: [propext, Classical.choice, Quot.sound]
info: Lib/AxiomAudit.lean:849:0: 'ThreeColumnSpectralSequence.OuterNormalization.source' depends on axioms: [propext, Classical.choice, Quot.sound]
info: Lib/AxiomAudit.lean:851:0: 'ThreeColumnSpectralSequence.OuterNormalization.target' depends on axioms: [propext, Classical.choice, Quot.sound]
info: Lib/AxiomAudit.lean:853:0: 'ThreeColumnSpectralSequence.Convergence.toThreeColumnPageData' depends on axioms: [propext,
info: Lib/AxiomAudit.lean:855:0: 'ThreeColumnSpectralSequence.Convergence.toThreeColumnPageData_E' depends on axioms: [propext,
info: Lib/AxiomAudit.lean:857:0: 'ThreeColumnSpectralSequence.Convergence.toThreeColumnPageData_differential' depends on axioms: [propext,
info: Lib/AxiomAudit.lean:859:0: 'ThreeColumnSpectralSequence.Convergence.toThreeColumnPageData_source' depends on axioms: [propext,
info: Lib/AxiomAudit.lean:861:0: 'ThreeColumnSpectralSequence.Convergence.toThreeColumnPageData_target' depends on axioms: [propext,
info: Lib/AxiomAudit.lean:866:0: 'ThreeColumnSpectralSequence.Raw.left_dTo_eq_zero' depends on axioms: [propext, Classical.choice, Quot.sound]
info: Lib/AxiomAudit.lean:868:0: 'ThreeColumnSpectralSequence.Raw.right_dFrom_eq_zero' depends on axioms: [propext, Classical.choice, Quot.sound]
info: Lib/AxiomAudit.lean:870:0: 'ThreeColumnSpectralSequence.Raw.d₂_injective_of_subsingleton_Einf' depends on axioms: [propext,
info: Lib/AxiomAudit.lean:872:0: 'ThreeColumnSpectralSequence.Raw.d₂_surjective_of_subsingleton_Einf' depends on axioms: [propext,
info: Lib/AxiomAudit.lean:874:0: 'ThreeColumnSpectralSequence.Convergence.d₂_injective_of_subsingleton' depends on axioms: [propext,
info: Lib/AxiomAudit.lean:876:0: 'ThreeColumnSpectralSequence.Convergence.d₂_surjective_of_subsingleton' depends on axioms: [propext,
info: Lib/AxiomAudit.lean:878:0: 'ThreeColumnSpectralSequence.Convergence.d₂_bijective_of_subsingleton' depends on axioms: [propext,
info: Lib/AxiomAudit.lean:880:0: 'ThreeColumnSpectralSequence.Convergence.sourceNormalizationOfTarget' depends on axioms: [propext,
info: Lib/AxiomAudit.lean:882:0: 'ThreeColumnSpectralSequence.Convergence.targetNormalizationOfSource' depends on axioms: [propext,
info: Lib/AxiomAudit.lean:884:0: 'ThreeColumnSpectralSequence.Convergence.outerNormalizationOfAlternatingCoordinates' depends on axioms: [propext,
info: Lib/AxiomAudit.lean:886:0: 'ThreeColumnSpectralSequence.Convergence.lowerDifferentialsBijectiveAndNeZero' depends on axioms: [propext,
info: Lib/AxiomAudit.lean:891:0: 'FundamentalGroup.map_bijective_of_homotopyEquiv' depends on axioms: [propext, Classical.choice, Quot.sound]
info: Lib/AxiomAudit.lean:893:0: 'FundamentalGroup.mulEquivOfHomotopyEquiv' depends on axioms: [propext, Classical.choice, Quot.sound]
info: Lib/AxiomAudit.lean:896:0: 'Path.trans_mem' depends on axioms: [propext, Classical.choice, Quot.sound]
info: Lib/AxiomAudit.lean:898:0: 'FundamentalGroup.VanKampen.Cocone.subpath_mem_of_mem_Icc' depends on axioms: [propext, Classical.choice, Quot.sound]
info: Lib/AxiomAudit.lean:900:0: 'FundamentalGroup.VanKampen.Cocone.LocalPathValue' depends on axioms: [propext, Classical.choice, Quot.sound]
info: Lib/AxiomAudit.lean:902:0: 'FundamentalGroup.VanKampen.Cocone.LocalPathValue.mk' depends on axioms: [propext, Classical.choice, Quot.sound]
info: Lib/AxiomAudit.lean:904:0: 'FundamentalGroup.VanKampen.Cocone.LocalPathValue.value' depends on axioms: [propext, Classical.choice, Quot.sound]
info: Lib/AxiomAudit.lean:906:0: 'FundamentalGroup.VanKampen.Cocone.LocalPathValue.refl' depends on axioms: [propext, Classical.choice, Quot.sound]
info: Lib/AxiomAudit.lean:908:0: 'FundamentalGroup.VanKampen.Cocone.LocalPathValue.trans' depends on axioms: [propext, Classical.choice, Quot.sound]
info: Lib/AxiomAudit.lean:910:0: 'FundamentalGroup.VanKampen.Cocone.LocalPathValue.subpath_mul' depends on axioms: [propext,
info: Lib/AxiomAudit.lean:912:0: 'FundamentalGroup.VanKampen.Cocone.LocalPathValue.compatible' depends on axioms: [propext, Classical.choice, Quot.sound]
info: Lib/AxiomAudit.lean:914:0: 'FundamentalGroup.VanKampen.Cocone.LocalPathValue.value_cast' depends on axioms: [propext, Classical.choice, Quot.sound]
info: Lib/AxiomAudit.lean:916:0: 'FundamentalGroup.VanKampen.Cocone.LocalPathValue.HomotopyInvariant' depends on axioms: [propext,
info: Lib/AxiomAudit.lean:918:0: 'FundamentalGroup.VanKampen.Cocone.PathValue' depends on axioms: [propext, Classical.choice, Quot.sound]
info: Lib/AxiomAudit.lean:920:0: 'FundamentalGroup.VanKampen.Cocone.PathValue.mk' depends on axioms: [propext, Classical.choice, Quot.sound]
info: Lib/AxiomAudit.lean:922:0: 'FundamentalGroup.VanKampen.Cocone.PathValue.value' depends on axioms: [propext, Classical.choice, Quot.sound]
info: Lib/AxiomAudit.lean:924:0: 'FundamentalGroup.VanKampen.Cocone.PathValue.refl' depends on axioms: [propext, Classical.choice, Quot.sound]
info: Lib/AxiomAudit.lean:926:0: 'FundamentalGroup.VanKampen.Cocone.PathValue.trans' depends on axioms: [propext, Classical.choice, Quot.sound]
info: Lib/AxiomAudit.lean:928:0: 'FundamentalGroup.VanKampen.Cocone.PathValue.subpath_mul' depends on axioms: [propext, Classical.choice, Quot.sound]
info: Lib/AxiomAudit.lean:930:0: 'FundamentalGroup.VanKampen.Cocone.PathValue.value_cast' depends on axioms: [propext, Classical.choice, Quot.sound]
info: Lib/AxiomAudit.lean:932:0: 'FundamentalGroup.VanKampen.Cocone.PathValue.value_subpath_zero_one' depends on axioms: [propext,
info: Lib/AxiomAudit.lean:934:0: 'FundamentalGroup.VanKampen.Cocone.PathValue.Extends' depends on axioms: [propext, Classical.choice, Quot.sound]
info: Lib/AxiomAudit.lean:936:0: 'FundamentalGroup.VanKampen.Cocone.PathValue.HomotopyInvariant' depends on axioms: [propext,
info: Lib/AxiomAudit.lean:938:0: 'FundamentalGroup.VanKampen.Cocone.TwoOpenCover' depends on axioms: [propext, Classical.choice, Quot.sound]
info: Lib/AxiomAudit.lean:940:0: 'FundamentalGroup.VanKampen.Cocone.TwoOpenCover.mk' depends on axioms: [propext, Classical.choice, Quot.sound]
info: Lib/AxiomAudit.lean:942:0: 'FundamentalGroup.VanKampen.Cocone.TwoOpenCover.U' depends on axioms: [propext, Classical.choice, Quot.sound]
info: Lib/AxiomAudit.lean:944:0: 'FundamentalGroup.VanKampen.Cocone.TwoOpenCover.V' depends on axioms: [propext, Classical.choice, Quot.sound]
info: Lib/AxiomAudit.lean:946:0: 'FundamentalGroup.VanKampen.Cocone.TwoOpenCover.cover' depends on axioms: [propext, Classical.choice, Quot.sound]
info: Lib/AxiomAudit.lean:948:0: 'FundamentalGroup.VanKampen.Cocone.TwoOpenCover.pathConnectedU' depends on axioms: [propext,
info: Lib/AxiomAudit.lean:950:0: 'FundamentalGroup.VanKampen.Cocone.TwoOpenCover.pathConnectedV' depends on axioms: [propext,
info: Lib/AxiomAudit.lean:952:0: 'FundamentalGroup.VanKampen.Cocone.TwoOpenCover.pathConnectedIntersection' depends on axioms: [propext,
info: Lib/AxiomAudit.lean:954:0: 'FundamentalGroup.VanKampen.Cocone.TwoOpenCover.base' depends on axioms: [propext, Classical.choice, Quot.sound]
info: Lib/AxiomAudit.lean:956:0: 'FundamentalGroup.VanKampen.Cocone.TwoOpenCover.baseU' depends on axioms: [propext, Classical.choice, Quot.sound]
info: Lib/AxiomAudit.lean:958:0: 'FundamentalGroup.VanKampen.Cocone.TwoOpenCover.baseV' depends on axioms: [propext, Classical.choice, Quot.sound]
info: Lib/AxiomAudit.lean:960:0: 'FundamentalGroup.VanKampen.Cocone.TwoOpenCover.chart' depends on axioms: [propext, Classical.choice, Quot.sound]
info: Lib/AxiomAudit.lean:962:0: 'FundamentalGroup.VanKampen.Cocone.TwoOpenCover.base_mem_chart' depends on axioms: [propext,
info: Lib/AxiomAudit.lean:964:0: 'FundamentalGroup.VanKampen.Cocone.TwoOpenCover.chart_open' depends on axioms: [propext, Classical.choice, Quot.sound]
info: Lib/AxiomAudit.lean:966:0: 'FundamentalGroup.VanKampen.Cocone.TwoOpenCover.chart_cover' depends on axioms: [propext, Classical.choice, Quot.sound]
info: Lib/AxiomAudit.lean:968:0: 'FundamentalGroup.VanKampen.Cocone.TwoOpenCover.mem_U_or_V' depends on axioms: [propext, Classical.choice, Quot.sound]
info: Lib/AxiomAudit.lean:970:0: 'FundamentalGroup.VanKampen.Cocone.TwoOpenCover.rawPathTo' depends on axioms: [propext, Classical.choice, Quot.sound]
info: Lib/AxiomAudit.lean:972:0: 'FundamentalGroup.VanKampen.Cocone.TwoOpenCover.rawPathTo_mem' depends on axioms: [propext,
info: Lib/AxiomAudit.lean:974:0: 'FundamentalGroup.VanKampen.Cocone.TwoOpenCover.pathTo' depends on axioms: [propext, Classical.choice, Quot.sound]
info: Lib/AxiomAudit.lean:976:0: 'FundamentalGroup.VanKampen.Cocone.TwoOpenCover.pathTo_base' depends on axioms: [propext, Classical.choice, Quot.sound]
info: Lib/AxiomAudit.lean:978:0: 'FundamentalGroup.VanKampen.Cocone.TwoOpenCover.pathTo_mem' depends on axioms: [propext, Classical.choice, Quot.sound]
info: Lib/AxiomAudit.lean:980:0: 'FundamentalGroup.VanKampen.Cocone.TwoOpenCover.overlap' depends on axioms: [propext, Classical.choice, Quot.sound]
info: Lib/AxiomAudit.lean:982:0: 'FundamentalGroup.VanKampen.Cocone.TwoOpenCover.baseUPoint' depends on axioms: [propext, Classical.choice, Quot.sound]
info: Lib/AxiomAudit.lean:984:0: 'FundamentalGroup.VanKampen.Cocone.TwoOpenCover.baseVPoint' depends on axioms: [propext, Classical.choice, Quot.sound]
info: Lib/AxiomAudit.lean:986:0: 'FundamentalGroup.VanKampen.Cocone.TwoOpenCover.baseOverlapPoint' depends on axioms: [propext,
info: Lib/AxiomAudit.lean:988:0: 'FundamentalGroup.VanKampen.Cocone.TwoOpenCover.baseChart' depends on axioms: [propext, Classical.choice, Quot.sound]
info: Lib/AxiomAudit.lean:990:0: 'FundamentalGroup.VanKampen.Cocone.TwoOpenCover.UGroup' depends on axioms: [propext, Classical.choice, Quot.sound]
info: Lib/AxiomAudit.lean:992:0: 'FundamentalGroup.VanKampen.Cocone.TwoOpenCover.VGroup' depends on axioms: [propext, Classical.choice, Quot.sound]
info: Lib/AxiomAudit.lean:994:0: 'FundamentalGroup.VanKampen.Cocone.TwoOpenCover.OverlapGroup' depends on axioms: [propext, Classical.choice, Quot.sound]
info: Lib/AxiomAudit.lean:996:0: 'FundamentalGroup.VanKampen.Cocone.TwoOpenCover.overlapToU' depends on axioms: [propext, Classical.choice, Quot.sound]
info: Lib/AxiomAudit.lean:998:0: 'FundamentalGroup.VanKampen.Cocone.TwoOpenCover.overlapToV' depends on axioms: [propext, Classical.choice, Quot.sound]
info: Lib/AxiomAudit.lean:1000:0: 'FundamentalGroup.VanKampen.Cocone.TwoOpenCover.inclusionU' depends on axioms: [propext, Classical.choice, Quot.sound]
info: Lib/AxiomAudit.lean:1002:0: 'FundamentalGroup.VanKampen.Cocone.TwoOpenCover.inclusionV' depends on axioms: [propext, Classical.choice, Quot.sound]
info: Lib/AxiomAudit.lean:1004:0: 'FundamentalGroup.VanKampen.Cocone.TwoOpenCover.overlapHomU' depends on axioms: [propext, Classical.choice, Quot.sound]
info: Lib/AxiomAudit.lean:1006:0: 'FundamentalGroup.VanKampen.Cocone.TwoOpenCover.overlapHomV' depends on axioms: [propext, Classical.choice, Quot.sound]
info: Lib/AxiomAudit.lean:1008:0: 'FundamentalGroup.VanKampen.Cocone.TwoOpenCover.inclusionHomU' depends on axioms: [propext,
info: Lib/AxiomAudit.lean:1010:0: 'FundamentalGroup.VanKampen.Cocone.TwoOpenCover.inclusionHomV' depends on axioms: [propext,
info: Lib/AxiomAudit.lean:1012:0: 'FundamentalGroup.VanKampen.Cocone.TwoOpenCover.inclusionHom_compatible' depends on axioms: [propext,
info: Lib/AxiomAudit.lean:1014:0: 'FundamentalGroup.VanKampen.Cocone.TwoOpenCover.Compatible' depends on axioms: [propext, Classical.choice, Quot.sound]
info: Lib/AxiomAudit.lean:1016:0: 'FundamentalGroup.VanKampen.Cocone.pathIn' depends on axioms: [propext, Classical.choice, Quot.sound]
info: Lib/AxiomAudit.lean:1018:0: 'FundamentalGroup.VanKampen.Cocone.pathIn_apply' depends on axioms: [propext, Classical.choice, Quot.sound]
info: Lib/AxiomAudit.lean:1020:0: 'FundamentalGroup.VanKampen.Cocone.pathIn_map' depends on axioms: [propext, Classical.choice, Quot.sound]
info: Lib/AxiomAudit.lean:1022:0: 'FundamentalGroup.VanKampen.Cocone.pathIn_refl' depends on axioms: [propext, Classical.choice, Quot.sound]
info: Lib/AxiomAudit.lean:1024:0: 'FundamentalGroup.VanKampen.Cocone.pathIn_trans' depends on axioms: [propext, Classical.choice, Quot.sound]
info: Lib/AxiomAudit.lean:1026:0: 'FundamentalGroup.VanKampen.Cocone.homotopyIn' depends on axioms: [propext, Classical.choice, Quot.sound]
info: Lib/AxiomAudit.lean:1028:0: 'FundamentalGroup.VanKampen.Cocone.homotopy_trans_mem' depends on axioms: [propext, Classical.choice, Quot.sound]
info: Lib/AxiomAudit.lean:1030:0: 'FundamentalGroup.VanKampen.Cocone.homotopy_transRefl_mem' depends on axioms: [propext, Classical.choice, Quot.sound]
info: Lib/AxiomAudit.lean:1032:0: 'FundamentalGroup.VanKampen.Cocone.homotopy_subpathTransSubpathRefl_mem' depends on axioms: [propext,
info: Lib/AxiomAudit.lean:1034:0: 'FundamentalGroup.VanKampen.Cocone.homotopy_subpathTransSubpath_mem' depends on axioms: [propext,
info: Lib/AxiomAudit.lean:1036:0: 'FundamentalGroup.VanKampen.Cocone.mem_Icc_of_subpath_mem' depends on axioms: [propext, Classical.choice, Quot.sound]
info: Lib/AxiomAudit.lean:1038:0: 'FundamentalGroup.VanKampen.Cocone.subpathTransSubpathIn' depends on axioms: [propext, Classical.choice, Quot.sound]
info: Lib/AxiomAudit.lean:1040:0: 'FundamentalGroup.VanKampen.Cocone.PathClass.pathClass_property_cast' depends on axioms: [propext,
info: Lib/AxiomAudit.lean:1042:0: 'FundamentalGroup.VanKampen.Cocone.PathClass.pathClass_induction_of_open_cover' depends on axioms: [propext,
info: Lib/AxiomAudit.lean:1044:0: 'FundamentalGroup.VanKampen.Cocone.PathClass.quotient_symm_trans_cancel' depends on axioms: [propext,
info: Lib/AxiomAudit.lean:1046:0: 'FundamentalGroup.VanKampen.Cocone.PathClass.quotient_trans_right_cancel' depends on axioms: [propext,
info: Lib/AxiomAudit.lean:1048:0: 'FundamentalGroup.VanKampen.Cocone.PathClass.basedLoop' depends on axioms: [propext, Classical.choice, Quot.sound]
info: Lib/AxiomAudit.lean:1050:0: 'FundamentalGroup.VanKampen.Cocone.PathClass.pathDifference' depends on axioms: [propext, Classical.choice, Quot.sound]
info: Lib/AxiomAudit.lean:1052:0: 'FundamentalGroup.VanKampen.Cocone.PathClass.basedLoop_refl' depends on axioms: [propext, Classical.choice, Quot.sound]
info: Lib/AxiomAudit.lean:1054:0: 'FundamentalGroup.VanKampen.Cocone.PathClass.basedLoop_trans' depends on axioms: [propext, Classical.choice, Quot.sound]
info: Lib/AxiomAudit.lean:1056:0: 'FundamentalGroup.VanKampen.Cocone.PathClass.basedLoop_comparison' depends on axioms: [propext,
info: Lib/AxiomAudit.lean:1058:0: 'FundamentalGroup.VanKampen.Cocone.TwoOpenCover.hom_ext' depends on axioms: [propext, Classical.choice, Quot.sound]
info: Lib/AxiomAudit.lean:1063:0: 'FundamentalGroup.VanKampen.Cocone.TwoSimplyConnectedCover' depends on axioms: [propext, Classical.choice, Quot.sound]
info: Lib/AxiomAudit.lean:1065:0: 'FundamentalGroup.VanKampen.Cocone.TwoSimplyConnectedCover.mk' depends on axioms: [propext,
info: Lib/AxiomAudit.lean:1067:0: 'FundamentalGroup.VanKampen.Cocone.TwoSimplyConnectedCover.U' depends on axioms: [propext, Classical.choice, Quot.sound]
info: Lib/AxiomAudit.lean:1069:0: 'FundamentalGroup.VanKampen.Cocone.TwoSimplyConnectedCover.V' depends on axioms: [propext, Classical.choice, Quot.sound]
info: Lib/AxiomAudit.lean:1071:0: 'FundamentalGroup.VanKampen.Cocone.TwoSimplyConnectedCover.cover' depends on axioms: [propext,
info: Lib/AxiomAudit.lean:1073:0: 'FundamentalGroup.VanKampen.Cocone.TwoSimplyConnectedCover.simplyU' depends on axioms: [propext,
info: Lib/AxiomAudit.lean:1075:0: 'FundamentalGroup.VanKampen.Cocone.TwoSimplyConnectedCover.simplyV' depends on axioms: [propext,
info: Lib/AxiomAudit.lean:1077:0: 'FundamentalGroup.VanKampen.Cocone.TwoSimplyConnectedCover.base' depends on axioms: [propext,
info: Lib/AxiomAudit.lean:1079:0: 'FundamentalGroup.VanKampen.Cocone.TwoSimplyConnectedCover.baseU' depends on axioms: [propext,
info: Lib/AxiomAudit.lean:1081:0: 'FundamentalGroup.VanKampen.Cocone.TwoSimplyConnectedCover.baseV' depends on axioms: [propext,
info: Lib/AxiomAudit.lean:1083:0: 'FundamentalGroup.VanKampen.Cocone.TwoSimplyConnectedCover.rec' depends on axioms: [propext,
info: Lib/AxiomAudit.lean:1085:0: 'FundamentalGroup.VanKampen.Cocone.TwoSimplyConnectedCover.recOn' depends on axioms: [propext,
info: Lib/AxiomAudit.lean:1087:0: 'FundamentalGroup.VanKampen.Cocone.TwoSimplyConnectedCover.casesOn' depends on axioms: [propext,
info: Lib/AxiomAudit.lean:1089:0: 'FundamentalGroup.VanKampen.Cocone.paths_homotopic_of_mem' depends on axioms: [propext, Classical.choice, Quot.sound]
info: Lib/AxiomAudit.lean:1091:0: 'FundamentalGroup.VanKampen.Cocone.TwoSimplyConnectedCover.pathU' depends on axioms: [propext,
info: Lib/AxiomAudit.lean:1093:0: 'FundamentalGroup.VanKampen.Cocone.TwoSimplyConnectedCover.pathV' depends on axioms: [propext,
info: Lib/AxiomAudit.lean:1095:0: 'FundamentalGroup.VanKampen.Cocone.TwoSimplyConnectedCover.pathU_mem' depends on axioms: [propext,
info: Lib/AxiomAudit.lean:1097:0: 'FundamentalGroup.VanKampen.Cocone.TwoSimplyConnectedCover.pathV_mem' depends on axioms: [propext,
info: Lib/AxiomAudit.lean:1099:0: 'FundamentalGroup.VanKampen.Cocone.TwoSimplyConnectedCover.pathU_trans' depends on axioms: [propext,
info: Lib/AxiomAudit.lean:1101:0: 'FundamentalGroup.VanKampen.Cocone.TwoSimplyConnectedCover.pathV_trans' depends on axioms: [propext,
info: Lib/AxiomAudit.lean:1103:0: 'FundamentalGroup.VanKampen.Cocone.TwoSimplyConnectedCover.switchClass' depends on axioms: [propext,
info: Lib/AxiomAudit.lean:1105:0: 'FundamentalGroup.VanKampen.Cocone.TwoSimplyConnectedCover.switchClass_eq_of_joinedIn' depends on axioms: [propext,
info: Lib/AxiomAudit.lean:1107:0: 'FundamentalGroup.VanKampen.Cocone.TwoSimplyConnectedCover.switchClass_base' depends on axioms: [propext,
info: Lib/AxiomAudit.lean:1109:0: 'FundamentalGroup.VanKampen.Cocone.TwoSimplyConnectedCover.subgroup_eq_top_of_switchClass_mem' depends on axioms: [propext,
info: Lib/AxiomAudit.lean:1111:0: 'FundamentalGroup.VanKampen.Cocone.TwoSimplyConnectedCover.switchClass_eq_of_paths' depends on axioms: [propext,
info: Lib/AxiomAudit.lean:1116:0: 'FundamentalGroup.VanKampen.Cocone.TwoSimplyConnectedCover.zpowers_switchClass_eq_top' depends on axioms: [propext,
info: Lib/AxiomAudit.lean:1121:0: 'PuncturedPlaneCyclic.planeOpen' depends on axioms: [propext, Classical.choice, Quot.sound]
info: Lib/AxiomAudit.lean:1123:0: 'PuncturedPlaneCyclic.Plane' depends on axioms: [propext, Classical.choice, Quot.sound]
info: Lib/AxiomAudit.lean:1125:0: 'PuncturedPlaneCyclic.plane_pathConnectedSpace' depends on axioms: [propext, Classical.choice, Quot.sound]
info: Lib/AxiomAudit.lean:1127:0: 'PuncturedPlaneCyclic.upperSet' depends on axioms: [propext, Classical.choice, Quot.sound]
info: Lib/AxiomAudit.lean:1129:0: 'PuncturedPlaneCyclic.lowerSet' depends on axioms: [propext, Classical.choice, Quot.sound]
info: Lib/AxiomAudit.lean:1131:0: 'PuncturedPlaneCyclic.upperSet_isOpen' depends on axioms: [propext, Classical.choice, Quot.sound]
info: Lib/AxiomAudit.lean:1133:0: 'PuncturedPlaneCyclic.lowerSet_isOpen' depends on axioms: [propext, Classical.choice, Quot.sound]
info: Lib/AxiomAudit.lean:1135:0: 'PuncturedPlaneCyclic.upperSet_subset_punctured' depends on axioms: [propext, Classical.choice, Quot.sound]
info: Lib/AxiomAudit.lean:1137:0: 'PuncturedPlaneCyclic.lowerSet_subset_punctured' depends on axioms: [propext, Classical.choice, Quot.sound]
info: Lib/AxiomAudit.lean:1139:0: 'PuncturedPlaneCyclic.slitSets_union' depends on axioms: [propext, Classical.choice, Quot.sound]
info: Lib/AxiomAudit.lean:1141:0: 'PuncturedPlaneCyclic.slitSets_inter' depends on axioms: [propext, Classical.choice, Quot.sound]
info: Lib/AxiomAudit.lean:1143:0: 'PuncturedPlaneCyclic.upperBasepoint' depends on axioms: [propext, Classical.choice, Quot.sound]
info: Lib/AxiomAudit.lean:1145:0: 'PuncturedPlaneCyclic.upperHeightMap' depends on axioms: [propext, Classical.choice, Quot.sound]
info: Lib/AxiomAudit.lean:1147:0: 'PuncturedPlaneCyclic.upper_vertical_mem' depends on axioms: [propext, Classical.choice, Quot.sound]
info: Lib/AxiomAudit.lean:1149:0: 'PuncturedPlaneCyclic.upperVerticalHomotopy' depends on axioms: [propext, Classical.choice, Quot.sound]
info: Lib/AxiomAudit.lean:1151:0: 'PuncturedPlaneCyclic.upperHorizontalHomotopy' depends on axioms: [propext, Classical.choice, Quot.sound]
info: Lib/AxiomAudit.lean:1153:0: 'PuncturedPlaneCyclic.upperContraction' depends on axioms: [propext, Classical.choice, Quot.sound]
info: Lib/AxiomAudit.lean:1155:0: 'PuncturedPlaneCyclic.upperSet_contractibleSpace' depends on axioms: [propext, Classical.choice, Quot.sound]
info: Lib/AxiomAudit.lean:1157:0: 'PuncturedPlaneCyclic.slitConjugation' depends on axioms: [propext, Classical.choice, Quot.sound]
info: Lib/AxiomAudit.lean:1159:0: 'PuncturedPlaneCyclic.lowerSet_contractibleSpace' depends on axioms: [propext, Classical.choice, Quot.sound]
info: Lib/AxiomAudit.lean:1161:0: 'PuncturedPlaneCyclic.upperSlit' depends on axioms: [propext, Classical.choice, Quot.sound]
info: Lib/AxiomAudit.lean:1163:0: 'PuncturedPlaneCyclic.lowerSlit' depends on axioms: [propext, Classical.choice, Quot.sound]
info: Lib/AxiomAudit.lean:1165:0: 'PuncturedPlaneCyclic.upperSlit_union_lowerSlit' depends on axioms: [propext, Classical.choice, Quot.sound]
info: Lib/AxiomAudit.lean:1167:0: 'PuncturedPlaneCyclic.upperSlitHomeomorph' depends on axioms: [propext, Classical.choice, Quot.sound]
info: Lib/AxiomAudit.lean:1169:0: 'PuncturedPlaneCyclic.lowerSlitHomeomorph' depends on axioms: [propext, Classical.choice, Quot.sound]
info: Lib/AxiomAudit.lean:1171:0: 'PuncturedPlaneCyclic.upperSlit_contractibleSpace' depends on axioms: [propext, Classical.choice, Quot.sound]
info: Lib/AxiomAudit.lean:1173:0: 'PuncturedPlaneCyclic.lowerSlit_contractibleSpace' depends on axioms: [propext, Classical.choice, Quot.sound]
info: Lib/AxiomAudit.lean:1175:0: 'PuncturedPlaneCyclic.upperSlit_simplyConnected' depends on axioms: [propext, Classical.choice, Quot.sound]
info: Lib/AxiomAudit.lean:1177:0: 'PuncturedPlaneCyclic.lowerSlit_simplyConnected' depends on axioms: [propext, Classical.choice, Quot.sound]
info: Lib/AxiomAudit.lean:1179:0: 'PuncturedPlaneCyclic.base' depends on axioms: [propext, Classical.choice, Quot.sound]
info: Lib/AxiomAudit.lean:1181:0: 'PuncturedPlaneCyclic.opposite' depends on axioms: [propext, Classical.choice, Quot.sound]
info: Lib/AxiomAudit.lean:1183:0: 'PuncturedPlaneCyclic.base_mem_upper' depends on axioms: [propext, Classical.choice, Quot.sound]
info: Lib/AxiomAudit.lean:1185:0: 'PuncturedPlaneCyclic.base_mem_lower' depends on axioms: [propext, Classical.choice, Quot.sound]
info: Lib/AxiomAudit.lean:1187:0: 'PuncturedPlaneCyclic.opposite_mem_upper' depends on axioms: [propext, Classical.choice, Quot.sound]
info: Lib/AxiomAudit.lean:1189:0: 'PuncturedPlaneCyclic.opposite_mem_lower' depends on axioms: [propext, Classical.choice, Quot.sound]
info: Lib/AxiomAudit.lean:1191:0: 'PuncturedPlaneCyclic.slitCover' depends on axioms: [propext, Classical.choice, Quot.sound]
info: Lib/AxiomAudit.lean:1193:0: 'PuncturedPlaneCyclic.positiveOverlap' depends on axioms: [propext, Classical.choice, Quot.sound]
info: Lib/AxiomAudit.lean:1195:0: 'PuncturedPlaneCyclic.negativeOverlap' depends on axioms: [propext, Classical.choice, Quot.sound]
info: Lib/AxiomAudit.lean:1197:0: 'PuncturedPlaneCyclic.positiveOverlapHomeomorph' depends on axioms: [propext, Classical.choice, Quot.sound]
info: Lib/AxiomAudit.lean:1199:0: 'PuncturedPlaneCyclic.negativeOverlapHomeomorph' depends on axioms: [propext, Classical.choice, Quot.sound]
info: Lib/AxiomAudit.lean:1201:0: 'PuncturedPlaneCyclic.positiveOverlap_isPathConnected' depends on axioms: [propext, Classical.choice, Quot.sound]
info: Lib/AxiomAudit.lean:1203:0: 'PuncturedPlaneCyclic.negativeOverlap_isPathConnected' depends on axioms: [propext, Classical.choice, Quot.sound]
info: Lib/AxiomAudit.lean:1205:0: 'PuncturedPlaneCyclic.positiveOverlap_subset_slitOverlap' depends on axioms: [propext, Classical.choice, Quot.sound]
info: Lib/AxiomAudit.lean:1207:0: 'PuncturedPlaneCyclic.negativeOverlap_subset_slitOverlap' depends on axioms: [propext, Classical.choice, Quot.sound]
info: Lib/AxiomAudit.lean:1209:0: 'PuncturedPlaneCyclic.overlap_has_two_components' depends on axioms: [propext, Classical.choice, Quot.sound]
info: Lib/AxiomAudit.lean:1211:0: 'PuncturedPlaneCyclic.meridianHalfCircle' depends on axioms: [propext, Classical.choice, Quot.sound]
info: Lib/AxiomAudit.lean:1213:0: 'PuncturedPlaneCyclic.continuous_meridianHalfCircle' depends on axioms: [propext, Classical.choice, Quot.sound]
info: Lib/AxiomAudit.lean:1215:0: 'PuncturedPlaneCyclic.meridianHalfCircle_zero' depends on axioms: [propext, Classical.choice, Quot.sound]
info: Lib/AxiomAudit.lean:1217:0: 'PuncturedPlaneCyclic.meridianHalfCircle_one' depends on axioms: [propext, Classical.choice, Quot.sound]
info: Lib/AxiomAudit.lean:1219:0: 'PuncturedPlaneCyclic.meridianHalfCircle_im_pos' depends on axioms: [propext, Classical.choice, Quot.sound]
info: Lib/AxiomAudit.lean:1221:0: 'PuncturedPlaneCyclic.meridianHalfCircle_mem_upperSet' depends on axioms: [propext, Classical.choice, Quot.sound]
info: Lib/AxiomAudit.lean:1223:0: 'PuncturedPlaneCyclic.conj_meridianHalfCircle_mem_lowerSet' depends on axioms: [propext, Classical.choice, Quot.sound]
info: Lib/AxiomAudit.lean:1225:0: 'PuncturedPlaneCyclic.upperPath' depends on axioms: [propext, Classical.choice, Quot.sound]
info: Lib/AxiomAudit.lean:1227:0: 'PuncturedPlaneCyclic.lowerPath' depends on axioms: [propext, Classical.choice, Quot.sound]
info: Lib/AxiomAudit.lean:1229:0: 'PuncturedPlaneCyclic.upperPath_mem' depends on axioms: [propext, Classical.choice, Quot.sound]
info: Lib/AxiomAudit.lean:1231:0: 'PuncturedPlaneCyclic.lowerPath_mem' depends on axioms: [propext, Classical.choice, Quot.sound]
info: Lib/AxiomAudit.lean:1233:0: 'PuncturedPlaneCyclic.meridian' depends on axioms: [propext, Classical.choice, Quot.sound]
info: Lib/AxiomAudit.lean:1235:0: 'PuncturedPlaneCyclic.zpowers_meridian_eq_top' depends on axioms: [propext, Classical.choice, Quot.sound]
info: Lib/AxiomAudit.lean:1237:0: 'PuncturedPlaneCyclic.range_eq_zpowers_meridian' depends on axioms: [propext, Classical.choice, Quot.sound]
info: Lib/AxiomAudit.lean:1239:0: 'PuncturedPlaneCyclic.ballHomeomorph' depends on axioms: [propext, Classical.choice, Quot.sound]
info: Lib/AxiomAudit.lean:1241:0: 'PuncturedPlaneCyclic.ballHomeomorph_apply_zero' depends on axioms: [propext, Classical.choice, Quot.sound]
info: Lib/AxiomAudit.lean:1243:0: 'PuncturedPlaneCyclic.PuncturedBall' depends on axioms: [propext, Classical.choice, Quot.sound]
info: Lib/AxiomAudit.lean:1245:0: 'PuncturedPlaneCyclic.puncturedBallHomeomorph' depends on axioms: [propext, Classical.choice, Quot.sound]
info: Lib/AxiomAudit.lean:1247:0: 'PuncturedPlaneCyclic.puncturedBall_pathConnectedSpace' depends on axioms: [propext, Classical.choice, Quot.sound]
info: Lib/AxiomAudit.lean:1249:0: 'PuncturedPlaneCyclic.puncturedBallFundamentalGroupEquiv' depends on axioms: [propext, Classical.choice, Quot.sound]
info: Lib/AxiomAudit.lean:1251:0: 'PuncturedPlaneCyclic.puncturedBallMeridianClass' depends on axioms: [propext, Classical.choice, Quot.sound]
info: Lib/AxiomAudit.lean:1253:0: 'PuncturedPlaneCyclic.puncturedBall_range_eq_zpowers_meridian' depends on axioms: [propext,
info: Lib/AxiomAudit.lean:1255:0: 'PuncturedPlaneCyclic.puncturedBall_exists_cyclic_range' depends on axioms: [propext, Classical.choice, Quot.sound]
info: Lib/AxiomAudit.lean:1258:0: 'FundamentalGroup.VanKampen.Cocone.TwoOpenCover.chartPath' depends on axioms: [propext, Classical.choice, Quot.sound]
info: Lib/AxiomAudit.lean:1260:0: 'FundamentalGroup.VanKampen.Cocone.TwoOpenCover.chartPath_base' depends on axioms: [propext,
info: Lib/AxiomAudit.lean:1262:0: 'FundamentalGroup.VanKampen.Cocone.TwoOpenCover.chartPathClass' depends on axioms: [propext,
info: Lib/AxiomAudit.lean:1264:0: 'FundamentalGroup.VanKampen.Cocone.TwoOpenCover.chartPathClass_base' depends on axioms: [propext,
info: Lib/AxiomAudit.lean:1266:0: 'FundamentalGroup.VanKampen.Cocone.TwoOpenCover.closePath' depends on axioms: [propext, Classical.choice, Quot.sound]
info: Lib/AxiomAudit.lean:1268:0: 'FundamentalGroup.VanKampen.Cocone.TwoOpenCover.closePath_refl' depends on axioms: [propext,
info: Lib/AxiomAudit.lean:1270:0: 'FundamentalGroup.VanKampen.Cocone.TwoOpenCover.closePath_trans' depends on axioms: [propext,
info: Lib/AxiomAudit.lean:1272:0: 'FundamentalGroup.VanKampen.Cocone.TwoOpenCover.closePath_homotopic' depends on axioms: [propext,
info: Lib/AxiomAudit.lean:1274:0: 'FundamentalGroup.VanKampen.Cocone.TwoOpenCover.closePath_loop' depends on axioms: [propext,
info: Lib/AxiomAudit.lean:1276:0: 'FundamentalGroup.VanKampen.Cocone.TwoOpenCover.chartHom' depends on axioms: [propext, Classical.choice, Quot.sound]
info: Lib/AxiomAudit.lean:1278:0: 'FundamentalGroup.VanKampen.Cocone.TwoOpenCover.localValue' depends on axioms: [propext, Classical.choice, Quot.sound]
info: Lib/AxiomAudit.lean:1280:0: 'FundamentalGroup.VanKampen.Cocone.TwoOpenCover.localValue_refl' depends on axioms: [propext,
info: Lib/AxiomAudit.lean:1282:0: 'FundamentalGroup.VanKampen.Cocone.TwoOpenCover.localValue_trans' depends on axioms: [propext,
info: Lib/AxiomAudit.lean:1284:0: 'FundamentalGroup.VanKampen.Cocone.TwoOpenCover.localValue_subpath_mul' depends on axioms: [propext,
info: Lib/AxiomAudit.lean:1286:0: 'FundamentalGroup.VanKampen.Cocone.TwoOpenCover.localValue_homotopy' depends on axioms: [propext,
info: Lib/AxiomAudit.lean:1288:0: 'FundamentalGroup.VanKampen.Cocone.TwoOpenCover.overlapPath' depends on axioms: [propext, Classical.choice, Quot.sound]
info: Lib/AxiomAudit.lean:1290:0: 'FundamentalGroup.VanKampen.Cocone.TwoOpenCover.overlapPath_map_U' depends on axioms: [propext,
info: Lib/AxiomAudit.lean:1292:0: 'FundamentalGroup.VanKampen.Cocone.TwoOpenCover.overlapPath_map_V' depends on axioms: [propext,
info: Lib/AxiomAudit.lean:1294:0: 'FundamentalGroup.VanKampen.Cocone.TwoOpenCover.overlapClose' depends on axioms: [propext, Classical.choice, Quot.sound]
info: Lib/AxiomAudit.lean:1296:0: 'FundamentalGroup.VanKampen.Cocone.TwoOpenCover.overlapHomU_close' depends on axioms: [propext,
info: Lib/AxiomAudit.lean:1298:0: 'FundamentalGroup.VanKampen.Cocone.TwoOpenCover.overlapHomV_close' depends on axioms: [propext,
info: Lib/AxiomAudit.lean:1300:0: 'FundamentalGroup.VanKampen.Cocone.TwoOpenCover.localValue_compatible_UV' depends on axioms: [propext,
info: Lib/AxiomAudit.lean:1302:0: 'FundamentalGroup.VanKampen.Cocone.TwoOpenCover.localValue_compatible' depends on axioms: [propext,
info: Lib/AxiomAudit.lean:1304:0: 'FundamentalGroup.VanKampen.Cocone.TwoOpenCover.localPathValue' depends on axioms: [propext,
info: Lib/AxiomAudit.lean:1306:0: 'FundamentalGroup.VanKampen.Cocone.TwoOpenCover.localPathValue_homotopyInvariant' depends on axioms: [propext,
info: Lib/AxiomAudit.lean:1308:0: 'FundamentalGroup.VanKampen.Cocone.TwoOpenCover.localValue_map_loop' depends on axioms: [propext,
info: Lib/AxiomAudit.lean:1310:0: 'FundamentalGroup.VanKampen.Cocone.PathValue.fundamentalGroupHom' depends on axioms: [propext,
info: Lib/AxiomAudit.lean:1312:0: 'FundamentalGroup.VanKampen.Cocone.PathValue.fundamentalGroupHom_mk' depends on axioms: [propext,
info: Lib/AxiomAudit.lean:1314:0: 'FundamentalGroup.VanKampen.Cocone.mem_of_subpath_mem' depends on axioms: [propext, Classical.choice, Quot.sound]
info: Lib/AxiomAudit.lean:1316:0: 'FundamentalGroup.VanKampen.Cocone.subpath_mem_mono' depends on axioms: [propext, Classical.choice, Quot.sound]
info: Lib/AxiomAudit.lean:1318:0: 'FundamentalGroup.VanKampen.Cocone.exists_path_subdivision' depends on axioms: [propext, Classical.choice, Quot.sound]
info: Lib/AxiomAudit.lean:1320:0: 'FundamentalGroup.VanKampen.Cocone.LocalPathValue.IsPrimitive' depends on axioms: [propext,
info: Lib/AxiomAudit.lean:1322:0: 'FundamentalGroup.VanKampen.Cocone.LocalPathValue.IsPrimitiveUpTo' depends on axioms: [propext,
info: Lib/AxiomAudit.lean:1324:0: 'FundamentalGroup.VanKampen.Cocone.LocalPathValue.isPrimitiveUpTo_zero' depends on axioms: [propext,
info: Lib/AxiomAudit.lean:1326:0: 'FundamentalGroup.VanKampen.Cocone.LocalPathValue.exists_primitiveUpTo_step' depends on axioms: [propext,
info: Lib/AxiomAudit.lean:1328:0: 'FundamentalGroup.VanKampen.Cocone.LocalPathValue.exists_primitive' depends on axioms: [propext,
info: Lib/AxiomAudit.lean:1330:0: 'FundamentalGroup.VanKampen.Cocone.LocalPathValue.primitive_unique' depends on axioms: [propext,
info: Lib/AxiomAudit.lean:1332:0: 'FundamentalGroup.VanKampen.Cocone.convexComb_monotone' depends on axioms: [propext, Classical.choice, Quot.sound]
info: Lib/AxiomAudit.lean:1334:0: 'FundamentalGroup.VanKampen.Cocone.convexComb_comp' depends on axioms: [propext, Classical.choice, Quot.sound]
info: Lib/AxiomAudit.lean:1336:0: 'FundamentalGroup.VanKampen.Cocone.subpath_subpath' depends on axioms: [propext, Classical.choice, Quot.sound]
info: Lib/AxiomAudit.lean:1338:0: 'FundamentalGroup.VanKampen.Cocone.intervalHalf' depends on axioms: [propext, Classical.choice, Quot.sound]
info: Lib/AxiomAudit.lean:1340:0: 'FundamentalGroup.VanKampen.Cocone.trans_convexComb_first_half' depends on axioms: [propext,
info: Lib/AxiomAudit.lean:1342:0: 'FundamentalGroup.VanKampen.Cocone.trans_convexComb_second_half' depends on axioms: [propext,
info: Lib/AxiomAudit.lean:1344:0: 'FundamentalGroup.VanKampen.Cocone.trans_apply_intervalHalf' depends on axioms: [propext, Classical.choice, Quot.sound]
info: Lib/AxiomAudit.lean:1346:0: 'FundamentalGroup.VanKampen.Cocone.trans_subpath_first_half' depends on axioms: [propext, Classical.choice, Quot.sound]
info: Lib/AxiomAudit.lean:1348:0: 'FundamentalGroup.VanKampen.Cocone.trans_subpath_second_half' depends on axioms: [propext, Classical.choice, Quot.sound]
info: Lib/AxiomAudit.lean:1350:0: 'FundamentalGroup.VanKampen.Cocone.LocalPathValue.value_eq_of_path_eq' depends on axioms: [propext,
info: Lib/AxiomAudit.lean:1352:0: 'FundamentalGroup.VanKampen.Cocone.LocalPathValue.isPrimitive_subpath' depends on axioms: [propext,
info: Lib/AxiomAudit.lean:1354:0: 'FundamentalGroup.VanKampen.Cocone.LocalPathValue.transport' depends on axioms: [propext, Classical.choice, Quot.sound]
info: Lib/AxiomAudit.lean:1356:0: 'FundamentalGroup.VanKampen.Cocone.LocalPathValue.transport_zero' depends on axioms: [propext,
info: Lib/AxiomAudit.lean:1358:0: 'FundamentalGroup.VanKampen.Cocone.LocalPathValue.transport_isPrimitive' depends on axioms: [propext,
info: Lib/AxiomAudit.lean:1360:0: 'FundamentalGroup.VanKampen.Cocone.LocalPathValue.transport_subpath' depends on axioms: [propext,
info: Lib/AxiomAudit.lean:1362:0: 'FundamentalGroup.VanKampen.Cocone.LocalPathValue.rawValue' depends on axioms: [propext, Classical.choice, Quot.sound]
info: Lib/AxiomAudit.lean:1364:0: 'FundamentalGroup.VanKampen.Cocone.LocalPathValue.rawValue_cast' depends on axioms: [propext,
info: Lib/AxiomAudit.lean:1366:0: 'FundamentalGroup.VanKampen.Cocone.LocalPathValue.rawValue_subpath_zero_one' depends on axioms: [propext,
info: Lib/AxiomAudit.lean:1368:0: 'FundamentalGroup.VanKampen.Cocone.LocalPathValue.rawValue_subpath' depends on axioms: [propext,
info: Lib/AxiomAudit.lean:1370:0: 'FundamentalGroup.VanKampen.Cocone.LocalPathValue.rawValue_local' depends on axioms: [propext,
info: Lib/AxiomAudit.lean:1372:0: 'FundamentalGroup.VanKampen.Cocone.LocalPathValue.rawValue_refl' depends on axioms: [propext,
info: Lib/AxiomAudit.lean:1374:0: 'FundamentalGroup.VanKampen.Cocone.LocalPathValue.rawValue_subpath_mul' depends on axioms: [propext,
info: Lib/AxiomAudit.lean:1376:0: 'FundamentalGroup.VanKampen.Cocone.LocalPathValue.rawValue_trans' depends on axioms: [propext,
info: Lib/AxiomAudit.lean:1378:0: 'FundamentalGroup.VanKampen.Cocone.LocalPathValue.extension' depends on axioms: [propext, Classical.choice, Quot.sound]
info: Lib/AxiomAudit.lean:1380:0: 'FundamentalGroup.VanKampen.Cocone.LocalPathValue.extension_extends' depends on axioms: [propext,
info: Lib/AxiomAudit.lean:1382:0: 'FundamentalGroup.VanKampen.Cocone.squareHorizontal' depends on axioms: [propext, Classical.choice, Quot.sound]
info: Lib/AxiomAudit.lean:1384:0: 'FundamentalGroup.VanKampen.Cocone.squareVertical' depends on axioms: [propext, Classical.choice, Quot.sound]
info: Lib/AxiomAudit.lean:1386:0: 'FundamentalGroup.VanKampen.Cocone.squarePathHomotopy' depends on axioms: [propext, Classical.choice, Quot.sound]
info: Lib/AxiomAudit.lean:1388:0: 'FundamentalGroup.VanKampen.Cocone.convexComb_mem_Icc' depends on axioms: [propext, Classical.choice, Quot.sound]
info: Lib/AxiomAudit.lean:1390:0: 'FundamentalGroup.VanKampen.Cocone.squarePathHomotopy_mem_rectangle' depends on axioms: [propext,
info: Lib/AxiomAudit.lean:1392:0: 'FundamentalGroup.VanKampen.Cocone.rectangleHorizontalVertical' depends on axioms: [propext,
info: Lib/AxiomAudit.lean:1394:0: 'FundamentalGroup.VanKampen.Cocone.rectangleVerticalHorizontal' depends on axioms: [propext,
info: Lib/AxiomAudit.lean:1396:0: 'FundamentalGroup.VanKampen.Cocone.rectangleHorizontalVertical_map' depends on axioms: [propext,
info: Lib/AxiomAudit.lean:1398:0: 'FundamentalGroup.VanKampen.Cocone.rectangleVerticalHorizontal_map' depends on axioms: [propext,
info: Lib/AxiomAudit.lean:1400:0: 'FundamentalGroup.VanKampen.Cocone.rectangleHorizontalVertical_mem' depends on axioms: [propext,
info: Lib/AxiomAudit.lean:1402:0: 'FundamentalGroup.VanKampen.Cocone.rectangleVerticalHorizontal_mem' depends on axioms: [propext,
info: Lib/AxiomAudit.lean:1404:0: 'FundamentalGroup.VanKampen.Cocone.rectangleBoundaryHomotopy' depends on axioms: [propext, Classical.choice, Quot.sound]
info: Lib/AxiomAudit.lean:1406:0: 'FundamentalGroup.VanKampen.Cocone.rectangleBoundaryHomotopy_apply' depends on axioms: [propext,
info: Lib/AxiomAudit.lean:1408:0: 'FundamentalGroup.VanKampen.Cocone.rectangleBoundaryHomotopy_mem' depends on axioms: [propext,
info: Lib/AxiomAudit.lean:1410:0: 'FundamentalGroup.VanKampen.Cocone.PathValue.square_cell_of_local' depends on axioms: [propext,
info: Lib/AxiomAudit.lean:1412:0: 'FundamentalGroup.VanKampen.Cocone.PathValue.value_eq_one_of_constant' depends on axioms: [propext,
info: Lib/AxiomAudit.lean:1414:0: 'FundamentalGroup.VanKampen.Cocone.PathValue.square_strip' depends on axioms: [propext, Classical.choice, Quot.sound]
info: Lib/AxiomAudit.lean:1416:0: 'FundamentalGroup.VanKampen.Cocone.PathValue.value_squareHorizontal_homotopy' depends on axioms: [propext,
info: Lib/AxiomAudit.lean:1418:0: 'FundamentalGroup.VanKampen.Cocone.PathValue.value_squareVertical_homotopy_zero' depends on axioms: [propext,
info: Lib/AxiomAudit.lean:1420:0: 'FundamentalGroup.VanKampen.Cocone.PathValue.value_squareVertical_homotopy_one' depends on axioms: [propext,
info: Lib/AxiomAudit.lean:1422:0: 'FundamentalGroup.VanKampen.Cocone.PathValue.value_eq_of_homotopy_of_open_cover' depends on axioms: [propext,
info: Lib/AxiomAudit.lean:1424:0: 'FundamentalGroup.VanKampen.Cocone.PathValue.homotopyInvariant_of_open_cover' depends on axioms: [propext,
info: Lib/AxiomAudit.lean:1426:0: 'FundamentalGroup.VanKampen.Cocone.TwoOpenCover.globalPathValue' depends on axioms: [propext,
info: Lib/AxiomAudit.lean:1428:0: 'FundamentalGroup.VanKampen.Cocone.TwoOpenCover.globalPathValue_extends' depends on axioms: [propext,
info: Lib/AxiomAudit.lean:1430:0: 'FundamentalGroup.VanKampen.Cocone.TwoOpenCover.globalPathValue_homotopyInvariant' depends on axioms: [propext,
info: Lib/AxiomAudit.lean:1432:0: 'FundamentalGroup.VanKampen.Cocone.TwoOpenCover.lift' depends on axioms: [propext, Classical.choice, Quot.sound]
info: Lib/AxiomAudit.lean:1434:0: 'FundamentalGroup.VanKampen.Cocone.TwoOpenCover.lift_mk_of_mem' depends on axioms: [propext,
info: Lib/AxiomAudit.lean:1436:0: 'FundamentalGroup.VanKampen.Cocone.TwoOpenCover.lift_comp_inclusionU' depends on axioms: [propext,
info: Lib/AxiomAudit.lean:1438:0: 'FundamentalGroup.VanKampen.Cocone.TwoOpenCover.lift_comp_inclusionV' depends on axioms: [propext,
info: Lib/AxiomAudit.lean:1440:0: 'FundamentalGroup.VanKampen.Cocone.TwoOpenCover.ChartGroup' depends on axioms: [propext, Classical.choice, Quot.sound]
info: Lib/AxiomAudit.lean:1442:0: 'FundamentalGroup.VanKampen.Cocone.TwoOpenCover.overlapHom' depends on axioms: [propext, Classical.choice, Quot.sound]
info: Lib/AxiomAudit.lean:1444:0: 'FundamentalGroup.VanKampen.Cocone.TwoOpenCover.inclusionHom' depends on axioms: [propext, Classical.choice, Quot.sound]
info: Lib/AxiomAudit.lean:1446:0: 'FundamentalGroup.VanKampen.Cocone.TwoOpenCover.inclusionHom_comp_overlapHom' depends on axioms: [propext,
info: Lib/AxiomAudit.lean:1448:0: 'FundamentalGroup.VanKampen.Cocone.TwoOpenCover.Pushout' depends on axioms: [propext, Classical.choice, Quot.sound]
info: Lib/AxiomAudit.lean:1450:0: 'FundamentalGroup.VanKampen.Cocone.TwoOpenCover.pushoutEquiv' depends on axioms: [propext, Classical.choice, Quot.sound]
info: Lib/AxiomAudit.lean:1452:0: 'FundamentalGroup.VanKampen.Cocone.TwoOpenCover.pushoutEquiv_of' depends on axioms: [propext,
info: Lib/AxiomAudit.lean:1454:0: 'FundamentalGroup.VanKampen.Cocone.TwoOpenCover.pushoutEquiv_symm_inclusionHom' depends on axioms: [propext,
info: Lib/AxiomAudit.lean:1457:0: 'FundamentalGroup.VanKampen.Cocone.TwoOpenCover.inclusionHomU_surjective_of_overlapHomV_surjective' depends on axioms: [propext,
info: Lib/AxiomAudit.lean:1459:0: 'FundamentalGroup.VanKampen.Cocone.TwoOpenCover.inclusionHomV_surjective_of_overlapHomU_surjective' depends on axioms: [propext,
info: Lib/AxiomAudit.lean:1461:0: 'FundamentalGroup.basepointChange_naturality' depends on axioms: [propext, Classical.choice, Quot.sound]
info: Lib/AxiomAudit.lean:1463:0: 'FundamentalGroup.basepointChange_naturality_apply' depends on axioms: [propext, Classical.choice, Quot.sound]
info: Lib/AxiomAudit.lean:1465:0: 'FundamentalGroup.map_surjective_at_of_path' depends on axioms: [propext, Classical.choice, Quot.sound]
info: Lib/AxiomAudit.lean:1467:0: 'FundamentalGroup.map_surjective_at_of_pathConnected' depends on axioms: [propext, Classical.choice, Quot.sound]
info: Lib/AxiomAudit.lean:1469:0: 'FundamentalGroup.eq_one_of_path' depends on axioms: [propext, Classical.choice, Quot.sound]
info: Lib/AxiomAudit.lean:1471:0: 'FundamentalGroup.simplyConnectedSpace_iff_eq_one' depends on axioms: [propext, Classical.choice, Quot.sound]
info: Lib/AxiomAudit.lean:1473:0: 'FundamentalGroup.simplyConnectedSpace_of_eq_one' depends on axioms: [propext, Classical.choice, Quot.sound]
info: Lib/AxiomAudit.lean:1475:0: 'FundamentalGroup.VanKampen.Cocone.TwoOpenCover.pathConnectedSpace' depends on axioms: [propext,
info: Lib/AxiomAudit.lean:1480:0: 'IsQuotientCoveringMap.commute_of_monodromy_eq_toPermFiber' depends on axioms: [propext, Classical.choice, Quot.sound]
info: Lib/AxiomAudit.lean:1482:0: 'IsQuotientCoveringMap.commute_fiberEquivGroup_of_monodromy_eq' depends on axioms: [propext,
info: Lib/AxiomAudit.lean:1487:0: 'IsQuotientCoveringMap.pathConnectedSpace_of_fundamentalGroupToMulOpposite_surjective' depends on axioms: [propext,
info: Lib/AxiomAudit.lean:1491:0: 'MappingTorus.Circle' depends on axioms: [propext, Classical.choice, Quot.sound]
info: Lib/AxiomAudit.lean:1493:0: 'MappingTorus.deck' depends on axioms: [propext, Classical.choice, Quot.sound]
info: Lib/AxiomAudit.lean:1495:0: 'MappingTorus.deck_zero' depends on axioms: [propext, Classical.choice, Quot.sound]
info: Lib/AxiomAudit.lean:1497:0: 'MappingTorus.deck_add' depends on axioms: [propext, Classical.choice, Quot.sound]
info: Lib/AxiomAudit.lean:1499:0: 'MappingTorus.deck_continuous' depends on axioms: [propext, Classical.choice, Quot.sound]
info: Lib/AxiomAudit.lean:1501:0: 'MappingTorus.deckHomeomorph' depends on axioms: [propext, Classical.choice, Quot.sound]
info: Lib/AxiomAudit.lean:1503:0: 'MappingTorus.orbitSetoid' depends on axioms: [propext, Classical.choice, Quot.sound]
info: Lib/AxiomAudit.lean:1505:0: 'MappingTorus.Torus' depends on axioms: [propext, Classical.choice, Quot.sound]
info: Lib/AxiomAudit.lean:1507:0: 'MappingTorus.instLocal1' depends on axioms: [propext, Classical.choice, Quot.sound]
info: Lib/AxiomAudit.lean:1509:0: 'MappingTorus.mk' depends on axioms: [propext, Classical.choice, Quot.sound]
info: Lib/AxiomAudit.lean:1511:0: 'MappingTorus.mk_continuous' depends on axioms: [propext, Classical.choice, Quot.sound]
info: Lib/AxiomAudit.lean:1513:0: 'MappingTorus.mk_surjective' depends on axioms: [propext, Classical.choice, Quot.sound]
info: Lib/AxiomAudit.lean:1515:0: 'MappingTorus.mk_eq_mk_iff' depends on axioms: [propext, Classical.choice, Quot.sound]
info: Lib/AxiomAudit.lean:1517:0: 'MappingTorus.mk_deck' depends on axioms: [propext, Classical.choice, Quot.sound]
info: Lib/AxiomAudit.lean:1519:0: 'MappingTorus.mk_sub_one' depends on axioms: [propext, Classical.choice, Quot.sound]
info: Lib/AxiomAudit.lean:1521:0: 'MappingTorus.mk_add_one' depends on axioms: [propext, Classical.choice, Quot.sound]
info: Lib/AxiomAudit.lean:1523:0: 'MappingTorus.mk_preimage_image' depends on axioms: [propext, Classical.choice, Quot.sound]
info: Lib/AxiomAudit.lean:1525:0: 'MappingTorus.mk_open' depends on axioms: [propext, Classical.choice, Quot.sound]
info: Lib/AxiomAudit.lean:1527:0: 'MappingTorus.circle_intCast' depends on axioms: [propext, Classical.choice, Quot.sound]
info: Lib/AxiomAudit.lean:1529:0: 'MappingTorus.circle_coe_eq_iff' depends on axioms: [propext, Classical.choice, Quot.sound]
info: Lib/AxiomAudit.lean:1531:0: 'MappingTorus.base' depends on axioms: [propext, Classical.choice, Quot.sound]
info: Lib/AxiomAudit.lean:1533:0: 'MappingTorus.base_mk' depends on axioms: [propext, Classical.choice, Quot.sound]
info: Lib/AxiomAudit.lean:1537:0: 'MappingTorus.TranslationCocycle' depends on axioms: [propext, Classical.choice, Quot.sound]
info: Lib/AxiomAudit.lean:1539:0: 'MappingTorus.TranslationCocycle.cylinder' depends on axioms: [propext, Classical.choice, Quot.sound]
info: Lib/AxiomAudit.lean:1541:0: 'MappingTorus.TranslationCocycle.cylinder_continuous' depends on axioms: [propext, Classical.choice, Quot.sound]
info: Lib/AxiomAudit.lean:1543:0: 'MappingTorus.TranslationCocycle.cylinder_deck' depends on axioms: [propext, Classical.choice, Quot.sound]
info: Lib/AxiomAudit.lean:1545:0: 'MappingTorus.TranslationCocycle.map' depends on axioms: [propext, Classical.choice, Quot.sound]
info: Lib/AxiomAudit.lean:1547:0: 'MappingTorus.TranslationCocycle.map_mk' depends on axioms: [propext, Classical.choice, Quot.sound]
info: Lib/AxiomAudit.lean:1549:0: 'MappingTorus.TranslationCocycle.map_add_apply' depends on axioms: [propext, Classical.choice, Quot.sound]
info: Lib/AxiomAudit.lean:1551:0: 'MappingTorus.TranslationCocycle.map_zero_apply' depends on axioms: [propext, Classical.choice, Quot.sound]
info: Lib/AxiomAudit.lean:1553:0: 'MappingTorus.TranslationCocycle.shear' depends on axioms: [propext, Classical.choice, Quot.sound]
info: Lib/AxiomAudit.lean:1555:0: 'MappingTorus.TranslationCocycle.base_shear' depends on axioms: [propext, Classical.choice, Quot.sound]
info: Lib/AxiomAudit.lean:1557:0: 'MappingTorus.TranslationCocycle.shear_add_apply' depends on axioms: [propext, Classical.choice, Quot.sound]
info: Lib/AxiomAudit.lean:1559:0: 'MappingTorus.TranslationCocycle.zsmul_shift_eq_zero_of_shear_eq' depends on axioms: [propext,
info: Lib/AxiomAudit.lean:1561:0: 'MappingTorus.TranslationCocycle.shear_zero' depends on axioms: [propext, Classical.choice, Quot.sound]
info: Lib/AxiomAudit.lean:1565:0: 'MappingTorus.SquareZeroWinding.Data' depends on axioms: [propext, Classical.choice, Quot.sound]
info: Lib/AxiomAudit.lean:1567:0: 'MappingTorus.SquareZeroWinding.Data.linearEquiv' depends on axioms: [propext, Classical.choice, Quot.sound]
info: Lib/AxiomAudit.lean:1569:0: 'MappingTorus.SquareZeroWinding.Data.linearEquiv_apply' depends on axioms: [propext, Classical.choice, Quot.sound]
info: Lib/AxiomAudit.lean:1571:0: 'MappingTorus.SquareZeroWinding.Data.linearEquiv_continuous' depends on axioms: [propext, Classical.choice, Quot.sound]
info: Lib/AxiomAudit.lean:1573:0: 'MappingTorus.SquareZeroWinding.Data.linearEquiv_symm_apply' depends on axioms: [propext, Classical.choice, Quot.sound]
info: Lib/AxiomAudit.lean:1575:0: 'MappingTorus.SquareZeroWinding.Data.linearEquiv_symm_continuous' depends on axioms: [propext,
info: Lib/AxiomAudit.lean:1577:0: 'MappingTorus.SquareZeroWinding.Data.linearEquiv_mem_lattice' depends on axioms: [propext, Classical.choice, Quot.sound]
info: Lib/AxiomAudit.lean:1579:0: 'MappingTorus.SquareZeroWinding.Data.linearEquiv_symm_mem_lattice' depends on axioms: [propext,
info: Lib/AxiomAudit.lean:1581:0: 'MappingTorus.SquareZeroWinding.Data.linearEquiv_map_lattice' depends on axioms: [propext, Classical.choice, Quot.sound]
info: Lib/AxiomAudit.lean:1583:0: 'MappingTorus.SquareZeroWinding.Data.Torus' depends on axioms: [propext, Classical.choice, Quot.sound]
info: Lib/AxiomAudit.lean:1585:0: 'MappingTorus.SquareZeroWinding.Data.torusLinearEquiv' depends on axioms: [propext, Classical.choice, Quot.sound]
info: Lib/AxiomAudit.lean:1587:0: 'MappingTorus.SquareZeroWinding.Data.torusContinuousAddEquiv' depends on axioms: [propext, Classical.choice, Quot.sound]
info: Lib/AxiomAudit.lean:1589:0: 'MappingTorus.SquareZeroWinding.Data.torusContinuousAddEquiv_mkQ' depends on axioms: [propext,
info: Lib/AxiomAudit.lean:1591:0: 'MappingTorus.SquareZeroWinding.Data.linearEquiv_zero_apply' depends on axioms: [propext, Classical.choice, Quot.sound]
info: Lib/AxiomAudit.lean:1593:0: 'MappingTorus.SquareZeroWinding.Data.torusContinuousAddEquiv_zero_apply' depends on axioms: [propext,
info: Lib/AxiomAudit.lean:1595:0: 'MappingTorus.SquareZeroWinding.Data.linearEquiv_add_apply' depends on axioms: [propext, Classical.choice, Quot.sound]
info: Lib/AxiomAudit.lean:1597:0: 'MappingTorus.SquareZeroWinding.Data.torusContinuousAddEquiv_add_apply' depends on axioms: [propext,
info: Lib/AxiomAudit.lean:1599:0: 'MappingTorus.SquareZeroWinding.Data.monodromy' depends on axioms: [propext, Classical.choice, Quot.sound]
info: Lib/AxiomAudit.lean:1601:0: 'MappingTorus.SquareZeroWinding.Data.monodromy_zpow' depends on axioms: [propext, Classical.choice, Quot.sound]
info: Lib/AxiomAudit.lean:1603:0: 'MappingTorus.SquareZeroWinding.Data.windingLift' depends on axioms: [propext, Classical.choice, Quot.sound]
info: Lib/AxiomAudit.lean:1605:0: 'MappingTorus.SquareZeroWinding.Data.windingLift_continuous' depends on axioms: [propext, Classical.choice, Quot.sound]
info: Lib/AxiomAudit.lean:1607:0: 'MappingTorus.SquareZeroWinding.Data.windingLift_zero' depends on axioms: [propext, Classical.choice, Quot.sound]
info: Lib/AxiomAudit.lean:1609:0: 'MappingTorus.SquareZeroWinding.Data.windingLift_one' depends on axioms: [propext, Classical.choice, Quot.sound]
info: Lib/AxiomAudit.lean:1611:0: 'MappingTorus.SquareZeroWinding.Data.windingLift_add_int_sub_linearEquiv_neg' depends on axioms: [propext,
info: Lib/AxiomAudit.lean:1613:0: 'MappingTorus.SquareZeroWinding.Data.windingLift_defect_mem_lattice' depends on axioms: [propext,
info: Lib/AxiomAudit.lean:1615:0: 'MappingTorus.SquareZeroWinding.Data.windingShift' depends on axioms: [propext, Classical.choice, Quot.sound]
info: Lib/AxiomAudit.lean:1617:0: 'MappingTorus.SquareZeroWinding.Data.windingShift_continuous' depends on axioms: [propext, Classical.choice, Quot.sound]
info: Lib/AxiomAudit.lean:1619:0: 'MappingTorus.SquareZeroWinding.Data.windingShift_add_int' depends on axioms: [propext, Classical.choice, Quot.sound]
info: Lib/AxiomAudit.lean:1621:0: 'MappingTorus.SquareZeroWinding.Data.translationCocycle' depends on axioms: [propext, Classical.choice, Quot.sound]
info: Lib/AxiomAudit.lean:1623:0: 'MappingTorus.SquareZeroWinding.Data.shear' depends on axioms: [propext, Classical.choice, Quot.sound]
info: Lib/AxiomAudit.lean:1625:0: 'MappingTorus.SquareZeroWinding.Data.shear_zero' depends on axioms: [propext, Classical.choice, Quot.sound]
info: Lib/AxiomAudit.lean:1627:0: 'MappingTorus.SquareZeroWinding.Data.shear_add_apply' depends on axioms: [propext, Classical.choice, Quot.sound]
info: Lib/AxiomAudit.lean:1629:0: 'MappingTorus.SquareZeroWinding.Detector' depends on axioms: [propext, Classical.choice, Quot.sound]
info: Lib/AxiomAudit.lean:1631:0: 'MappingTorus.SquareZeroWinding.Detector.functional_windingLift' depends on axioms: [propext,
info: Lib/AxiomAudit.lean:1633:0: 'MappingTorus.SquareZeroWinding.Detector.windingShift_detector_ne_zero' depends on axioms: [propext,
info: Lib/AxiomAudit.lean:1635:0: 'MappingTorus.SquareZeroWinding.Detector.shear_injective' depends on axioms: [propext, Classical.choice, Quot.sound]
info: Lib/AxiomAudit.lean:1639:0: 'IsManifold.restrictScalars' depends on axioms: [propext, Classical.choice, Quot.sound]
info: Lib/AxiomAudit.lean:1641:0: 'ContMDiffWithinAt.restrictScalars' depends on axioms: [propext, Classical.choice, Quot.sound]
info: Lib/AxiomAudit.lean:1643:0: 'ContMDiffAt.restrictScalars' depends on axioms: [propext, Classical.choice, Quot.sound]
info: Lib/AxiomAudit.lean:1645:0: 'ContMDiff.restrictScalars' depends on axioms: [propext, Classical.choice, Quot.sound]
info: Lib/AxiomAudit.lean:1647:0: 'ContMDiffOn.restrictScalars' depends on axioms: [propext, Classical.choice, Quot.sound]
info: Lib/AxiomAudit.lean:1649:0: 'Diffeomorph.restrictScalars' depends on axioms: [propext, Classical.choice, Quot.sound]
info: Lib/AxiomAudit.lean:1651:0: 'PartialDiffeomorph.restrictScalars' depends on axioms: [propext, Classical.choice, Quot.sound]
info: Lib/AxiomAudit.lean:1653:0: 'contMDiff_of_comp_surjective_localDiffeomorph' depends on axioms: [propext, Classical.choice, Quot.sound]
info: Lib/AxiomAudit.lean:1655:0: 'contMDiff_of_comp_surjective_localDiffeomorph_restrictScalars' depends on axioms: [propext,
info: Lib/AxiomAudit.lean:1657:0: 'contMDiffOn_of_contMDiff_restriction' depends on axioms: [propext, Classical.choice, Quot.sound]
info: Lib/AxiomAudit.lean:1662:0: 'CategoryTheory.Abelian.Ext.singleFunctor_map_addEquiv₀' depends on axioms: [propext, Classical.choice, Quot.sound]
info: Lib/AxiomAudit.lean:1664:0: 'CategoryTheory.Abelian.Ext.singleFunctor_map_addEquiv₀_homAddEquiv_symm' depends on axioms: [propext,
info: Lib/AxiomAudit.lean:1668:0: 'CategoryTheory.Abelian.ExtTransgression.TwoStepResolution' depends on axioms: [propext, Classical.choice, Quot.sound]
info: Lib/AxiomAudit.lean:1670:0: 'CategoryTheory.Abelian.ExtTransgression.TwoStepResolution.mk' depends on axioms: [propext,
info: Lib/AxiomAudit.lean:1672:0: 'CategoryTheory.Abelian.ExtTransgression.TwoStepResolution.F' depends on axioms: [propext, Classical.choice, Quot.sound]
info: Lib/AxiomAudit.lean:1674:0: 'CategoryTheory.Abelian.ExtTransgression.TwoStepResolution.complex' depends on axioms: [propext,
info: Lib/AxiomAudit.lean:1676:0: 'CategoryTheory.Abelian.ExtTransgression.TwoStepResolution.ι' depends on axioms: [propext, Classical.choice, Quot.sound]
info: Lib/AxiomAudit.lean:1678:0: 'CategoryTheory.Abelian.ExtTransgression.TwoStepResolution.zero' depends on axioms: [propext,
info: Lib/AxiomAudit.lean:1680:0: 'CategoryTheory.Abelian.ExtTransgression.TwoStepResolution.initial_exact' depends on axioms: [propext,
info: Lib/AxiomAudit.lean:1682:0: 'CategoryTheory.Abelian.ExtTransgression.TwoStepResolution.exact' depends on axioms: [propext,
info: Lib/AxiomAudit.lean:1684:0: 'CategoryTheory.Abelian.ExtTransgression.TwoStepResolution.mono_ι' depends on axioms: [propext,
info: Lib/AxiomAudit.lean:1686:0: 'CategoryTheory.Abelian.ExtTransgression.TwoStepResolution.epi_g' depends on axioms: [propext,
info: Lib/AxiomAudit.lean:1688:0: 'CategoryTheory.Abelian.ExtTransgression.TwoStepResolution.boundary' depends on axioms: [propext,
info: Lib/AxiomAudit.lean:1690:0: 'CategoryTheory.Abelian.ExtTransgression.TwoStepResolution.toBoundary' depends on axioms: [propext,
info: Lib/AxiomAudit.lean:1692:0: 'CategoryTheory.Abelian.ExtTransgression.TwoStepResolution.toBoundary_ι' depends on axioms: [propext,
info: Lib/AxiomAudit.lean:1694:0: 'CategoryTheory.Abelian.ExtTransgression.TwoStepResolution.ι_toBoundary' depends on axioms: [propext,
info: Lib/AxiomAudit.lean:1696:0: 'CategoryTheory.Abelian.ExtTransgression.TwoStepResolution.first' depends on axioms: [propext,
info: Lib/AxiomAudit.lean:1698:0: 'CategoryTheory.Abelian.ExtTransgression.TwoStepResolution.second' depends on axioms: [propext,
info: Lib/AxiomAudit.lean:1700:0: 'CategoryTheory.Abelian.ExtTransgression.TwoStepResolution.first_shortExact' depends on axioms: [propext,
info: Lib/AxiomAudit.lean:1702:0: 'CategoryTheory.Abelian.ExtTransgression.TwoStepResolution.second_shortExact' depends on axioms: [propext,
info: Lib/AxiomAudit.lean:1704:0: 'CategoryTheory.Abelian.ExtTransgression.TwoStepResolution.connectingTwo' depends on axioms: [propext,
info: Lib/AxiomAudit.lean:1706:0: 'CategoryTheory.Abelian.ExtTransgression.cyclesComplex' depends on axioms: [propext, Classical.choice, Quot.sound]
info: Lib/AxiomAudit.lean:1708:0: 'CategoryTheory.Abelian.ExtTransgression.cyclesComplex_exact' depends on axioms: [propext, Classical.choice, Quot.sound]
info: Lib/AxiomAudit.lean:1710:0: 'CategoryTheory.Abelian.ExtTransgression.cyclesComplex_epi_g' depends on axioms: [propext, Classical.choice, Quot.sound]
info: Lib/AxiomAudit.lean:1712:0: 'CategoryTheory.Abelian.ExtTransgression.iCycles_toCycles' depends on axioms: [propext, Classical.choice, Quot.sound]
info: Lib/AxiomAudit.lean:1714:0: 'CategoryTheory.Abelian.ExtTransgression.cyclesInitial_exact' depends on axioms: [propext, Classical.choice, Quot.sound]
info: Lib/AxiomAudit.lean:1716:0: 'CategoryTheory.Abelian.ExtTransgression.cyclesResolution' depends on axioms: [propext, Classical.choice, Quot.sound]
info: Lib/AxiomAudit.lean:1718:0: 'CategoryTheory.Abelian.ExtTransgression.cochainTransgression' depends on axioms: [propext,
info: Lib/AxiomAudit.lean:1723:0: 'CategoryTheory.Abelian.ExtTransgression.TwoStepResolution.Hom' depends on axioms: [propext,
info: Lib/AxiomAudit.lean:1725:0: 'CategoryTheory.Abelian.ExtTransgression.TwoStepResolution.Hom.mk' depends on axioms: [propext,
info: Lib/AxiomAudit.lean:1727:0: 'CategoryTheory.Abelian.ExtTransgression.TwoStepResolution.Hom.τF' depends on axioms: [propext,
info: Lib/AxiomAudit.lean:1729:0: 'CategoryTheory.Abelian.ExtTransgression.TwoStepResolution.Hom.τ₁' depends on axioms: [propext,
info: Lib/AxiomAudit.lean:1731:0: 'CategoryTheory.Abelian.ExtTransgression.TwoStepResolution.Hom.τ₂' depends on axioms: [propext,
info: Lib/AxiomAudit.lean:1733:0: 'CategoryTheory.Abelian.ExtTransgression.TwoStepResolution.Hom.τ₃' depends on axioms: [propext,
info: Lib/AxiomAudit.lean:1735:0: 'CategoryTheory.Abelian.ExtTransgression.TwoStepResolution.Hom.comm_ι' depends on axioms: [propext,
info: Lib/AxiomAudit.lean:1737:0: 'CategoryTheory.Abelian.ExtTransgression.TwoStepResolution.Hom.comm_f' depends on axioms: [propext,
info: Lib/AxiomAudit.lean:1739:0: 'CategoryTheory.Abelian.ExtTransgression.TwoStepResolution.Hom.comm_g' depends on axioms: [propext,
info: Lib/AxiomAudit.lean:1741:0: 'CategoryTheory.Abelian.ExtTransgression.TwoStepResolution.Hom.boundary' depends on axioms: [propext,
info: Lib/AxiomAudit.lean:1743:0: 'CategoryTheory.Abelian.ExtTransgression.TwoStepResolution.Hom.boundary_ι' depends on axioms: [propext,
info: Lib/AxiomAudit.lean:1745:0: 'CategoryTheory.Abelian.ExtTransgression.TwoStepResolution.Hom.boundary_ι_assoc' depends on axioms: [propext,
info: Lib/AxiomAudit.lean:1747:0: 'CategoryTheory.Abelian.ExtTransgression.TwoStepResolution.Hom.first' depends on axioms: [propext,
info: Lib/AxiomAudit.lean:1749:0: 'CategoryTheory.Abelian.ExtTransgression.TwoStepResolution.Hom.second' depends on axioms: [propext,
info: Lib/AxiomAudit.lean:1751:0: 'CategoryTheory.Abelian.ExtTransgression.TwoStepResolution.Hom.connectingTwo_naturality' depends on axioms: [propext,
info: Lib/AxiomAudit.lean:1756:0: 'CategoryTheory.Abelian.ExtTransgression.homologyCyclesComplex' depends on axioms: [propext,
info: Lib/AxiomAudit.lean:1758:0: 'CategoryTheory.Abelian.ExtTransgression.homologyTwoStepResolution' depends on axioms: [propext,
info: Lib/AxiomAudit.lean:1760:0: 'CategoryTheory.Abelian.ExtTransgression.homologyTwoStepResolutionOfRel' depends on axioms: [propext,
info: Lib/AxiomAudit.lean:1762:0: 'CategoryTheory.Abelian.ExtTransgression.homologyTwoStepResolutionInt' depends on axioms: [propext,
info: Lib/AxiomAudit.lean:1764:0: 'CategoryTheory.Abelian.ExtTransgression.cyclesToHomologyFirst' depends on axioms: [propext,
info: Lib/AxiomAudit.lean:1766:0: 'CategoryTheory.Abelian.ExtTransgression.cyclesFirst_extClass_comp_homologyπ' depends on axioms: [propext,
info: Lib/AxiomAudit.lean:1768:0: 'CategoryTheory.Abelian.ExtTransgression.cochainTransgression_comp_homologyπ' depends on axioms: [propext,
info: Lib/AxiomAudit.lean:1773:0: 'CategoryTheory.Abelian.ExtTransgression.homologyTwoStepResolutionExtendHom' depends on axioms: [propext,
info: Lib/AxiomAudit.lean:1775:0: 'CategoryTheory.Abelian.ExtTransgression.homologyTwoStepResolutionExtend_connectingTwo' depends on axioms: [propext,
info: Lib/AxiomAudit.lean:1777:0: 'CategoryTheory.Abelian.ExtTransgression.homologyTwoStepResolutionExtendUpNatHom' depends on axioms: [propext,
info: Lib/AxiomAudit.lean:1779:0: 'CategoryTheory.Abelian.ExtTransgression.homologyTwoStepResolutionExtendUpNat_connectingTwo' depends on axioms: [propext,
info: Lib/AxiomAudit.lean:1784:0: 'CategoryTheory.Abelian.ExtTransgression.TwoStepResolution.compositeTriangle' depends on axioms: [propext,
info: Lib/AxiomAudit.lean:1786:0: 'CategoryTheory.Abelian.ExtTransgression.TwoStepResolution.compositeTriangle_distinguished' depends on axioms: [propext,
info: Lib/AxiomAudit.lean:1788:0: 'CategoryTheory.Abelian.ExtTransgression.TwoStepResolution.mappingConeCompositeTriangle' depends on axioms: [propext,
info: Lib/AxiomAudit.lean:1790:0: 'CategoryTheory.Abelian.ExtTransgression.TwoStepResolution.mappingConeCompositeTriangle_distinguished' depends on axioms: [propext,
info: Lib/AxiomAudit.lean:1792:0: 'CategoryTheory.Abelian.ExtTransgression.TwoStepResolution.compositeTriangleIsoMappingCone' depends on axioms: [propext,
info: Lib/AxiomAudit.lean:1794:0: 'CategoryTheory.Abelian.ExtTransgression.TwoStepResolution.compositeTriangleIsoMappingCone_hom_hom₁' depends on axioms: [propext,
info: Lib/AxiomAudit.lean:1796:0: 'CategoryTheory.Abelian.ExtTransgression.TwoStepResolution.compositeTriangleIsoMappingCone_hom_hom₂' depends on axioms: [propext,
info: Lib/AxiomAudit.lean:1798:0: 'CategoryTheory.Abelian.ExtTransgression.TwoStepResolution.spliceTriangle' depends on axioms: [propext,
info: Lib/AxiomAudit.lean:1800:0: 'CategoryTheory.Abelian.ExtTransgression.TwoStepResolution.spliceTriangle_obj₁' depends on axioms: [propext,
info: Lib/AxiomAudit.lean:1802:0: 'CategoryTheory.Abelian.ExtTransgression.TwoStepResolution.spliceTriangle_obj₃' depends on axioms: [propext,
info: Lib/AxiomAudit.lean:1804:0: 'CategoryTheory.Abelian.ExtTransgression.TwoStepResolution.spliceTriangleObj₁Iso' depends on axioms: [propext,
info: Lib/AxiomAudit.lean:1806:0: 'CategoryTheory.Abelian.ExtTransgression.TwoStepResolution.spliceTriangleObj₃Iso' depends on axioms: [propext,
info: Lib/AxiomAudit.lean:1808:0: 'CategoryTheory.Abelian.ExtTransgression.TwoStepResolution.spliceTriangle_distinguished' depends on axioms: [propext,
info: Lib/AxiomAudit.lean:1810:0: 'CategoryTheory.Abelian.ExtTransgression.TwoStepResolution.first_singleδ_comp_spliceTriangle_mor₁' depends on axioms: [propext,
info: Lib/AxiomAudit.lean:1812:0: 'CategoryTheory.Abelian.ExtTransgression.TwoStepResolution.compositeTriangle_mor₂_comp_spliceTriangle_mor₂' depends on axioms: [propext,
info: Lib/AxiomAudit.lean:1814:0: 'CategoryTheory.Abelian.ExtTransgression.TwoStepResolution.mappingConeCompositeTriangle_mor₂_comp_inv_hom₃_comp_spliceTriangle_mor₂' depends on axioms: [propext,
info: Lib/AxiomAudit.lean:1816:0: 'CategoryTheory.Abelian.ExtTransgression.TwoStepResolution.spliceTriangle_mor₃' depends on axioms: [propext,
info: Lib/AxiomAudit.lean:1818:0: 'CategoryTheory.Abelian.ExtTransgression.TwoStepResolution.spliceTriangle_homologySequenceδ_apply' depends on axioms: [propext,
info: Lib/AxiomAudit.lean:1823:0: 'CategoryTheory.Abelian.ExtTransgression.TwoStepResolution.mappingConeLowerLift' depends on axioms: [propext,
info: Lib/AxiomAudit.lean:1825:0: 'CategoryTheory.Abelian.ExtTransgression.TwoStepResolution.mappingConeLowerInclusion' depends on axioms: [propext,
info: Lib/AxiomAudit.lean:1827:0: 'CategoryTheory.Abelian.ExtTransgression.TwoStepResolution.mappingConeLowerLift_comp_mor₃' depends on axioms: [propext,
info: Lib/AxiomAudit.lean:1829:0: 'CategoryTheory.Abelian.ExtTransgression.TwoStepResolution.mappingConeLowerInclusion_comp_mor₃' depends on axioms: [propext,
info: Lib/AxiomAudit.lean:1831:0: 'CategoryTheory.Abelian.ExtTransgression.TwoStepResolution.spliceTriangle_mor₁_comp_compositeTriangle_mor₃' depends on axioms: [propext,
info: Lib/AxiomAudit.lean:1833:0: 'CategoryTheory.Abelian.ExtTransgression.TwoStepResolution.spliceTriangle_mor₁_mappingCone' depends on axioms: [propext,
info: Lib/AxiomAudit.lean:1835:0: 'CategoryTheory.Abelian.ExtTransgression.TwoStepResolution.mappingConeLowerInclusion_f_negOne' depends on axioms: [propext,
info: Lib/AxiomAudit.lean:1840:0: 'CategoryTheory.Abelian.ExtTransgression.TwoStepResolution.spliceObjTwoIsoShiftedAdjacentTwoSlice' depends on axioms: [propext,
info: Lib/AxiomAudit.lean:1842:0: 'CategoryTheory.Abelian.ExtTransgression.TwoStepResolution.shiftedAdjacentTwoSliceTriangleIsoSplice' depends on axioms: [propext,
info: Lib/AxiomAudit.lean:1844:0: 'CategoryTheory.Abelian.ExtTransgression.TwoStepResolution.shiftedAdjacentTwoSliceTriangleIsoSplice_hom_hom₂' depends on axioms: [propext,
info: Lib/AxiomAudit.lean:1846:0: 'CategoryTheory.Abelian.ExtTransgression.TwoStepResolution.shiftedAdjacentTwoSliceTriangleIsoSplice_comm₃' depends on axioms: [propext,
info: Lib/AxiomAudit.lean:1851:0: 'CategoryTheory.Abelian.ExtTransgression.TwoStepResolution.shiftedPostnikovAdjacentTriangleIsoSplice' depends on axioms: [propext,
info: Lib/AxiomAudit.lean:1853:0: 'CategoryTheory.Abelian.ExtTransgression.TwoStepResolution.shiftedPostnikovAdjacentTriangleIsoSplice_hom_hom₂' depends on axioms: [propext,
info: Lib/AxiomAudit.lean:1855:0: 'CategoryTheory.Abelian.ExtTransgression.TwoStepResolution.shiftedPostnikovAdjacentTriangleIsoSplice_comm₃_signed' depends on axioms: [propext,
info: Lib/AxiomAudit.lean:1860:0: 'CategoryTheory.Abelian.ExtTransgression.TwoStepResolution.postnikovAdjacent_homologySequenceδ_apply' depends on axioms: [propext,
info: Lib/AxiomAudit.lean:1865:0: 'CategoryTheory.Abelian.ExtTransgression.TwoStepResolution.singleFunctorCompHomologyFunctorIso_inv_comp_homologyFunctorFactors_hom' depends on axioms: [propext,
info: Lib/AxiomAudit.lean:1867:0: 'CategoryTheory.Abelian.ExtTransgression.TwoStepResolution.mappingCone_inr_comp_shiftedAdjacentTwoSliceIsoMappingCone_inv_f_zero' depends on axioms: [propext,
info: Lib/AxiomAudit.lean:1869:0: 'CategoryTheory.Abelian.ExtTransgression.TwoStepResolution.mappingCone_inr_shiftedAdjacentTwoSlice_upper_component' depends on axioms: [propext,
info: Lib/AxiomAudit.lean:1871:0: 'CategoryTheory.Abelian.ExtTransgression.TwoStepResolution.mappingConeCompositeTriangle_mor₂_upper_homology' depends on axioms: [propext,
info: Lib/AxiomAudit.lean:1876:0: 'CategoryTheory.Abelian.ExtTransgression.TwoStepResolution.mappingConeCompositeTriangle_mor₂_comp_concreteUpperEndpoint' depends on axioms: [propext,
info: Lib/AxiomAudit.lean:1878:0: 'CategoryTheory.Abelian.ExtTransgression.TwoStepResolution.shiftedPostnikovAdjacentTriangleIsoSplice_hom_hom₃_upper' depends on axioms: [propext,
info: Lib/AxiomAudit.lean:1883:0: 'CategoryTheory.Abelian.ExtTransgression.TwoStepResolution.shiftedPostnikovAdjacentTriangleIsoSplice_hom_hom₁_lower' depends on axioms: [propext,
info: Lib/AxiomAudit.lean:1888:0: 'CategoryTheory.Abelian.ExtTransgression.TwoStepResolution.coyonedaPostnikovE₂_d₂_splice_apply' depends on axioms: [propext,
info: Lib/AxiomAudit.lean:1890:0: 'CategoryTheory.Abelian.ExtTransgression.TwoStepResolution.coyonedaPostnikovE₂_d₂_connectingTwo_apply' depends on axioms: [propext,
info: Lib/AxiomAudit.lean:1895:0: 'DerivedCategory.postnikovSourceShiftedSliceIso_hom_eq_of_shift' depends on axioms: [propext,
info: Lib/AxiomAudit.lean:1897:0: 'DerivedCategory.coyonedaPostnikovE₂PageIso_zero_to_d₂SourceEndpoint' depends on axioms: [propext,
info: Lib/AxiomAudit.lean:1899:0: 'CategoryTheory.Abelian.ExtTransgression.TwoStepResolution.coyonedaPostnikovD₂SourceHom' depends on axioms: [propext,
info: Lib/AxiomAudit.lean:1901:0: 'CategoryTheory.Abelian.ExtTransgression.TwoStepResolution.coyonedaPostnikovD₂SpliceSource_eq' depends on axioms: [propext,
info: Lib/AxiomAudit.lean:1903:0: 'CategoryTheory.Abelian.ExtTransgression.TwoStepResolution.connectingTwo_negOnePow_cancel' depends on axioms: [propext,
info: Lib/AxiomAudit.lean:1908:0: 'CategoryTheory.Abelian.ExtTransgression.TwoStepResolution.postnikovTargetExtIso' depends on axioms: [propext,
info: Lib/AxiomAudit.lean:1910:0: 'CategoryTheory.Abelian.ExtTransgression.TwoStepResolution.postnikovTargetSingleShiftIso_naturality_of_shift' depends on axioms: [propext,
info: Lib/AxiomAudit.lean:1912:0: 'CategoryTheory.Abelian.ExtTransgression.TwoStepResolution.postnikovTargetSingleShiftIso_naturality_of_shift_assoc' depends on axioms: [propext,
info: Lib/AxiomAudit.lean:1914:0: 'CategoryTheory.Abelian.ExtTransgression.TwoStepResolution.postnikovTargetSingleShiftIso_hom_inv_of_shift' depends on axioms: [propext,
info: Lib/AxiomAudit.lean:1916:0: 'CategoryTheory.Abelian.ExtTransgression.TwoStepResolution.postnikovTargetSingleShiftIso_hom_inv_of_shift_assoc' depends on axioms: [propext,
info: Lib/AxiomAudit.lean:1918:0: 'CategoryTheory.Abelian.ExtTransgression.TwoStepResolution.postnikovTargetSingleShiftIso_naturality' depends on axioms: [propext,
info: Lib/AxiomAudit.lean:1920:0: 'CategoryTheory.Abelian.ExtTransgression.TwoStepResolution.postnikovTargetSingleShiftIso_naturality_assoc' depends on axioms: [propext,
info: Lib/AxiomAudit.lean:1922:0: 'CategoryTheory.Abelian.ExtTransgression.TwoStepResolution.postnikovTargetExtIso_hom_eq_of_shift' depends on axioms: [propext,
info: Lib/AxiomAudit.lean:1924:0: 'CategoryTheory.Abelian.ExtTransgression.TwoStepResolution.postnikovTargetExtIso_hom_eq_shiftedLowerEndpoint' depends on axioms: [propext,
info: Lib/AxiomAudit.lean:1926:0: 'CategoryTheory.Abelian.ExtTransgression.TwoStepResolution.lowerTargetShift_naturality' depends on axioms: [propext,
info: Lib/AxiomAudit.lean:1928:0: 'CategoryTheory.Abelian.ExtTransgression.TwoStepResolution.lowerTargetShift_naturality_assoc' depends on axioms: [propext,
info: Lib/AxiomAudit.lean:1930:0: 'CategoryTheory.Abelian.ExtTransgression.TwoStepResolution.lowerTargetShift_of_fac' depends on axioms: [propext,
info: Lib/AxiomAudit.lean:1932:0: 'CategoryTheory.Abelian.ExtTransgression.TwoStepResolution.coyonedaPostnikovD₂TargetExt' depends on axioms: [propext,
info: Lib/AxiomAudit.lean:1937:0: 'CategoryTheory.Abelian.ExtTransgression.TwoStepResolution.coyonedaPostnikovD₂TargetExt_hom_eq_splice' depends on axioms: [propext,
info: Lib/AxiomAudit.lean:1939:0: 'CategoryTheory.Abelian.ExtTransgression.TwoStepResolution.coyonedaPostnikovD₂TargetExt_d₂' depends on axioms: [propext,
info: Lib/AxiomAudit.lean:1943:0: 'CategoryTheory.Abelian.Ext.mapExactFunctor_compFunctor' depends on axioms: [propext, Classical.choice, Quot.sound]
info: Lib/AxiomAudit.lean:1945:0: 'CategoryTheory.Abelian.Ext.mapExactFunctor_id' depends on axioms: [propext, Classical.choice, Quot.sound]
info: Lib/AxiomAudit.lean:1947:0: 'CategoryTheory.Abelian.Ext.mapExactFunctor_natTrans' depends on axioms: [propext, Classical.choice, Quot.sound]
info: Lib/AxiomAudit.lean:1951:0: 'CategoryTheory.Abelian.Ext.ExactFunctorComparison.map' depends on axioms: [propext, Classical.choice, Quot.sound]
info: Lib/AxiomAudit.lean:1953:0: 'CategoryTheory.Abelian.Ext.ExactFunctorComparison.map_mk₀' depends on axioms: [propext, Classical.choice, Quot.sound]
info: Lib/AxiomAudit.lean:1955:0: 'CategoryTheory.Abelian.Ext.ExactFunctorComparison.map_naturality' depends on axioms: [propext,
info: Lib/AxiomAudit.lean:1957:0: 'CategoryTheory.Abelian.Ext.ExactFunctorComparison.map_connecting' depends on axioms: [propext,
info: Lib/AxiomAudit.lean:1959:0: 'CategoryTheory.Abelian.Ext.ExactFunctorComparison.map_zero_bijective' depends on axioms: [propext,
info: Lib/AxiomAudit.lean:1961:0: 'CategoryTheory.Abelian.Ext.ExactFunctorComparison.map_bijective' depends on axioms: [propext,
info: Lib/AxiomAudit.lean:1963:0: 'CategoryTheory.Abelian.Ext.ExactFunctorComparison.equiv' depends on axioms: [propext, Classical.choice, Quot.sound]
info: Lib/AxiomAudit.lean:1965:0: 'CategoryTheory.Abelian.Ext.ExactFunctorComparison.precompose' depends on axioms: [propext,
info: Lib/AxiomAudit.lean:1967:0: 'CategoryTheory.Abelian.Ext.ExactFunctorComparison.comp' depends on axioms: [propext, Classical.choice, Quot.sound]
info: Lib/AxiomAudit.lean:1969:0: 'CategoryTheory.Abelian.Ext.ExactFunctorComparison.natTrans' depends on axioms: [propext, Classical.choice, Quot.sound]
info: Lib/AxiomAudit.lean:1971:0: 'CategoryTheory.Abelian.Ext.ExactFunctorComparison.comp_natTrans' depends on axioms: [propext,
info: Lib/AxiomAudit.lean:1973:0: 'CategoryTheory.Abelian.Ext.ExactFunctorComparison.natTrans_id' depends on axioms: [propext,
info: Lib/AxiomAudit.lean:1980:0: 'CategoryTheory.ShortComplex.ab_homologyπ_comp_abHomologyIso_hom' depends on axioms: [propext,
info: Lib/AxiomAudit.lean:1982:0: 'CategoryTheory.ShortComplex.shortCycleClass' depends on axioms: [propext, Classical.choice, Quot.sound]
info: Lib/AxiomAudit.lean:1984:0: 'CategoryTheory.ShortComplex.shortHomologyMap_cycleClass' depends on axioms: [propext, Classical.choice, Quot.sound]
info: Lib/AxiomAudit.lean:1986:0: 'CategoryTheory.HomologicalComplex.homologyIsoSc'_hom_naturality' depends on axioms: [propext,
info: Lib/AxiomAudit.lean:1988:0: 'CategoryTheory.InjectiveResolution.evaluatedResolution' depends on axioms: [propext, Classical.choice, Quot.sound]
info: Lib/AxiomAudit.lean:1990:0: 'CategoryTheory.InjectiveResolution.evaluatedResolutionMap' depends on axioms: [propext, Classical.choice, Quot.sound]
info: Lib/AxiomAudit.lean:1992:0: 'CategoryTheory.InjectiveResolution.evaluatedResolutionXAddEquiv' depends on axioms: [propext,
info: Lib/AxiomAudit.lean:1994:0: 'CategoryTheory.InjectiveResolution.evaluatedResolutionXAddEquiv_d' depends on axioms: [propext,
info: Lib/AxiomAudit.lean:1996:0: 'CategoryTheory.InjectiveResolution.positiveShortComplex' depends on axioms: [propext, Classical.choice, Quot.sound]
info: Lib/AxiomAudit.lean:1998:0: 'CategoryTheory.InjectiveResolution.positiveShortComplexMap' depends on axioms: [propext, Classical.choice, Quot.sound]
info: Lib/AxiomAudit.lean:2000:0: 'CategoryTheory.InjectiveResolution.positiveX₁AddEquiv' depends on axioms: [propext, Classical.choice, Quot.sound]
info: Lib/AxiomAudit.lean:2002:0: 'CategoryTheory.InjectiveResolution.positiveX₂AddEquiv' depends on axioms: [propext, Classical.choice, Quot.sound]
info: Lib/AxiomAudit.lean:2004:0: 'CategoryTheory.InjectiveResolution.positiveX₃AddEquiv' depends on axioms: [propext, Classical.choice, Quot.sound]
info: Lib/AxiomAudit.lean:2006:0: 'CategoryTheory.InjectiveResolution.positiveShortComplex_f_apply' depends on axioms: [propext,
info: Lib/AxiomAudit.lean:2008:0: 'CategoryTheory.InjectiveResolution.positiveShortComplex_g_apply' depends on axioms: [propext,
info: Lib/AxiomAudit.lean:2010:0: 'CategoryTheory.InjectiveResolution.positiveShortComplexMap_τ₂_apply' depends on axioms: [propext,
info: Lib/AxiomAudit.lean:2012:0: 'CategoryTheory.InjectiveResolution.positiveCycle_isCycle' depends on axioms: [propext, Classical.choice, Quot.sound]
info: Lib/AxiomAudit.lean:2014:0: 'CategoryTheory.InjectiveResolution.positiveCyclePrecomp' depends on axioms: [propext, Classical.choice, Quot.sound]
info: Lib/AxiomAudit.lean:2016:0: 'CategoryTheory.InjectiveResolution.positiveShortComplexMap_τ₂_cycle' depends on axioms: [propext,
info: Lib/AxiomAudit.lean:2018:0: 'CategoryTheory.InjectiveResolution.positiveCyclesToExt' depends on axioms: [propext, Classical.choice, Quot.sound]
info: Lib/AxiomAudit.lean:2020:0: 'CategoryTheory.InjectiveResolution.positiveCyclesToExt_precomp' depends on axioms: [propext,
info: Lib/AxiomAudit.lean:2022:0: 'CategoryTheory.InjectiveResolution.positiveCyclesToExt_boundary' depends on axioms: [propext,
info: Lib/AxiomAudit.lean:2024:0: 'CategoryTheory.InjectiveResolution.positiveQuotientToExt' depends on axioms: [propext, Classical.choice, Quot.sound]
info: Lib/AxiomAudit.lean:2026:0: 'CategoryTheory.InjectiveResolution.positiveQuotientToExt_surjective' depends on axioms: [propext,
info: Lib/AxiomAudit.lean:2028:0: 'CategoryTheory.InjectiveResolution.positiveCyclesToExt_surjective' depends on axioms: [propext,
info: Lib/AxiomAudit.lean:2030:0: 'CategoryTheory.InjectiveResolution.positiveQuotientToExt_injective' depends on axioms: [propext,
info: Lib/AxiomAudit.lean:2032:0: 'CategoryTheory.InjectiveResolution.positiveQuotientToExt_bijective' depends on axioms: [propext,
info: Lib/AxiomAudit.lean:2034:0: 'CategoryTheory.InjectiveResolution.positiveHomologyExtIso' depends on axioms: [propext, Classical.choice, Quot.sound]
info: Lib/AxiomAudit.lean:2036:0: 'CategoryTheory.InjectiveResolution.positiveCycleClass' depends on axioms: [propext, Classical.choice, Quot.sound]
info: Lib/AxiomAudit.lean:2038:0: 'CategoryTheory.InjectiveResolution.positiveCycleClass_naturality' depends on axioms: [propext,
info: Lib/AxiomAudit.lean:2040:0: 'CategoryTheory.InjectiveResolution.positiveHomologyExtIso_hom_cycleClass' depends on axioms: [propext,
info: Lib/AxiomAudit.lean:2042:0: 'CategoryTheory.InjectiveResolution.positiveCycleClass_surjective' depends on axioms: [propext,
info: Lib/AxiomAudit.lean:2044:0: 'CategoryTheory.InjectiveResolution.positiveHomologyExtIso_hom_naturality' depends on axioms: [propext,
info: Lib/AxiomAudit.lean:2046:0: 'CategoryTheory.InjectiveResolution.positiveHomologyExtIso_hom_naturality_assoc' depends on axioms: [propext,
info: Lib/AxiomAudit.lean:2048:0: 'CategoryTheory.InjectiveResolution.coyonedaHomologyFunctor' depends on axioms: [propext, Classical.choice, Quot.sound]
info: Lib/AxiomAudit.lean:2050:0: 'CategoryTheory.InjectiveResolution.positiveHomologyExtNatIso' depends on axioms: [propext,
info: Lib/AxiomAudit.lean:2055:0: 'TopCat.Sheaf.sheafification' depends on axioms: [propext, Classical.choice, Quot.sound]
info: Lib/AxiomAudit.lean:2057:0: 'TopCat.Sheaf.sheafification_additive' depends on axioms: [propext, Classical.choice, Quot.sound]
info: Lib/AxiomAudit.lean:2062:0: 'TopCat.Sheaf.globalSectionsFunctor' depends on axioms: [propext, Classical.choice, Quot.sound]
info: Lib/AxiomAudit.lean:2064:0: 'TopCat.Sheaf.globalSectionsFunctor_additive' depends on axioms: [propext, Classical.choice, Quot.sound]
info: Lib/AxiomAudit.lean:2069:0: 'TopCat.Sheaf.pushforwardAdditive' depends on axioms: [propext, Classical.choice, Quot.sound]
info: Lib/AxiomAudit.lean:2074:0: 'CategoryTheory.Sheaf.instAddCommGroupH' depends on axioms: [propext, Classical.choice, Quot.sound]
info: Lib/AxiomAudit.lean:2079:0: 'CategoryTheory.GrothendieckTopology.MayerVietorisSquare.cohomology_succ_subsingleton' depends on axioms: [propext,
info: Lib/AxiomAudit.lean:2081:0: 'TopCat.Sheaf.MayerVietoris.restrictedCohomology_succ_subsingleton' depends on axioms: [propext,
info: Lib/AxiomAudit.lean:2086:0: 'TopCat.ConstantSheaf.integralSheaf' depends on axioms: [propext, Classical.choice, Quot.sound]
info: Lib/AxiomAudit.lean:2088:0: 'TopCat.ConstantSheaf.integralHomGlobalEquiv' depends on axioms: [propext, Classical.choice, Quot.sound]
info: Lib/AxiomAudit.lean:2090:0: 'TopCat.ConstantSheaf.integralHomGlobalEquiv_naturality' depends on axioms: [propext, Classical.choice, Quot.sound]
info: Lib/AxiomAudit.lean:2092:0: 'TopCat.ConstantSheaf.integralHomGlobalEquiv_id' depends on axioms: [propext, Classical.choice, Quot.sound]
info: Lib/AxiomAudit.lean:2094:0: 'TopCat.ConstantSheaf.integralGlobalSectionsEquiv' depends on axioms: [propext, Classical.choice, Quot.sound]
info: Lib/AxiomAudit.lean:2096:0: 'TopCat.ConstantSheaf.integralHomPushforwardEquiv' depends on axioms: [propext, Classical.choice, Quot.sound]
info: Lib/AxiomAudit.lean:2098:0: 'TopCat.ConstantSheaf.integralHomPushforwardEquiv_global' depends on axioms: [propext, Classical.choice, Quot.sound]
info: Lib/AxiomAudit.lean:2100:0: 'TopCat.ConstantSheaf.integralHomPushforwardEquiv_naturality' depends on axioms: [propext, Classical.choice, Quot.sound]
info: Lib/AxiomAudit.lean:2102:0: 'TopCat.ConstantSheaf.integralPushforwardHom_global' depends on axioms: [propext, Classical.choice, Quot.sound]
info: Lib/AxiomAudit.lean:2104:0: 'TopCat.ConstantSheaf.integralPushforwardHom_comp' depends on axioms: [propext, Classical.choice, Quot.sound]
info: Lib/AxiomAudit.lean:2106:0: 'TopCat.ConstantSheaf.integralPushforwardHom_comp_bijective' depends on axioms: [propext, Classical.choice, Quot.sound]
info: Lib/AxiomAudit.lean:2110:0: 'CategoryTheory.Sheaf.Leray.AbelianSheaf' depends on axioms: [propext, Classical.choice, Quot.sound]
info: Lib/AxiomAudit.lean:2112:0: 'CategoryTheory.Sheaf.Leray.abelianSheafHasExt' depends on axioms: [propext, Classical.choice, Quot.sound]
info: Lib/AxiomAudit.lean:2114:0: 'CategoryTheory.Sheaf.Leray.sheafCohomologyAddCommGroup' depends on axioms: [propext, Classical.choice, Quot.sound]
info: Lib/AxiomAudit.lean:2116:0: 'CategoryTheory.Sheaf.Leray.pushforward' depends on axioms: [propext, Classical.choice, Quot.sound]
info: Lib/AxiomAudit.lean:2118:0: 'CategoryTheory.Sheaf.Leray.pushforwardAdditive' depends on axioms: [propext, Classical.choice, Quot.sound]
info: Lib/AxiomAudit.lean:2120:0: 'CategoryTheory.Sheaf.Leray.higherDirectImage' depends on axioms: [propext, Classical.choice, Quot.sound]
info: Lib/AxiomAudit.lean:2122:0: 'CategoryTheory.Sheaf.Leray.higherDirectImageSheaf' depends on axioms: [propext, Classical.choice, Quot.sound]
info: Lib/AxiomAudit.lean:2124:0: 'CategoryTheory.Sheaf.Leray.higherDirectImageResolutionIso' depends on axioms: [propext, Classical.choice, Quot.sound]
info: Lib/AxiomAudit.lean:2126:0: 'CategoryTheory.Sheaf.Leray.pushedResolution' depends on axioms: [propext, Classical.choice, Quot.sound]
info: Lib/AxiomAudit.lean:2128:0: 'CategoryTheory.Sheaf.Leray.E₂' depends on axioms: [propext, Classical.choice, Quot.sound]
info: Lib/AxiomAudit.lean:2130:0: 'CategoryTheory.Sheaf.Leray.resolutionCohomologyIso' depends on axioms: [propext, Classical.choice, Quot.sound]
info: Lib/AxiomAudit.lean:2132:0: 'CategoryTheory.Sheaf.Leray.resolutionCohomologyIso_hom_apply' depends on axioms: [propext,
info: Lib/AxiomAudit.lean:2134:0: 'CategoryTheory.Sheaf.Leray.resolutionCohomologyIso_inv_apply' depends on axioms: [propext,
info: Lib/AxiomAudit.lean:2136:0: 'CategoryTheory.Sheaf.Leray.resolutionExtZeroIso' depends on axioms: [propext, Classical.choice, Quot.sound]
info: Lib/AxiomAudit.lean:2138:0: 'CategoryTheory.Sheaf.Leray.resolutionExtZeroIso_hom_apply' depends on axioms: [propext, Classical.choice, Quot.sound]
info: Lib/AxiomAudit.lean:2140:0: 'CategoryTheory.Sheaf.Leray.resolutionExtZeroIso_inv_apply' depends on axioms: [propext, Classical.choice, Quot.sound]
info: Lib/AxiomAudit.lean:2142:0: 'CategoryTheory.Sheaf.Leray.resolutionTransgressionMorphismOfResolution' depends on axioms: [propext,
info: Lib/AxiomAudit.lean:2144:0: 'CategoryTheory.Sheaf.Leray.resolutionTransgressionMorphismOfResolution_eq_connectingTwo' depends on axioms: [propext,
info: Lib/AxiomAudit.lean:2146:0: 'CategoryTheory.Sheaf.Leray.resolutionTransgressionMorphism' depends on axioms: [propext, Classical.choice, Quot.sound]
info: Lib/AxiomAudit.lean:2148:0: 'CategoryTheory.Sheaf.Leray.resolutionTransgressionAddOfResolution' depends on axioms: [propext,
info: Lib/AxiomAudit.lean:2150:0: 'CategoryTheory.Sheaf.Leray.resolutionTransgressionAddOfResolution_apply_eq_connectingTwo' depends on axioms: [propext,
info: Lib/AxiomAudit.lean:2152:0: 'CategoryTheory.Sheaf.Leray.resolutionTransgressionAddOfResolution_apply_ne_zero_iff_connectingTwo' depends on axioms: [propext,
info: Lib/AxiomAudit.lean:2154:0: 'CategoryTheory.Sheaf.Leray.resolutionTransgressionAdd' depends on axioms: [propext, Classical.choice, Quot.sound]
info: Lib/AxiomAudit.lean:2156:0: 'CategoryTheory.Sheaf.Leray.resolutionTransgressionOfResolution' depends on axioms: [propext,
info: Lib/AxiomAudit.lean:2158:0: 'CategoryTheory.Sheaf.Leray.resolutionTransgression' depends on axioms: [propext, Classical.choice, Quot.sound]
info: Lib/AxiomAudit.lean:2160:0: 'CategoryTheory.Sheaf.Leray.resolutionTransgression_apply_ne_zero_iff_connectingTwo' depends on axioms: [propext,
info: Lib/AxiomAudit.lean:2165:0: 'CategoryTheory.Sheaf.Leray.pushedResolutionDerivedObject' depends on axioms: [propext, Classical.choice, Quot.sound]
info: Lib/AxiomAudit.lean:2167:0: 'CategoryTheory.Sheaf.Leray.integralDerivedObject' depends on axioms: [propext, Classical.choice, Quot.sound]
info: Lib/AxiomAudit.lean:2169:0: 'CategoryTheory.Sheaf.Leray.pushedResolutionDerivedObject_isGE' depends on axioms: [propext,
info: Lib/AxiomAudit.lean:2171:0: 'CategoryTheory.Sheaf.Leray.integralDerivedObject_isLE' depends on axioms: [propext, Classical.choice, Quot.sound]
info: Lib/AxiomAudit.lean:2173:0: 'CategoryTheory.Sheaf.Leray.pushedResolutionDerivedObjectHomologyIso' depends on axioms: [propext,
info: Lib/AxiomAudit.lean:2175:0: 'CategoryTheory.Sheaf.Leray.pushedResolutionDerivedObjectHomologyHigherDirectImageIso' depends on axioms: [propext,
info: Lib/AxiomAudit.lean:2177:0: 'CategoryTheory.Sheaf.Leray.resolutionPostnikovSpectralObject' depends on axioms: [propext,
info: Lib/AxiomAudit.lean:2179:0: 'CategoryTheory.Sheaf.Leray.resolutionPostnikovSpectralSequence' depends on axioms: [propext,
info: Lib/AxiomAudit.lean:2181:0: 'CategoryTheory.Sheaf.Leray.resolutionPostnikovTotalIso' depends on axioms: [propext, Classical.choice, Quot.sound]
info: Lib/AxiomAudit.lean:2183:0: 'CategoryTheory.Sheaf.Leray.resolutionPostnikovE₂PageIso' depends on axioms: [propext, Classical.choice, Quot.sound]
info: Lib/AxiomAudit.lean:2185:0: 'CategoryTheory.Sheaf.Leray.resolutionPostnikovSliceHigherDirectImageIso' depends on axioms: [propext,
info: Lib/AxiomAudit.lean:2187:0: 'CategoryTheory.Sheaf.Leray.resolutionPostnikovShiftedSliceHigherDirectImageIso' depends on axioms: [propext,
info: Lib/AxiomAudit.lean:2189:0: 'CategoryTheory.Sheaf.Leray.resolutionPostnikovE₂Iso' depends on axioms: [propext, Classical.choice, Quot.sound]
info: Lib/AxiomAudit.lean:2191:0: 'CategoryTheory.Sheaf.Leray.resolutionPostnikovE₂AddEquiv' depends on axioms: [propext, Classical.choice, Quot.sound]
info: Lib/AxiomAudit.lean:2196:0: 'CategoryTheory.Sheaf.Leray.resolutionPostnikovE₂_d₂_eq' depends on axioms: [propext, Classical.choice, Quot.sound]
info: Lib/AxiomAudit.lean:2201:0: 'CategoryTheory.Sheaf.Leray.resolutionPostnikovE₂AddEquiv_source_coordinate' depends on axioms: [propext,
info: Lib/AxiomAudit.lean:2203:0: 'CategoryTheory.Sheaf.Leray.resolutionPostnikovE₂AddEquiv_target_coordinate' depends on axioms: [propext,
info: Lib/AxiomAudit.lean:2208:0: 'CategoryTheory.Sheaf.Leray.resolutionPostnikovE₂_d₂_eq_transgression' depends on axioms: [propext,
info: Lib/AxiomAudit.lean:2213:0: 'CategoryTheory.Sheaf.Leray.mappedExtendedResolution' depends on axioms: [propext, Classical.choice, Quot.sound]
info: Lib/AxiomAudit.lean:2215:0: 'CategoryTheory.Sheaf.Leray.mappedExtendedResolutionIso' depends on axioms: [propext, Classical.choice, Quot.sound]
info: Lib/AxiomAudit.lean:2217:0: 'CategoryTheory.Sheaf.Leray.pushforwardPreservesInjectiveObjects' depends on axioms: [propext,
info: Lib/AxiomAudit.lean:2219:0: 'CategoryTheory.Sheaf.Leray.mappedExtendedResolution_isKInjective' depends on axioms: [propext,
info: Lib/AxiomAudit.lean:2221:0: 'CategoryTheory.Sheaf.Leray.integralCoyonedaPushforwardIso' depends on axioms: [propext, Classical.choice, Quot.sound]
info: Lib/AxiomAudit.lean:2223:0: 'CategoryTheory.Sheaf.Leray.integralCoyonedaPushforwardHomologyIso' depends on axioms: [propext,
info: Lib/AxiomAudit.lean:2225:0: 'CategoryTheory.Sheaf.Leray.resolutionDerivedHomCohomologyEquiv' depends on axioms: [propext,
info: Lib/AxiomAudit.lean:2227:0: 'CategoryTheory.Sheaf.Leray.resolutionPostnikovTotalCohomologyEquiv' depends on axioms: [propext,
info: Lib/AxiomAudit.lean:2233:0: 'ThreefoldGluing.Data' depends on axioms: [propext, Classical.choice, Quot.sound]
info: Lib/AxiomAudit.lean:2235:0: 'ThreefoldGluing.Data.mk' depends on axioms: [propext, Classical.choice, Quot.sound]
info: Lib/AxiomAudit.lean:2237:0: 'ThreefoldGluing.Data.J' depends on axioms: [propext, Classical.choice, Quot.sound]
info: Lib/AxiomAudit.lean:2239:0: 'ThreefoldGluing.Data.patch' depends on axioms: [propext, Classical.choice, Quot.sound]
info: Lib/AxiomAudit.lean:2241:0: 'ThreefoldGluing.Data.cover' depends on axioms: [propext, Classical.choice, Quot.sound]
info: Lib/AxiomAudit.lean:2243:0: 'ThreefoldGluing.Data.piece' depends on axioms: [propext, Classical.choice, Quot.sound]
info: Lib/AxiomAudit.lean:2245:0: 'ThreefoldGluing.Data.toBase' depends on axioms: [propext, Classical.choice, Quot.sound]
info: Lib/AxiomAudit.lean:2247:0: 'ThreefoldGluing.Data.toBase_mem' depends on axioms: [propext, Classical.choice, Quot.sound]
info: Lib/AxiomAudit.lean:2249:0: 'ThreefoldGluing.Data.transition' depends on axioms: [propext, Classical.choice, Quot.sound]
info: Lib/AxiomAudit.lean:2251:0: 'ThreefoldGluing.Data.source_eq' depends on axioms: [propext, Classical.choice, Quot.sound]
info: Lib/AxiomAudit.lean:2253:0: 'ThreefoldGluing.Data.self_eq' depends on axioms: [propext, Classical.choice, Quot.sound]
info: Lib/AxiomAudit.lean:2255:0: 'ThreefoldGluing.Data.symm_eq' depends on axioms: [propext, Classical.choice, Quot.sound]
info: Lib/AxiomAudit.lean:2257:0: 'ThreefoldGluing.Data.preserves_base' depends on axioms: [propext, Classical.choice, Quot.sound]
info: Lib/AxiomAudit.lean:2259:0: 'ThreefoldGluing.Data.cocycle' depends on axioms: [propext, Classical.choice, Quot.sound]
info: Lib/AxiomAudit.lean:2261:0: 'ThreefoldGluing.Data.transition_map_source' depends on axioms: [propext, Classical.choice, Quot.sound]
info: Lib/AxiomAudit.lean:2263:0: 'ThreefoldGluing.Data.transition_inter' depends on axioms: [propext, Classical.choice, Quot.sound]
info: Lib/AxiomAudit.lean:2265:0: 'ThreefoldGluing.Data.gluingCore' depends on axioms: [propext, Classical.choice, Quot.sound]
info: Lib/AxiomAudit.lean:2267:0: 'ThreefoldGluing.Data.gluing' depends on axioms: [propext, Classical.choice, Quot.sound]
info: Lib/AxiomAudit.lean:2269:0: 'ThreefoldGluing.Data.Space' depends on axioms: [propext, Classical.choice, Quot.sound]
info: Lib/AxiomAudit.lean:2271:0: 'ThreefoldGluing.Data.inclusion' depends on axioms: [propext, Classical.choice, Quot.sound]
info: Lib/AxiomAudit.lean:2273:0: 'ThreefoldGluing.Data.inclusion_openEmbedding' depends on axioms: [propext, Classical.choice, Quot.sound]
info: Lib/AxiomAudit.lean:2275:0: 'ThreefoldGluing.Data.inclusion_jointly_surjective' depends on axioms: [propext, Classical.choice, Quot.sound]
info: Lib/AxiomAudit.lean:2277:0: 'ThreefoldGluing.Data.inclusion_eq_iff' depends on axioms: [propext, Classical.choice, Quot.sound]
info: Lib/AxiomAudit.lean:2279:0: 'ThreefoldGluing.Data.representative' depends on axioms: [propext, Classical.choice, Quot.sound]
info: Lib/AxiomAudit.lean:2281:0: 'ThreefoldGluing.Data.inclusion_representative' depends on axioms: [propext, Classical.choice, Quot.sound]
info: Lib/AxiomAudit.lean:2283:0: 'ThreefoldGluing.Data.parametrization' depends on axioms: [propext, Classical.choice, Quot.sound]
info: Lib/AxiomAudit.lean:2285:0: 'ThreefoldGluing.Data.parametrization_target' depends on axioms: [propext, Classical.choice, Quot.sound]
info: Lib/AxiomAudit.lean:2287:0: 'ThreefoldGluing.Data.parametrization_transition' depends on axioms: [propext, Classical.choice, Quot.sound]
info: Lib/AxiomAudit.lean:2289:0: 'ThreefoldGluing.Data.projection' depends on axioms: [propext, Classical.choice, Quot.sound]
info: Lib/AxiomAudit.lean:2291:0: 'ThreefoldGluing.Data.projection_inclusion' depends on axioms: [propext, Classical.choice, Quot.sound]
info: Lib/AxiomAudit.lean:2293:0: 'ThreefoldGluing.Data.projection_continuous' depends on axioms: [propext, Classical.choice, Quot.sound]
info: Lib/AxiomAudit.lean:2295:0: 'ThreefoldGluing.Data.inclusion_range' depends on axioms: [propext, Classical.choice, Quot.sound]
info: Lib/AxiomAudit.lean:2297:0: 'ThreefoldGluing.Data.localProjection' depends on axioms: [propext, Classical.choice, Quot.sound]
info: Lib/AxiomAudit.lean:2299:0: 'ThreefoldGluing.Data.patchHomeomorph' depends on axioms: [propext, Classical.choice, Quot.sound]
info: Lib/AxiomAudit.lean:2301:0: 'ThreefoldGluing.Data.patchHomeomorph_projection' depends on axioms: [propext, Classical.choice, Quot.sound]
info: Lib/AxiomAudit.lean:2303:0: 'SpecialPeriods.Threefold.Star.Input' depends on axioms: [propext, Classical.choice, Quot.sound]
info: Lib/AxiomAudit.lean:2305:0: 'SpecialPeriods.Threefold.Star.Input.mk' depends on axioms: [propext, Classical.choice, Quot.sound]
info: Lib/AxiomAudit.lean:2307:0: 'SpecialPeriods.Threefold.Star.Input.patch' depends on axioms: [propext, Classical.choice, Quot.sound]
info: Lib/AxiomAudit.lean:2309:0: 'SpecialPeriods.Threefold.Star.Input.cover' depends on axioms: [propext, Classical.choice, Quot.sound]
info: Lib/AxiomAudit.lean:2311:0: 'SpecialPeriods.Threefold.Star.Input.disjoint' depends on axioms: [propext, Classical.choice, Quot.sound]
info: Lib/AxiomAudit.lean:2313:0: 'SpecialPeriods.Threefold.Star.Input.piece' depends on axioms: [propext, Classical.choice, Quot.sound]
info: Lib/AxiomAudit.lean:2315:0: 'SpecialPeriods.Threefold.Star.Input.toBase' depends on axioms: [propext, Classical.choice, Quot.sound]
info: Lib/AxiomAudit.lean:2317:0: 'SpecialPeriods.Threefold.Star.Input.toBase_mem' depends on axioms: [propext, Classical.choice, Quot.sound]
info: Lib/AxiomAudit.lean:2319:0: 'SpecialPeriods.Threefold.Star.Input.overlap' depends on axioms: [propext, Classical.choice, Quot.sound]
info: Lib/AxiomAudit.lean:2321:0: 'SpecialPeriods.Threefold.Star.Input.source_eq' depends on axioms: [propext, Classical.choice, Quot.sound]
info: Lib/AxiomAudit.lean:2323:0: 'SpecialPeriods.Threefold.Star.Input.target_eq' depends on axioms: [propext, Classical.choice, Quot.sound]
info: Lib/AxiomAudit.lean:2325:0: 'SpecialPeriods.Threefold.Star.Input.preserves_base' depends on axioms: [propext, Classical.choice, Quot.sound]
info: Lib/AxiomAudit.lean:2327:0: 'SpecialPeriods.Threefold.Star.Input.transition' depends on axioms: [propext, Classical.choice, Quot.sound]
info: Lib/AxiomAudit.lean:2329:0: 'SpecialPeriods.Threefold.Star.Input.transition_none_none' depends on axioms: [propext, Classical.choice, Quot.sound]
info: Lib/AxiomAudit.lean:2331:0: 'SpecialPeriods.Threefold.Star.Input.transition_none_some' depends on axioms: [propext, Classical.choice, Quot.sound]
info: Lib/AxiomAudit.lean:2333:0: 'SpecialPeriods.Threefold.Star.Input.transition_some_none' depends on axioms: [propext, Classical.choice, Quot.sound]
info: Lib/AxiomAudit.lean:2335:0: 'SpecialPeriods.Threefold.Star.Input.transition_some_self' depends on axioms: [propext, Classical.choice, Quot.sound]
info: Lib/AxiomAudit.lean:2337:0: 'SpecialPeriods.Threefold.Star.Input.transition_some_some_of_ne' depends on axioms: [propext,
info: Lib/AxiomAudit.lean:2339:0: 'SpecialPeriods.Threefold.Star.Input.transition_self' depends on axioms: [propext, Classical.choice, Quot.sound]
info: Lib/AxiomAudit.lean:2341:0: 'SpecialPeriods.Threefold.Star.Input.transition_symm' depends on axioms: [propext, Classical.choice, Quot.sound]
info: Lib/AxiomAudit.lean:2343:0: 'SpecialPeriods.Threefold.Star.Input.overlap_symm_preserves_base' depends on axioms: [propext,
info: Lib/AxiomAudit.lean:2345:0: 'SpecialPeriods.Threefold.Star.Input.toBase_preimage_own' depends on axioms: [propext, Classical.choice, Quot.sound]
info: Lib/AxiomAudit.lean:2347:0: 'SpecialPeriods.Threefold.Star.Input.filling_preimage_eq_empty' depends on axioms: [propext,
info: Lib/AxiomAudit.lean:2349:0: 'SpecialPeriods.Threefold.Star.Input.transition_some_some_source_eq_empty' depends on axioms: [propext,
info: Lib/AxiomAudit.lean:2351:0: 'SpecialPeriods.Threefold.Star.Input.transition_source_eq' depends on axioms: [propext, Classical.choice, Quot.sound]
info: Lib/AxiomAudit.lean:2353:0: 'SpecialPeriods.Threefold.Star.Input.transition_preserves_base' depends on axioms: [propext,
info: Lib/AxiomAudit.lean:2355:0: 'SpecialPeriods.Threefold.Star.Input.eq_or_eq_or_eq_of_common_base' depends on axioms: [propext,
info: Lib/AxiomAudit.lean:2357:0: 'SpecialPeriods.Threefold.Star.Input.transition_cocycle' depends on axioms: [propext, Classical.choice, Quot.sound]
info: Lib/AxiomAudit.lean:2359:0: 'SpecialPeriods.Threefold.Star.Input.toData' depends on axioms: [propext, Classical.choice, Quot.sound]
info: Lib/AxiomAudit.lean:2361:0: 'ThreefoldGluing.Data.parametrization_symm_inclusion' depends on axioms: [propext, Classical.choice, Quot.sound]
info: Lib/AxiomAudit.lean:2363:0: 'ThreefoldGluing.Data.gluedChart' depends on axioms: [propext, Classical.choice, Quot.sound]
info: Lib/AxiomAudit.lean:2365:0: 'ThreefoldGluing.Data.gluedChart_symm' depends on axioms: [propext, Classical.choice, Quot.sound]
info: Lib/AxiomAudit.lean:2367:0: 'ThreefoldGluing.Data.gluedChart_inclusion' depends on axioms: [propext, Classical.choice, Quot.sound]
info: Lib/AxiomAudit.lean:2369:0: 'ThreefoldGluing.Data.gluedChart_inclusion_mem_source' depends on axioms: [propext, Classical.choice, Quot.sound]
info: Lib/AxiomAudit.lean:2371:0: 'ThreefoldGluing.Data.chartedSpace' depends on axioms: [propext, Classical.choice, Quot.sound]
info: Lib/AxiomAudit.lean:2373:0: 'ThreefoldGluing.Data.gluedChart_mem_atlas' depends on axioms: [propext, Classical.choice, Quot.sound]
info: Lib/AxiomAudit.lean:2375:0: 'ThreefoldGluing.Data.gluedChart_transition_apply' depends on axioms: [propext, Classical.choice, Quot.sound]
info: Lib/AxiomAudit.lean:2377:0: 'ThreefoldGluing.Data.gluedChart_transition_contMDiff' depends on axioms: [propext, Classical.choice, Quot.sound]
info: Lib/AxiomAudit.lean:2379:0: 'ThreefoldGluing.Data.isManifold_of_contMDiffOn_transition' depends on axioms: [propext, Classical.choice, Quot.sound]
info: Lib/AxiomAudit.lean:2381:0: 'SpecialPeriods.Threefold.Star.Input.transition_contMDiff' depends on axioms: [propext, Classical.choice, Quot.sound]
info: Lib/AxiomAudit.lean:2383:0: 'SpecialPeriods.Threefold.Star.Input.toData_transition_contMDiff' depends on axioms: [propext,
info: Lib/AxiomAudit.lean:2388:0: 'TopCat.ConstantSheaf.presheaf' depends on axioms: [propext, Classical.choice, Quot.sound]
info: Lib/AxiomAudit.lean:2390:0: 'TopCat.ConstantSheaf.sheaf' depends on axioms: [propext, Classical.choice, Quot.sound]
info: Lib/AxiomAudit.lean:2392:0: 'TopCat.ConstantSheaf.unit' depends on axioms: [propext, Classical.choice, Quot.sound]
info: Lib/AxiomAudit.lean:2394:0: 'TopCat.ConstantSheaf.stalkIso' depends on axioms: [propext, Classical.choice, Quot.sound]
info: Lib/AxiomAudit.lean:2396:0: 'TopCat.ConstantSheaf.sectionValue' depends on axioms: [propext, Classical.choice, Quot.sound]
info: Lib/AxiomAudit.lean:2398:0: 'TopCat.ConstantSheaf.sectionValue_isLocallyConstant' depends on axioms: [propext, Classical.choice, Quot.sound]
info: Lib/AxiomAudit.lean:2400:0: 'TopCat.ConstantSheaf.unit_app_surjective' depends on axioms: [propext, Classical.choice, Quot.sound]
info: Lib/AxiomAudit.lean:2402:0: 'TopCat.ConstantSheaf.unit_app_injective' depends on axioms: [propext, Classical.choice, Quot.sound]
info: Lib/AxiomAudit.lean:2404:0: 'TopCat.ConstantSheaf.unit_app_bijective' depends on axioms: [propext, Classical.choice, Quot.sound]
info: Lib/AxiomAudit.lean:2406:0: 'TopCat.ConstantSheaf.rawPushforwardHom' depends on axioms: [propext, Classical.choice, Quot.sound]
info: Lib/AxiomAudit.lean:2408:0: 'TopCat.ConstantSheaf.pushforwardHom' depends on axioms: [propext, Classical.choice, Quot.sound]
info: Lib/AxiomAudit.lean:2410:0: 'TopCat.ConstantSheaf.unit_pushforwardHom' depends on axioms: [propext, Classical.choice, Quot.sound]
info: Lib/AxiomAudit.lean:2412:0: 'TopCat.ConstantSheaf.pushforwardHom_app_unit' depends on axioms: [propext, Classical.choice, Quot.sound]
info: Lib/AxiomAudit.lean:2414:0: 'TopCat.ConstantSheaf.pushforwardHom_isIso_of_isBasis' depends on axioms: [propext, Classical.choice, Quot.sound]
info: Lib/AxiomAudit.lean:2416:0: 'TopCat.ConstantSheaf.pushforwardHom_isIso' depends on axioms: [propext, Classical.choice, Quot.sound]
info: Lib/AxiomAudit.lean:2421:0: 'TopCat.ConstantSheaf.homGlobalSectionsAddEquiv' depends on axioms: [propext, Classical.choice, Quot.sound]
info: Lib/AxiomAudit.lean:2423:0: 'TopCat.ConstantSheaf.homGlobalSectionsAddEquiv_apply' depends on axioms: [propext, Classical.choice, Quot.sound]
info: Lib/AxiomAudit.lean:2425:0: 'TopCat.ConstantSheaf.homGlobalSectionsAddEquiv_symm_hom' depends on axioms: [propext, Classical.choice, Quot.sound]
info: Lib/AxiomAudit.lean:2427:0: 'TopCat.ConstantSheaf.homGlobalSectionsAddEquiv_symm_unit_app' depends on axioms: [propext,
info: Lib/AxiomAudit.lean:2429:0: 'TopCat.ConstantSheaf.homGlobalSectionsAddEquiv_symm_unique' depends on axioms: [propext, Classical.choice, Quot.sound]
info: Lib/AxiomAudit.lean:2431:0: 'TopCat.ConstantSheaf.homGlobalSectionsAddEquiv_naturality' depends on axioms: [propext, Classical.choice, Quot.sound]
info: Lib/AxiomAudit.lean:2433:0: 'TopCat.ConstantSheaf.extFunctorObjZeroIsoGlobalSections' depends on axioms: [propext, Classical.choice, Quot.sound]
info: Lib/AxiomAudit.lean:2435:0: 'TopCat.ConstantSheaf.extFunctorObjZeroIsoGlobalSections_hom_app' depends on axioms: [propext,
info: Lib/AxiomAudit.lean:2440:0: 'TopCat.FiniteClosedPushforward.fiber_mem_preimage' depends on axioms: [propext, Classical.choice, Quot.sound]
info: Lib/AxiomAudit.lean:2442:0: 'TopCat.FiniteClosedPushforward.exists_open_preimage_subset' depends on axioms: [propext, Classical.choice, Quot.sound]
info: Lib/AxiomAudit.lean:2444:0: 'TopCat.FiniteClosedPushforward.pushforwardStalkComponent' depends on axioms: [propext, Classical.choice, Quot.sound]
info: Lib/AxiomAudit.lean:2446:0: 'TopCat.FiniteClosedPushforward.pushforwardStalkComponent_germ' depends on axioms: [propext,
info: Lib/AxiomAudit.lean:2448:0: 'TopCat.FiniteClosedPushforward.pushforwardStalkHom' depends on axioms: [propext, Classical.choice, Quot.sound]
info: Lib/AxiomAudit.lean:2450:0: 'TopCat.FiniteClosedPushforward.pushforwardStalkHom_apply' depends on axioms: [propext, Classical.choice, Quot.sound]
info: Lib/AxiomAudit.lean:2452:0: 'TopCat.FiniteClosedPushforward.pushforwardStalkHom_germ' depends on axioms: [propext, Classical.choice, Quot.sound]
info: Lib/AxiomAudit.lean:2454:0: 'TopCat.FiniteClosedPushforward.exists_section_germ_eq_of_finite' depends on axioms: [propext,
info: Lib/AxiomAudit.lean:2456:0: 'TopCat.FiniteClosedPushforward.pushforward_germ_eq_of_fiber_germ_eq' depends on axioms: [propext,
info: Lib/AxiomAudit.lean:2458:0: 'TopCat.FiniteClosedPushforward.pushforwardStalkHom_injective' depends on axioms: [propext,
info: Lib/AxiomAudit.lean:2460:0: 'TopCat.FiniteClosedPushforward.pushforwardStalkHom_surjective' depends on axioms: [propext,
info: Lib/AxiomAudit.lean:2462:0: 'TopCat.FiniteClosedPushforward.pushforwardStalkHom_bijective' depends on axioms: [propext,
info: Lib/AxiomAudit.lean:2464:0: 'TopCat.FiniteClosedPushforward.pushforwardStalkEquiv' depends on axioms: [propext, Classical.choice, Quot.sound]
info: Lib/AxiomAudit.lean:2466:0: 'TopCat.FiniteClosedPushforward.pushforwardStalkEquiv_apply' depends on axioms: [propext, Classical.choice, Quot.sound]
info: Lib/AxiomAudit.lean:2468:0: 'TopCat.FiniteClosedPushforward.pushforwardStalkEquiv_germ' depends on axioms: [propext, Classical.choice, Quot.sound]
info: Lib/AxiomAudit.lean:2470:0: 'TopCat.FiniteClosedPushforward.pushforwardStalkHom_naturality' depends on axioms: [propext,
info: Lib/AxiomAudit.lean:2472:0: 'TopCat.FiniteClosedPushforward.pushforwardStalkEquiv_naturality' depends on axioms: [propext,
info: Lib/AxiomAudit.lean:2477:0: 'TopCat.FiniteClosedPushforward.pullback_preservesFiniteLimits' depends on axioms: [propext,
info: Lib/AxiomAudit.lean:2479:0: 'TopCat.FiniteClosedPushforward.pushforward_preservesInjectiveObjects' depends on axioms: [propext,
info: Lib/AxiomAudit.lean:2481:0: 'TopCat.FiniteClosedPushforward.pushforward_exact' depends on axioms: [propext, Classical.choice, Quot.sound]
info: Lib/AxiomAudit.lean:2483:0: 'TopCat.FiniteClosedPushforward.pushforward_preservesFiniteLimitsAndColimits' depends on axioms: [propext,
info: Lib/AxiomAudit.lean:2485:0: 'TopCat.FiniteClosedPushforward.pushforward_preservesFiniteColimits' depends on axioms: [propext,
info: Lib/AxiomAudit.lean:2487:0: 'TopCat.FiniteClosedPushforward.pushforward_shortExact' depends on axioms: [propext, Classical.choice, Quot.sound]
info: Lib/AxiomAudit.lean:2492:0: 'TopCat.FiniteClosedPushforward.cohomologyForward' depends on axioms: [propext, Classical.choice, Quot.sound]
info: Lib/AxiomAudit.lean:2494:0: 'TopCat.FiniteClosedPushforward.cohomologyForward_bijective' depends on axioms: [propext, Classical.choice, Quot.sound]
info: Lib/AxiomAudit.lean:2496:0: 'TopCat.FiniteClosedPushforward.cohomologyEquiv' depends on axioms: [propext, Classical.choice, Quot.sound]
info: Lib/AxiomAudit.lean:2498:0: 'TopCat.FiniteClosedPushforward.cohomologyEquiv_symm_apply' depends on axioms: [propext, Classical.choice, Quot.sound]
info: Lib/AxiomAudit.lean:2500:0: 'TopCat.FiniteClosedPushforward.cohomologyForward_equiv' depends on axioms: [propext, Classical.choice, Quot.sound]
info: Lib/AxiomAudit.lean:2502:0: 'TopCat.FiniteClosedPushforward.cohomologyForward_naturality' depends on axioms: [propext, Classical.choice, Quot.sound]
info: Lib/AxiomAudit.lean:2504:0: 'TopCat.FiniteClosedPushforward.cohomologyEquiv_naturality' depends on axioms: [propext, Classical.choice, Quot.sound]
info: Lib/AxiomAudit.lean:2509:0: 'TopCat.ConstantSheafCohomology.pullback' depends on axioms: [propext, Classical.choice, Quot.sound]
info: Lib/AxiomAudit.lean:2511:0: 'TopCat.ConstantSheafCohomology.pullback_forward' depends on axioms: [propext, Classical.choice, Quot.sound]
info: Lib/AxiomAudit.lean:2513:0: 'TopCat.ConstantSheafCohomology.pullback_forward_assoc' depends on axioms: [propext, Classical.choice, Quot.sound]
info: Lib/AxiomAudit.lean:2518:0: 'TopCat.ConstantProductH1.basedContraction_homotopic' depends on axioms: [propext, Classical.choice, Quot.sound]
info: Lib/AxiomAudit.lean:2520:0: 'TopCat.ConstantProductH1.basedProductHomotopyEquiv' depends on axioms: [propext, Classical.choice, Quot.sound]
info: Lib/AxiomAudit.lean:2522:0: 'TopCat.ConstantProductH1.basedFibreInclusion' depends on axioms: [propext, Classical.choice, Quot.sound]
info: Lib/AxiomAudit.lean:2524:0: 'TopCat.ConstantProductH1.basedFibreInclusion_apply' depends on axioms: [propext, Classical.choice, Quot.sound]
info: Lib/AxiomAudit.lean:2526:0: 'TopCat.ConstantProductH1.basedFibreInclusion_injective' depends on axioms: [propext, Classical.choice, Quot.sound]
info: Lib/AxiomAudit.lean:2528:0: 'TopCat.ConstantProductH1.basedFibreInclusion_isClosedMap' depends on axioms: [propext, Classical.choice, Quot.sound]
info: Lib/AxiomAudit.lean:2530:0: 'TopCat.ConstantProductH1.basedFibreInclusion_finite_fibres' depends on axioms: [propext, Classical.choice, Quot.sound]
info: Lib/AxiomAudit.lean:2532:0: 'TopCat.ConstantProductH1.singularPullback_basedFibreInclusion_isIso' depends on axioms: [propext,
info: Lib/AxiomAudit.lean:2534:0: 'TopCat.ConstantProductH1.nativePullback_isIso_of_comparison' depends on axioms: [propext, Classical.choice, Quot.sound]
info: Lib/AxiomAudit.lean:2539:0: 'TopCat.Presheaf.CompatibleNeighborhoodEvaluation' depends on axioms: [propext, Quot.sound]
info: Lib/AxiomAudit.lean:2541:0: 'TopCat.Presheaf.CompatibleNeighborhoodEvaluation.mk' depends on axioms: [propext, Quot.sound]
info: Lib/AxiomAudit.lean:2543:0: 'TopCat.Presheaf.CompatibleNeighborhoodEvaluation.app' depends on axioms: [propext, Quot.sound]
info: Lib/AxiomAudit.lean:2545:0: 'TopCat.Presheaf.CompatibleNeighborhoodEvaluation.naturality' depends on axioms: [propext, Quot.sound]
info: Lib/AxiomAudit.lean:2547:0: 'TopCat.Presheaf.CompatibleNeighborhoodEvaluation.cocone' depends on axioms: [propext, Classical.choice, Quot.sound]
info: Lib/AxiomAudit.lean:2549:0: 'TopCat.Presheaf.CompatibleNeighborhoodEvaluation.stalkMap' depends on axioms: [propext, Classical.choice, Quot.sound]
info: Lib/AxiomAudit.lean:2551:0: 'TopCat.Presheaf.CompatibleNeighborhoodEvaluation.stalkMap_germ' depends on axioms: [propext,
info: Lib/AxiomAudit.lean:2553:0: 'TopCat.Presheaf.CompatibleNeighborhoodEvaluation.stalkMap_bijective_of_cofinal' depends on axioms: [propext,
info: Lib/AxiomAudit.lean:2555:0: 'TopCat.Presheaf.CompatibleNeighborhoodEvaluation.stalkMap_isIso_of_cofinal' depends on axioms: [propext,
info: Lib/AxiomAudit.lean:2557:0: 'TopCat.Presheaf.germ_bijective_of_cofinal_restriction' depends on axioms: [propext, Classical.choice, Quot.sound]
info: Lib/AxiomAudit.lean:2559:0: 'TopCat.Presheaf.germ_isIso_of_cofinal_restriction' depends on axioms: [propext, Classical.choice, Quot.sound]
info: Lib/AxiomAudit.lean:2564:0: 'TopCat.Sheaf.stalkCokernelIso' depends on axioms: [propext, Classical.choice, Quot.sound]
info: Lib/AxiomAudit.lean:2566:0: 'TopCat.Sheaf.stalk_cokernelπ_comp_stalkCokernelIso_hom' depends on axioms: [propext, Classical.choice, Quot.sound]
info: Lib/AxiomAudit.lean:2568:0: 'TopCat.Sheaf.stalk_cokernelπ_comp_stalkCokernelIso_hom_assoc' depends on axioms: [propext,
info: Lib/AxiomAudit.lean:2570:0: 'TopCat.Sheaf.stalkCokernel_isZero_of_epi' depends on axioms: [propext, Classical.choice, Quot.sound]
info: Lib/AxiomAudit.lean:2572:0: 'TopCat.Sheaf.stalkCokernelHom' depends on axioms: [propext, Classical.choice, Quot.sound]
info: Lib/AxiomAudit.lean:2574:0: 'TopCat.Sheaf.stalk_cokernelπ_comp_stalkCokernelHom' depends on axioms: [propext, Classical.choice, Quot.sound]
info: Lib/AxiomAudit.lean:2576:0: 'TopCat.Sheaf.stalk_cokernelπ_comp_stalkCokernelHom_assoc' depends on axioms: [propext, Classical.choice, Quot.sound]
info: Lib/AxiomAudit.lean:2581:0: 'TopCat.Sheaf.OpenRestriction.inclusion' depends on axioms: [propext, Classical.choice, Quot.sound]
info: Lib/AxiomAudit.lean:2583:0: 'TopCat.Sheaf.OpenRestriction.inclusion_isOpenEmbedding' depends on axioms: [propext, Classical.choice, Quot.sound]
info: Lib/AxiomAudit.lean:2585:0: 'TopCat.Sheaf.OpenRestriction.inclusion_mono' depends on axioms: [propext, Classical.choice, Quot.sound]
info: Lib/AxiomAudit.lean:2587:0: 'TopCat.Sheaf.OpenRestriction.openImage' depends on axioms: [propext, Classical.choice, Quot.sound]
info: Lib/AxiomAudit.lean:2589:0: 'TopCat.Sheaf.OpenRestriction.openImage_full' depends on axioms: [propext, Classical.choice, Quot.sound]
info: Lib/AxiomAudit.lean:2591:0: 'TopCat.Sheaf.OpenRestriction.preimageOpen' depends on axioms: [propext, Classical.choice, Quot.sound]
info: Lib/AxiomAudit.lean:2593:0: 'TopCat.Sheaf.OpenRestriction.openImage_obj_le' depends on axioms: [propext, Classical.choice, Quot.sound]
info: Lib/AxiomAudit.lean:2595:0: 'TopCat.Sheaf.OpenRestriction.openImage_preimage' depends on axioms: [propext, Classical.choice, Quot.sound]
info: Lib/AxiomAudit.lean:2597:0: 'TopCat.Sheaf.OpenRestriction.costructuredArrow_isEmpty' depends on axioms: [propext, Classical.choice, Quot.sound]
info: Lib/AxiomAudit.lean:2599:0: 'TopCat.Sheaf.OpenRestriction.lan_obj_isZero_of_not_le' depends on axioms: [propext, Classical.choice, Quot.sound]
info: Lib/AxiomAudit.lean:2601:0: 'TopCat.Sheaf.OpenRestriction.lan_preservesMonomorphisms' depends on axioms: [propext, Classical.choice, Quot.sound]
info: Lib/AxiomAudit.lean:2603:0: 'TopCat.Sheaf.OpenRestriction.openImage_continuous' depends on axioms: [propext, Classical.choice, Quot.sound]
info: Lib/AxiomAudit.lean:2605:0: 'TopCat.Sheaf.OpenRestriction.openImage_cocontinuous' depends on axioms: [propext, Classical.choice, Quot.sound]
info: Lib/AxiomAudit.lean:2607:0: 'TopCat.Sheaf.OpenRestriction.restriction' depends on axioms: [propext, Classical.choice, Quot.sound]
info: Lib/AxiomAudit.lean:2609:0: 'TopCat.Sheaf.OpenRestriction.restriction_eq_sheafRestrict' depends on axioms: [propext, Classical.choice, Quot.sound]
info: Lib/AxiomAudit.lean:2611:0: 'TopCat.Sheaf.OpenRestriction.restriction_additive' depends on axioms: [propext, Classical.choice, Quot.sound]
info: Lib/AxiomAudit.lean:2613:0: 'TopCat.Sheaf.OpenRestriction.restriction_rightAdjoint' depends on axioms: [propext, Classical.choice, Quot.sound]
info: Lib/AxiomAudit.lean:2615:0: 'TopCat.Sheaf.OpenRestriction.restriction_leftAdjoint' depends on axioms: [propext, Classical.choice, Quot.sound]
info: Lib/AxiomAudit.lean:2617:0: 'TopCat.Sheaf.OpenRestriction.restriction_preservesFiniteLimits' depends on axioms: [propext,
info: Lib/AxiomAudit.lean:2619:0: 'TopCat.Sheaf.OpenRestriction.restriction_preservesFiniteColimits' depends on axioms: [propext,
info: Lib/AxiomAudit.lean:2621:0: 'TopCat.Sheaf.OpenRestriction.extension' depends on axioms: [propext, Classical.choice, Quot.sound]
info: Lib/AxiomAudit.lean:2623:0: 'TopCat.Sheaf.OpenRestriction.extension_preservesMonomorphisms' depends on axioms: [propext,
info: Lib/AxiomAudit.lean:2625:0: 'TopCat.Sheaf.OpenRestriction.restriction_preservesInjectiveObjects' depends on axioms: [propext,
info: Lib/AxiomAudit.lean:2630:0: 'TopCat.Sheaf.OpenRestriction.pullbackRestrictionIso' depends on axioms: [propext, Classical.choice, Quot.sound]
info: Lib/AxiomAudit.lean:2632:0: 'TopCat.Sheaf.OpenRestriction.nearbyExtension' depends on axioms: [propext, Classical.choice, Quot.sound]
info: Lib/AxiomAudit.lean:2634:0: 'TopCat.Sheaf.OpenRestriction.nearbyRestrictionUnit' depends on axioms: [propext, Classical.choice, Quot.sound]
info: Lib/AxiomAudit.lean:2636:0: 'TopCat.Sheaf.OpenRestriction.nearbyExtensionObjIso' depends on axioms: [propext, Classical.choice, Quot.sound]
info: Lib/AxiomAudit.lean:2638:0: 'TopCat.Sheaf.OpenRestriction.nearbyNeighborhoodDiagram' depends on axioms: [propext, Classical.choice, Quot.sound]
info: Lib/AxiomAudit.lean:2640:0: 'TopCat.Sheaf.OpenRestriction.nearbySectionsStalk' depends on axioms: [propext, Classical.choice, Quot.sound]
info: Lib/AxiomAudit.lean:2642:0: 'TopCat.Sheaf.OpenRestriction.nearbySectionsStalk_eq_colimit' depends on axioms: [propext, Classical.choice, Quot.sound]
info: Lib/AxiomAudit.lean:2644:0: 'TopCat.Sheaf.OpenRestriction.nearbyStalkUnit' depends on axioms: [propext, Classical.choice, Quot.sound]
info: Lib/AxiomAudit.lean:2646:0: 'TopCat.Sheaf.OpenRestriction.nearbyStalkUnit_natural' depends on axioms: [propext, Classical.choice, Quot.sound]
info: Lib/AxiomAudit.lean:2648:0: 'TopCat.Sheaf.OpenRestriction.germ_nearbyStalkUnit' depends on axioms: [propext, Classical.choice, Quot.sound]
info: Lib/AxiomAudit.lean:2653:0: 'TopCat.Presheaf.stalk_hom_ext_of_cofinal' depends on axioms: [propext, Classical.choice, Quot.sound]
info: Lib/AxiomAudit.lean:2655:0: 'TopCat.Presheaf.CompatibleNeighborhoodEvaluation.germ_comp_stalkMap' depends on axioms: [propext,
info: Lib/AxiomAudit.lean:2657:0: 'TopCat.Presheaf.CompatibleNeighborhoodEvaluation.precomp' depends on axioms: [propext, Classical.choice, Quot.sound]
info: Lib/AxiomAudit.lean:2659:0: 'TopCat.Presheaf.CompatibleNeighborhoodEvaluation.stalkFunctorMap_comp_stalkMap' depends on axioms: [propext,
info: Lib/AxiomAudit.lean:2661:0: 'TopCat.Presheaf.CompatibleNeighborhoodEvaluation.stalkMap_eq_of_cofinal_app' depends on axioms: [propext,
info: Lib/AxiomAudit.lean:2663:0: 'TopCat.Sheaf.OpenRestriction.pullbackNearbyEvaluation' depends on axioms: [propext, Classical.choice, Quot.sound]
info: Lib/AxiomAudit.lean:2665:0: 'TopCat.Sheaf.OpenRestriction.nearbyStalkUnit_comp_stalkMap' depends on axioms: [propext, Classical.choice, Quot.sound]
info: Lib/AxiomAudit.lean:2667:0: 'TopCat.Sheaf.OpenRestriction.germ_nearbyStalkUnit_comp_stalkMap' depends on axioms: [propext,
info: Lib/AxiomAudit.lean:2669:0: 'TopCat.Sheaf.OpenRestriction.nearbyStalkUnit_comp_map_comp_stalkMap' depends on axioms: [propext,
info: Lib/AxiomAudit.lean:2671:0: 'TopCat.Sheaf.OpenRestriction.germ_nearbyStalkUnit_comp_map_comp_stalkMap' depends on axioms: [propext,
info: Lib/AxiomAudit.lean:2676:0: 'TopCat.Sheaf.OpenRestriction.restrictedCohomologyGroup' depends on axioms: [propext, Classical.choice, Quot.sound]
info: Lib/AxiomAudit.lean:2678:0: 'TopCat.Sheaf.OpenRestriction.freeOpen' depends on axioms: [propext, Classical.choice, Quot.sound]
info: Lib/AxiomAudit.lean:2680:0: 'TopCat.Sheaf.OpenRestriction.freeHomEquiv' depends on axioms: [propext, Classical.choice, Quot.sound]
info: Lib/AxiomAudit.lean:2682:0: 'TopCat.Sheaf.OpenRestriction.freeHomEquiv_naturality' depends on axioms: [propext, Classical.choice, Quot.sound]
info: Lib/AxiomAudit.lean:2684:0: 'TopCat.Sheaf.OpenRestriction.freeHomAddEquiv' depends on axioms: [propext, Classical.choice, Quot.sound]
info: Lib/AxiomAudit.lean:2686:0: 'TopCat.Sheaf.OpenRestriction.freeHomEquiv_naturality_open' depends on axioms: [propext, Classical.choice, Quot.sound]
info: Lib/AxiomAudit.lean:2688:0: 'TopCat.Sheaf.OpenRestriction.freeHomAddEquiv_naturality_open' depends on axioms: [propext,
info: Lib/AxiomAudit.lean:2690:0: 'TopCat.Sheaf.OpenRestriction.openImage_top' depends on axioms: [propext, Classical.choice, Quot.sound]
info: Lib/AxiomAudit.lean:2692:0: 'TopCat.Sheaf.OpenRestriction.restrictionGlobalEquiv' depends on axioms: [propext, Classical.choice, Quot.sound]
info: Lib/AxiomAudit.lean:2694:0: 'TopCat.Sheaf.OpenRestriction.restrictionGlobalEquiv_naturality' depends on axioms: [propext,
info: Lib/AxiomAudit.lean:2696:0: 'TopCat.Sheaf.OpenRestriction.homRestrictionEquiv' depends on axioms: [propext, Classical.choice, Quot.sound]
info: Lib/AxiomAudit.lean:2698:0: 'TopCat.Sheaf.OpenRestriction.homRestrictionEquiv_sections' depends on axioms: [propext, Classical.choice, Quot.sound]
info: Lib/AxiomAudit.lean:2700:0: 'TopCat.Sheaf.OpenRestriction.homRestrictionEquiv_naturality' depends on axioms: [propext, Classical.choice, Quot.sound]
info: Lib/AxiomAudit.lean:2702:0: 'TopCat.Sheaf.OpenRestriction.representingUnit' depends on axioms: [propext, Classical.choice, Quot.sound]
info: Lib/AxiomAudit.lean:2704:0: 'TopCat.Sheaf.OpenRestriction.representingUnit_comp' depends on axioms: [propext, Classical.choice, Quot.sound]
info: Lib/AxiomAudit.lean:2706:0: 'TopCat.Sheaf.OpenRestriction.representingUnit_bijective' depends on axioms: [propext, Classical.choice, Quot.sound]
info: Lib/AxiomAudit.lean:2708:0: 'TopCat.Sheaf.OpenRestriction.zeroEquiv' depends on axioms: [propext, Classical.choice, Quot.sound]
info: Lib/AxiomAudit.lean:2710:0: 'TopCat.Sheaf.OpenRestriction.cohomologyForward' depends on axioms: [propext, Classical.choice, Quot.sound]
info: Lib/AxiomAudit.lean:2712:0: 'TopCat.Sheaf.OpenRestriction.cohomologyForward_bijective' depends on axioms: [propext, Classical.choice, Quot.sound]
info: Lib/AxiomAudit.lean:2714:0: 'TopCat.Sheaf.OpenRestriction.cohomologyEquiv' depends on axioms: [propext, Classical.choice, Quot.sound]
info: Lib/AxiomAudit.lean:2716:0: 'TopCat.Sheaf.OpenRestriction.cohomologyEquiv_mk₀' depends on axioms: [propext, Classical.choice, Quot.sound]
info: Lib/AxiomAudit.lean:2718:0: 'TopCat.Sheaf.OpenRestriction.cohomologyEquiv_naturality' depends on axioms: [propext, Classical.choice, Quot.sound]
info: Lib/AxiomAudit.lean:2723:0: 'PrincipalCoverLocalSystem.LiftedOpen' does not depend on any axioms
info: Lib/AxiomAudit.lean:2725:0: 'PrincipalCoverLocalSystem.liftedAction' depends on axioms: [propext, Classical.choice, Quot.sound]
info: Lib/AxiomAudit.lean:2727:0: 'PrincipalCoverLocalSystem.liftedInclusion' depends on axioms: [propext, Classical.choice, Quot.sound]
info: Lib/AxiomAudit.lean:2729:0: 'PrincipalCoverLocalSystem.equivariantSections' depends on axioms: [propext, Classical.choice, Quot.sound]
info: Lib/AxiomAudit.lean:2731:0: 'PrincipalCoverLocalSystem.mem_equivariantSections' depends on axioms: [propext, Classical.choice, Quot.sound]
info: Lib/AxiomAudit.lean:2733:0: 'PrincipalCoverLocalSystem.restrict' depends on axioms: [propext, Classical.choice, Quot.sound]
info: Lib/AxiomAudit.lean:2735:0: 'PrincipalCoverLocalSystem.presheaf' depends on axioms: [propext, Classical.choice, Quot.sound]
info: Lib/AxiomAudit.lean:2737:0: 'PrincipalCoverLocalSystem.presheaf_map_apply' depends on axioms: [propext, Classical.choice, Quot.sound]
info: Lib/AxiomAudit.lean:2739:0: 'PrincipalCoverLocalSystem.presheaf_isSheaf' depends on axioms: [propext, Classical.choice, Quot.sound]
info: Lib/AxiomAudit.lean:2741:0: 'PrincipalCoverLocalSystem.sheaf' depends on axioms: [propext, Classical.choice, Quot.sound]
info: Lib/AxiomAudit.lean:2743:0: 'PrincipalCoverLocalSystem.invariantCoefficients' depends on axioms: [propext]
info: Lib/AxiomAudit.lean:2745:0: 'PrincipalCoverLocalSystem.liftedTopHomeomorph' depends on axioms: [propext, Classical.choice, Quot.sound]
info: Lib/AxiomAudit.lean:2747:0: 'PrincipalCoverLocalSystem.globalSectionsEquivInvariantCoefficients' depends on axioms: [propext,
info: Lib/AxiomAudit.lean:2749:0: 'PrincipalCoverLocalSystem.globalSectionsEquivInvariantCoefficients_apply' depends on axioms: [propext,
info: Lib/AxiomAudit.lean:2754:0: 'PrincipalCoverLocalSystem.liftedActionHomeomorph' depends on axioms: [propext, Classical.choice, Quot.sound]
info: Lib/AxiomAudit.lean:2756:0: 'PrincipalCoverLocalSystem.liftedActionHomeomorph_apply' depends on axioms: [propext, Classical.choice, Quot.sound]
info: Lib/AxiomAudit.lean:2758:0: 'PrincipalCoverLocalSystem.liftedOpenBase' does not depend on any axioms
info: Lib/AxiomAudit.lean:2760:0: 'PrincipalCoverLocalSystem.liftedOpenAmbientFiber' does not depend on any axioms
info: Lib/AxiomAudit.lean:2762:0: 'PrincipalCoverLocalSystem.openInclusion' depends on axioms: [propext, Classical.choice, Quot.sound]
info: Lib/AxiomAudit.lean:2764:0: 'PrincipalCoverLocalSystem.localDeckMonodromyHom' depends on axioms: [propext, Classical.choice, Quot.sound]
info: Lib/AxiomAudit.lean:2766:0: 'PrincipalCoverLocalSystem.liftedAction_mem_connectedComponent_iff_inv_mem_localDeckMonodromy_range' depends on axioms: [propext,
info: Lib/AxiomAudit.lean:2768:0: 'PrincipalCoverLocalSystem.CyclicComponentData' depends on axioms: [propext, Classical.choice, Quot.sound]
info: Lib/AxiomAudit.lean:2770:0: 'PrincipalCoverLocalSystem.CyclicComponentData.mk' depends on axioms: [propext, Classical.choice, Quot.sound]
info: Lib/AxiomAudit.lean:2772:0: 'PrincipalCoverLocalSystem.CyclicComponentData.component' depends on axioms: [propext, Classical.choice, Quot.sound]
info: Lib/AxiomAudit.lean:2774:0: 'PrincipalCoverLocalSystem.CyclicComponentData.base' depends on axioms: [propext, Classical.choice, Quot.sound]
info: Lib/AxiomAudit.lean:2776:0: 'PrincipalCoverLocalSystem.CyclicComponentData.base_mem' depends on axioms: [propext, Classical.choice, Quot.sound]
info: Lib/AxiomAudit.lean:2778:0: 'PrincipalCoverLocalSystem.CyclicComponentData.component_isOpen' depends on axioms: [propext,
info: Lib/AxiomAudit.lean:2780:0: 'PrincipalCoverLocalSystem.CyclicComponentData.component_isPreconnected' depends on axioms: [propext,
info: Lib/AxiomAudit.lean:2782:0: 'PrincipalCoverLocalSystem.CyclicComponentData.translates_cover' depends on axioms: [propext,
info: Lib/AxiomAudit.lean:2784:0: 'PrincipalCoverLocalSystem.CyclicComponentData.generator_base_mem' depends on axioms: [propext,
info: Lib/AxiomAudit.lean:2786:0: 'PrincipalCoverLocalSystem.CyclicComponentData.overlap_cyclic' depends on axioms: [propext,
info: Lib/AxiomAudit.lean:2788:0: 'PrincipalCoverLocalSystem.CyclicComponentData.exists_translate_mem_connectedComponent' depends on axioms: [propext,
info: Lib/AxiomAudit.lean:2790:0: 'PrincipalCoverLocalSystem.CyclicComponentData.ofConnectedComponent' depends on axioms: [propext,
info: Lib/AxiomAudit.lean:2792:0: 'PrincipalCoverLocalSystem.CyclicComponentData.ofPathConnectedComponentStabilizer' depends on axioms: [propext,
info: Lib/AxiomAudit.lean:2794:0: 'PrincipalCoverLocalSystem.CyclicComponentData.chosenGroup' depends on axioms: [propext, Classical.choice, Quot.sound]
info: Lib/AxiomAudit.lean:2796:0: 'PrincipalCoverLocalSystem.CyclicComponentData.chosenPoint' depends on axioms: [propext, Classical.choice, Quot.sound]
info: Lib/AxiomAudit.lean:2798:0: 'PrincipalCoverLocalSystem.CyclicComponentData.chosenPoint_mem' depends on axioms: [propext,
info: Lib/AxiomAudit.lean:2800:0: 'PrincipalCoverLocalSystem.CyclicComponentData.chosen_representation' depends on axioms: [propext,
info: Lib/AxiomAudit.lean:2802:0: 'PrincipalCoverLocalSystem.CyclicComponentData.zpow_smul_eq' depends on axioms: [propext, Classical.choice, Quot.sound]
info: Lib/AxiomAudit.lean:2804:0: 'PrincipalCoverLocalSystem.CyclicComponentData.chosenGroup_smul_eq_of_representation' depends on axioms: [propext,
info: Lib/AxiomAudit.lean:2806:0: 'PrincipalCoverLocalSystem.CyclicComponentData.reconstructedValue' depends on axioms: [propext,
info: Lib/AxiomAudit.lean:2808:0: 'PrincipalCoverLocalSystem.CyclicComponentData.reconstructedValue_of_representation' depends on axioms: [propext,
info: Lib/AxiomAudit.lean:2810:0: 'PrincipalCoverLocalSystem.CyclicComponentData.reconstructedValue_isLocallyConstant' depends on axioms: [propext,
info: Lib/AxiomAudit.lean:2812:0: 'PrincipalCoverLocalSystem.CyclicComponentData.reconstructedSection' depends on axioms: [propext,
info: Lib/AxiomAudit.lean:2814:0: 'PrincipalCoverLocalSystem.CyclicComponentData.sectionEvaluation' depends on axioms: [propext,
info: Lib/AxiomAudit.lean:2816:0: 'PrincipalCoverLocalSystem.CyclicComponentData.sectionReconstruction' depends on axioms: [propext,
info: Lib/AxiomAudit.lean:2818:0: 'PrincipalCoverLocalSystem.CyclicComponentData.sectionEvaluation_sectionReconstruction' depends on axioms: [propext,
info: Lib/AxiomAudit.lean:2820:0: 'PrincipalCoverLocalSystem.CyclicComponentData.sectionReconstruction_sectionEvaluation' depends on axioms: [propext,
info: Lib/AxiomAudit.lean:2822:0: 'PrincipalCoverLocalSystem.CyclicComponentData.sectionsEquiv' depends on axioms: [propext, Classical.choice, Quot.sound]
info: Lib/AxiomAudit.lean:2824:0: 'PrincipalCoverLocalSystem.CyclicComponentData.sectionEvaluation_bijective' depends on axioms: [propext,
info: Lib/AxiomAudit.lean:2826:0: 'PrincipalCoverLocalSystem.CyclicComponentData.sectionEvaluation_restrict' depends on axioms: [propext,
info: Lib/AxiomAudit.lean:2828:0: 'PrincipalCoverLocalSystem.CyclicComponentData.invariantActionEquiv' depends on axioms: [propext]
info: Lib/AxiomAudit.lean:2830:0: 'PrincipalCoverLocalSystem.CyclicComponentData.sectionEvaluation_restrict_eq_invariantActionEquiv' depends on axioms: [propext,
info: Lib/AxiomAudit.lean:2832:0: 'PrincipalCoverLocalSystem.CyclicComponentData.restrict_bijective_of_commuting_component_transport' depends on axioms: [propext,
info: Lib/AxiomAudit.lean:2837:0: 'PrincipalCoverLocalSystem.fundamentalGroupToMulOpposite_translate' depends on axioms: [propext,
info: Lib/AxiomAudit.lean:2839:0: 'PrincipalCoverLocalSystem.inverseFundamentalGroupToMulOpposite_translate' depends on axioms: [propext,
info: Lib/AxiomAudit.lean:2841:0: 'PrincipalCoverLocalSystem.deckMonodromyHom' depends on axioms: [propext, Classical.choice, Quot.sound]
info: Lib/AxiomAudit.lean:2843:0: 'PrincipalCoverLocalSystem.deckMonodromyHom_homeomorph_comp' depends on axioms: [propext, Classical.choice, Quot.sound]
info: Lib/AxiomAudit.lean:2845:0: 'PrincipalCoverLocalSystem.fiberTransport' depends on axioms: [propext]
info: Lib/AxiomAudit.lean:2847:0: 'PrincipalCoverLocalSystem.deckMonodromyHom_fiberTransport' depends on axioms: [propext, Classical.choice, Quot.sound]
info: Lib/AxiomAudit.lean:2849:0: 'PrincipalCoverLocalSystem.deckMonodromyHom_liftedPath' depends on axioms: [propext, Classical.choice, Quot.sound]
info: Lib/AxiomAudit.lean:2851:0: 'PrincipalCoverLocalSystem.deckMonodromyHom_translate_apply' depends on axioms: [propext, Classical.choice, Quot.sound]
info: Lib/AxiomAudit.lean:2853:0: 'PrincipalCoverLocalSystem.deckMonodromyHom_translate' depends on axioms: [propext, Classical.choice, Quot.sound]
info: Lib/AxiomAudit.lean:2855:0: 'PrincipalCoverLocalSystem.deckMonodromyHom_translate_range' depends on axioms: [propext, Classical.choice, Quot.sound]
info: Lib/AxiomAudit.lean:2857:0: 'PrincipalCoverLocalSystem.map_conj_zpowers_inv_mul_mul' depends on axioms: [propext, Classical.choice, Quot.sound]
info: Lib/AxiomAudit.lean:2862:0: 'PrincipalCoverLocalSystem.evaluationCocone' depends on axioms: [propext, Classical.choice, Quot.sound]
info: Lib/AxiomAudit.lean:2864:0: 'PrincipalCoverLocalSystem.stalkEvaluation' depends on axioms: [propext, Classical.choice, Quot.sound]
info: Lib/AxiomAudit.lean:2866:0: 'PrincipalCoverLocalSystem.stalkEvaluation_germ' depends on axioms: [propext, Classical.choice, Quot.sound]
info: Lib/AxiomAudit.lean:2868:0: 'PrincipalCoverLocalSystem.stalkEvaluation_germ_smul' depends on axioms: [propext, Classical.choice, Quot.sound]
info: Lib/AxiomAudit.lean:2870:0: 'PrincipalCoverLocalSystem.stalkEvaluation_surjective' depends on axioms: [propext, Classical.choice, Quot.sound]
info: Lib/AxiomAudit.lean:2872:0: 'PrincipalCoverLocalSystem.stalkEvaluation_injective' depends on axioms: [propext, Classical.choice, Quot.sound]
info: Lib/AxiomAudit.lean:2874:0: 'PrincipalCoverLocalSystem.stalkEvaluation_bijective' depends on axioms: [propext, Classical.choice, Quot.sound]
info: Lib/AxiomAudit.lean:2876:0: 'PrincipalCoverLocalSystem.stalkEvaluation_isIso' depends on axioms: [propext, Classical.choice, Quot.sound]
info: Lib/AxiomAudit.lean:2878:0: 'PrincipalCoverLocalSystem.stalkIsoCoefficientAtLift' depends on axioms: [propext, Classical.choice, Quot.sound]
info: Lib/AxiomAudit.lean:2883:0: 'PrincipalCoverLocalSystem.StalkComparisonData' depends on axioms: [propext, Classical.choice, Quot.sound]
info: Lib/AxiomAudit.lean:2885:0: 'PrincipalCoverLocalSystem.StalkComparisonData.mk' depends on axioms: [propext, Classical.choice, Quot.sound]
info: Lib/AxiomAudit.lean:2887:0: 'PrincipalCoverLocalSystem.StalkComparisonData.stalkMap' depends on axioms: [propext, Classical.choice, Quot.sound]
info: Lib/AxiomAudit.lean:2889:0: 'PrincipalCoverLocalSystem.StalkComparisonData.section_isLocallyConstant' depends on axioms: [propext,
info: Lib/AxiomAudit.lean:2891:0: 'PrincipalCoverLocalSystem.StalkComparisonData.section_equivariant' depends on axioms: [propext,
info: Lib/AxiomAudit.lean:2893:0: 'PrincipalCoverLocalSystem.StalkComparisonData.toSection' depends on axioms: [propext, Classical.choice, Quot.sound]
info: Lib/AxiomAudit.lean:2895:0: 'PrincipalCoverLocalSystem.StalkComparisonData.sectionMap' depends on axioms: [propext, Classical.choice, Quot.sound]
info: Lib/AxiomAudit.lean:2897:0: 'PrincipalCoverLocalSystem.StalkComparisonData.presheafHom' depends on axioms: [propext, Classical.choice, Quot.sound]
info: Lib/AxiomAudit.lean:2899:0: 'PrincipalCoverLocalSystem.StalkComparisonData.hom' depends on axioms: [propext, Classical.choice, Quot.sound]
info: Lib/AxiomAudit.lean:2901:0: 'PrincipalCoverLocalSystem.StalkComparisonData.stalkFunctorMap_comp_stalkEvaluation' depends on axioms: [propext,
info: Lib/AxiomAudit.lean:2903:0: 'PrincipalCoverLocalSystem.StalkComparisonData.stalkFunctorMap_isIso' depends on axioms: [propext,
info: Lib/AxiomAudit.lean:2905:0: 'PrincipalCoverLocalSystem.StalkComparisonData.hom_isIso' depends on axioms: [propext, Classical.choice, Quot.sound]
info: Lib/AxiomAudit.lean:2910:0: 'PrincipalCoverLocalSystem.sectionCoordinate' depends on axioms: [propext, Classical.choice, Quot.sound]
info: Lib/AxiomAudit.lean:2912:0: 'PrincipalCoverLocalSystem.sectionCoordinate_isLocallyConstant' depends on axioms: [propext,
info: Lib/AxiomAudit.lean:2914:0: 'PrincipalCoverLocalSystem.constantComparisonData' depends on axioms: [propext, Classical.choice, Quot.sound]
info: Lib/AxiomAudit.lean:2916:0: 'PrincipalCoverLocalSystem.constantSheafHomOfSection' depends on axioms: [propext, Classical.choice, Quot.sound]
info: Lib/AxiomAudit.lean:2918:0: 'PrincipalCoverLocalSystem.constantSheafHomOfSection_isIso' depends on axioms: [propext, Classical.choice, Quot.sound]
info: Lib/AxiomAudit.lean:2920:0: 'PrincipalCoverLocalSystem.constantSheafIsoOfSection' depends on axioms: [propext, Classical.choice, Quot.sound]
info: Lib/AxiomAudit.lean:2925:0: 'PrincipalCoverLocalSystem.restrictedMulAction' depends on axioms: [propext, Classical.choice, Quot.sound]
info: Lib/AxiomAudit.lean:2927:0: 'PrincipalCoverLocalSystem.restrictedProjection' does not depend on any axioms
info: Lib/AxiomAudit.lean:2929:0: 'PrincipalCoverLocalSystem.liftedOpenPreimageHomeomorph' depends on axioms: [propext, Classical.choice, Quot.sound]
info: Lib/AxiomAudit.lean:2931:0: 'PrincipalCoverLocalSystem.restrictedProjection_isQuotientCoveringMap' depends on axioms: [propext,
info: Lib/AxiomAudit.lean:2933:0: 'PrincipalCoverLocalSystem.restrictionLiftedOpenHomeomorph' depends on axioms: [propext, Classical.choice, Quot.sound]
info: Lib/AxiomAudit.lean:2935:0: 'PrincipalCoverLocalSystem.equivariantSectionsEquivOfHomeomorph' depends on axioms: [propext,
info: Lib/AxiomAudit.lean:2937:0: 'PrincipalCoverLocalSystem.restrictionSectionsEquiv' depends on axioms: [propext, Classical.choice, Quot.sound]
info: Lib/AxiomAudit.lean:2939:0: 'PrincipalCoverLocalSystem.restrictedSheaf' depends on axioms: [propext, Classical.choice, Quot.sound]
info: Lib/AxiomAudit.lean:2941:0: 'PrincipalCoverLocalSystem.restrictionPresheafIso' depends on axioms: [propext, Classical.choice, Quot.sound]
info: Lib/AxiomAudit.lean:2943:0: 'PrincipalCoverLocalSystem.restrictionSheafIso' depends on axioms: [propext, Classical.choice, Quot.sound]
info: Lib/AxiomAudit.lean:2945:0: 'PrincipalCoverLocalSystem.restrictedCoverSection' depends on axioms: [propext, Classical.choice, Quot.sound]
info: Lib/AxiomAudit.lean:2947:0: 'PrincipalCoverLocalSystem.constantSheafRestrictionIsoOfSection' depends on axioms: [propext,
info: Lib/AxiomAudit.lean:2952:0: 'CategoryTheory.Sheaf.Leray.presheafStalk_preservesFiniteLimits' depends on axioms: [propext,
info: Lib/AxiomAudit.lean:2954:0: 'CategoryTheory.Sheaf.Leray.presheafStalk_preservesFiniteColimits' depends on axioms: [propext,
info: Lib/AxiomAudit.lean:2956:0: 'CategoryTheory.Sheaf.Leray.mapComplexHomologyIso' depends on axioms: [propext, Classical.choice, Quot.sound]
info: Lib/AxiomAudit.lean:2958:0: 'CategoryTheory.Sheaf.Leray.mapComplexHomologyIso_hom_naturality' depends on axioms: [propext,
info: Lib/AxiomAudit.lean:2960:0: 'CategoryTheory.Sheaf.Leray.mapComplexHomologyIso_hom_naturality_assoc' depends on axioms: [propext,
info: Lib/AxiomAudit.lean:2962:0: 'CategoryTheory.Sheaf.Leray.mapComplexHomologyIso_inv_naturality' depends on axioms: [propext,
info: Lib/AxiomAudit.lean:2964:0: 'CategoryTheory.Sheaf.Leray.mapComplexHomologyIso_inv_naturality_assoc' depends on axioms: [propext,
info: Lib/AxiomAudit.lean:2966:0: 'CategoryTheory.Sheaf.Leray.underlyingPresheafComplex' depends on axioms: [propext, Classical.choice, Quot.sound]
info: Lib/AxiomAudit.lean:2968:0: 'CategoryTheory.Sheaf.Leray.homologyPresheaf' depends on axioms: [propext, Classical.choice, Quot.sound]
info: Lib/AxiomAudit.lean:2970:0: 'CategoryTheory.Sheaf.Leray.stalkHomologyPresheafIso' depends on axioms: [propext, Classical.choice, Quot.sound]
info: Lib/AxiomAudit.lean:2972:0: 'CategoryTheory.Sheaf.Leray.sheafification_preservesFiniteLimits' depends on axioms: [propext,
info: Lib/AxiomAudit.lean:2974:0: 'CategoryTheory.Sheaf.Leray.sheafification_preservesFiniteColimits' depends on axioms: [propext,
info: Lib/AxiomAudit.lean:2976:0: 'CategoryTheory.Sheaf.Leray.sheafificationUnderlyingIso' depends on axioms: [propext, Classical.choice, Quot.sound]
info: Lib/AxiomAudit.lean:2978:0: 'CategoryTheory.Sheaf.Leray.sheafificationComplexIso' depends on axioms: [propext, Classical.choice, Quot.sound]
info: Lib/AxiomAudit.lean:2980:0: 'CategoryTheory.Sheaf.Leray.sheafHomologyIsoSheafification' depends on axioms: [propext, Classical.choice, Quot.sound]
info: Lib/AxiomAudit.lean:2982:0: 'CategoryTheory.Sheaf.Leray.higherDirectImageResolutionSheafificationIso' depends on axioms: [propext,
info: Lib/AxiomAudit.lean:2984:0: 'CategoryTheory.Sheaf.Leray.inverseImageResolutionSections' depends on axioms: [propext, Classical.choice, Quot.sound]
info: Lib/AxiomAudit.lean:2986:0: 'CategoryTheory.Sheaf.Leray.higherDirectImageResolutionPresheafObjIso' depends on axioms: [propext,
info: Lib/AxiomAudit.lean:2988:0: 'CategoryTheory.Sheaf.Leray.higherDirectImageResolutionStalkIso' depends on axioms: [propext,
info: Lib/AxiomAudit.lean:2993:0: 'CategoryTheory.Sheaf.Leray.stalkSheafificationUnitNatTrans' depends on axioms: [propext, Classical.choice, Quot.sound]
info: Lib/AxiomAudit.lean:2995:0: 'CategoryTheory.Sheaf.Leray.stalkSheafificationUnitNatTrans_app' depends on axioms: [propext,
info: Lib/AxiomAudit.lean:2997:0: 'CategoryTheory.Sheaf.Leray.mapComplexHomologyIso_sheafification_stalk_comp' depends on axioms: [propext,
info: Lib/AxiomAudit.lean:2999:0: 'CategoryTheory.Sheaf.Leray.sheafificationComplexIso_symm_hom_underlying' depends on axioms: [propext,
info: Lib/AxiomAudit.lean:3001:0: 'CategoryTheory.Sheaf.Leray.stalkHomologyPresheafIso_hom_comp_sheafificationUnit' depends on axioms: [propext,
info: Lib/AxiomAudit.lean:3003:0: 'CategoryTheory.Sheaf.Leray.higherDirectImageResolutionSheafificationStalkIso' depends on axioms: [propext,
info: Lib/AxiomAudit.lean:3005:0: 'CategoryTheory.Sheaf.Leray.higherDirectImageResolutionSheafificationStalkIso_eq' depends on axioms: [propext,
info: Lib/AxiomAudit.lean:3010:0: 'CategoryTheory.Sheaf.Leray.freeOpenFunctor' depends on axioms: [propext, Classical.choice, Quot.sound]
info: Lib/AxiomAudit.lean:3012:0: 'CategoryTheory.Sheaf.Leray.sectionsFunctor' depends on axioms: [propext, Classical.choice, Quot.sound]
info: Lib/AxiomAudit.lean:3014:0: 'CategoryTheory.Sheaf.Leray.freeOpenSectionsIso' depends on axioms: [propext, Classical.choice, Quot.sound]
info: Lib/AxiomAudit.lean:3016:0: 'CategoryTheory.Sheaf.Leray.sectionsFunctor_additive' depends on axioms: [propext, Classical.choice, Quot.sound]
info: Lib/AxiomAudit.lean:3018:0: 'CategoryTheory.Sheaf.Leray.presheafEvaluation' depends on axioms: [propext, Classical.choice, Quot.sound]
info: Lib/AxiomAudit.lean:3020:0: 'CategoryTheory.Sheaf.Leray.presheafEvaluation_additive' depends on axioms: [propext, Classical.choice, Quot.sound]
info: Lib/AxiomAudit.lean:3022:0: 'CategoryTheory.Sheaf.Leray.presheafEvaluation_preservesFiniteLimits' depends on axioms: [propext,
info: Lib/AxiomAudit.lean:3024:0: 'CategoryTheory.Sheaf.Leray.presheafEvaluation_preservesFiniteColimits' depends on axioms: [propext,
info: Lib/AxiomAudit.lean:3026:0: 'CategoryTheory.Sheaf.Leray.homSectionsComplexIso' depends on axioms: [propext, Classical.choice, Quot.sound]
info: Lib/AxiomAudit.lean:3028:0: 'CategoryTheory.Sheaf.Leray.homSectionsComplexIso_hom_naturality_open' depends on axioms: [propext,
info: Lib/AxiomAudit.lean:3030:0: 'CategoryTheory.Sheaf.Leray.homSectionsComplexIso_hom_naturality_open_assoc' depends on axioms: [propext,
info: Lib/AxiomAudit.lean:3032:0: 'CategoryTheory.Sheaf.Leray.evaluationHomologyIso_hom_naturality_open' depends on axioms: [propext,
info: Lib/AxiomAudit.lean:3034:0: 'CategoryTheory.Sheaf.Leray.evaluationHomologyIso_hom_naturality_open_assoc' depends on axioms: [propext,
info: Lib/AxiomAudit.lean:3036:0: 'CategoryTheory.Sheaf.Leray.homSectionsHomologyIso' depends on axioms: [propext, Classical.choice, Quot.sound]
info: Lib/AxiomAudit.lean:3038:0: 'CategoryTheory.Sheaf.Leray.homSectionsHomologyIso_hom_naturality_open' depends on axioms: [propext,
info: Lib/AxiomAudit.lean:3040:0: 'CategoryTheory.Sheaf.Leray.homSectionsHomologyIso_hom_naturality_open_assoc' depends on axioms: [propext,
info: Lib/AxiomAudit.lean:3042:0: 'CategoryTheory.Sheaf.Leray.representedHomologyPresheafIso' depends on axioms: [propext, Classical.choice, Quot.sound]
info: Lib/AxiomAudit.lean:3044:0: 'CategoryTheory.Sheaf.Leray.resolutionCohomologyPresheafIsoPositive' depends on axioms: [propext,
info: Lib/AxiomAudit.lean:3046:0: 'CategoryTheory.Sheaf.Leray.presheafPushforward' depends on axioms: [propext, Classical.choice, Quot.sound]
info: Lib/AxiomAudit.lean:3048:0: 'CategoryTheory.Sheaf.Leray.presheafPushforward_additive' depends on axioms: [propext, Classical.choice, Quot.sound]
info: Lib/AxiomAudit.lean:3050:0: 'CategoryTheory.Sheaf.Leray.presheafPushforward_preservesFiniteLimits' depends on axioms: [propext,
info: Lib/AxiomAudit.lean:3052:0: 'CategoryTheory.Sheaf.Leray.presheafPushforward_preservesFiniteColimits' depends on axioms: [propext,
info: Lib/AxiomAudit.lean:3054:0: 'CategoryTheory.Sheaf.Leray.homologyPresheafPushforwardIso' depends on axioms: [propext, Classical.choice, Quot.sound]
info: Lib/AxiomAudit.lean:3056:0: 'CategoryTheory.Sheaf.Leray.pushedResolutionCohomologyPresheafIsoPositive' depends on axioms: [propext,
info: Lib/AxiomAudit.lean:3061:0: 'CategoryTheory.Sheaf.Leray.FibreStalkEvaluation.freeOpenFunctor' depends on axioms: [propext,
info: Lib/AxiomAudit.lean:3063:0: 'CategoryTheory.Sheaf.Leray.FibreStalkEvaluation.inverseImage_eq_top' depends on axioms: [propext,
info: Lib/AxiomAudit.lean:3065:0: 'CategoryTheory.Sheaf.Leray.FibreStalkEvaluation.sectionsEquiv' depends on axioms: [propext,
info: Lib/AxiomAudit.lean:3067:0: 'CategoryTheory.Sheaf.Leray.FibreStalkEvaluation.sectionsEquiv_naturality' depends on axioms: [propext,
info: Lib/AxiomAudit.lean:3069:0: 'CategoryTheory.Sheaf.Leray.FibreStalkEvaluation.neighborhoodHomEquiv' depends on axioms: [propext,
info: Lib/AxiomAudit.lean:3071:0: 'CategoryTheory.Sheaf.Leray.FibreStalkEvaluation.neighborhoodHomEquiv_sections' depends on axioms: [propext,
info: Lib/AxiomAudit.lean:3073:0: 'CategoryTheory.Sheaf.Leray.FibreStalkEvaluation.neighborhoodHomEquiv_naturality' depends on axioms: [propext,
info: Lib/AxiomAudit.lean:3075:0: 'CategoryTheory.Sheaf.Leray.FibreStalkEvaluation.neighborhoodUnit' depends on axioms: [propext,
info: Lib/AxiomAudit.lean:3077:0: 'CategoryTheory.Sheaf.Leray.FibreStalkEvaluation.neighborhoodUnit_comp' depends on axioms: [propext,
info: Lib/AxiomAudit.lean:3079:0: 'CategoryTheory.Sheaf.Leray.FibreStalkEvaluation.neighborhoodUnit_bijective' depends on axioms: [propext,
info: Lib/AxiomAudit.lean:3081:0: 'CategoryTheory.Sheaf.Leray.FibreStalkEvaluation.neighborhoodCohomologyForward' depends on axioms: [propext,
info: Lib/AxiomAudit.lean:3083:0: 'CategoryTheory.Sheaf.Leray.FibreStalkEvaluation.neighborhoodCohomologyForward_bijective' depends on axioms: [propext,
info: Lib/AxiomAudit.lean:3085:0: 'CategoryTheory.Sheaf.Leray.FibreStalkEvaluation.neighborhoodCohomologyEquiv' depends on axioms: [propext,
info: Lib/AxiomAudit.lean:3087:0: 'CategoryTheory.Sheaf.Leray.FibreStalkEvaluation.neighborhoodCohomologyEquiv_symm_apply' depends on axioms: [propext,
info: Lib/AxiomAudit.lean:3089:0: 'CategoryTheory.Sheaf.Leray.FibreStalkEvaluation.neighborhoodCohomologyForward_equiv' depends on axioms: [propext,
info: Lib/AxiomAudit.lean:3091:0: 'CategoryTheory.Sheaf.Leray.FibreStalkEvaluation.sectionsEquiv_restrict' depends on axioms: [propext,
info: Lib/AxiomAudit.lean:3093:0: 'CategoryTheory.Sheaf.Leray.FibreStalkEvaluation.neighborhoodHomEquiv_restrict' depends on axioms: [propext,
info: Lib/AxiomAudit.lean:3095:0: 'CategoryTheory.Sheaf.Leray.FibreStalkEvaluation.neighborhoodUnit_restrict' depends on axioms: [propext,
info: Lib/AxiomAudit.lean:3097:0: 'CategoryTheory.Sheaf.Leray.FibreStalkEvaluation.neighborhoodCohomologyForward_restrict' depends on axioms: [propext,
info: Lib/AxiomAudit.lean:3099:0: 'CategoryTheory.Sheaf.Leray.FibreStalkEvaluation.neighborhoodCohomologyEquiv_restrict' depends on axioms: [propext,
info: Lib/AxiomAudit.lean:3101:0: 'CategoryTheory.Sheaf.Leray.FibreStalkEvaluation.coefficientMap' depends on axioms: [propext,
info: Lib/AxiomAudit.lean:3103:0: 'CategoryTheory.Sheaf.Leray.FibreStalkEvaluation.cohomologyEvaluation' depends on axioms: [propext,
info: Lib/AxiomAudit.lean:3105:0: 'CategoryTheory.Sheaf.Leray.FibreStalkEvaluation.cohomologyEvaluation_apply' depends on axioms: [propext,
info: Lib/AxiomAudit.lean:3107:0: 'CategoryTheory.Sheaf.Leray.FibreStalkEvaluation.cohomologyEvaluation_restrict' depends on axioms: [propext,
info: Lib/AxiomAudit.lean:3112:0: 'CategoryTheory.Sheaf.Leray.FibreStalkEvaluation.sourceCohomologyPresheaf' depends on axioms: [propext,
info: Lib/AxiomAudit.lean:3114:0: 'CategoryTheory.Sheaf.Leray.FibreStalkEvaluation.sourceResolutionPresheaf' depends on axioms: [propext,
info: Lib/AxiomAudit.lean:3116:0: 'CategoryTheory.Sheaf.Leray.FibreStalkEvaluation.fibre_mem_preimage' depends on axioms: [propext,
info: Lib/AxiomAudit.lean:3118:0: 'CategoryTheory.Sheaf.Leray.FibreStalkEvaluation.evaluationCocone' depends on axioms: [propext,
info: Lib/AxiomAudit.lean:3120:0: 'CategoryTheory.Sheaf.Leray.FibreStalkEvaluation.presheafStalkEvaluation' depends on axioms: [propext,
info: Lib/AxiomAudit.lean:3122:0: 'CategoryTheory.Sheaf.Leray.FibreStalkEvaluation.presheafStalkEvaluation_germ' depends on axioms: [propext,
info: Lib/AxiomAudit.lean:3124:0: 'CategoryTheory.Sheaf.Leray.FibreStalkEvaluation.ResolutionCohomologyNormalization' depends on axioms: [propext,
info: Lib/AxiomAudit.lean:3126:0: 'CategoryTheory.Sheaf.Leray.FibreStalkEvaluation.derivedStalkIso' depends on axioms: [propext,
info: Lib/AxiomAudit.lean:3128:0: 'CategoryTheory.Sheaf.Leray.FibreStalkEvaluation.derivedStalkEvaluation' depends on axioms: [propext,
info: Lib/AxiomAudit.lean:3130:0: 'CategoryTheory.Sheaf.Leray.FibreStalkEvaluation.derivedNeighborhoodGerm' depends on axioms: [propext,
info: Lib/AxiomAudit.lean:3132:0: 'CategoryTheory.Sheaf.Leray.FibreStalkEvaluation.derivedStalkEvaluation_germ' depends on axioms: [propext,
info: Lib/AxiomAudit.lean:3134:0: 'CategoryTheory.Sheaf.Leray.FibreStalkEvaluation.presheafStalkEvaluation_bijective_of_local_lift_kill' depends on axioms: [propext,
info: Lib/AxiomAudit.lean:3136:0: 'CategoryTheory.Sheaf.Leray.FibreStalkEvaluation.derivedStalkEvaluation_isIso_of_local_lift_kill' depends on axioms: [propext,
info: Lib/AxiomAudit.lean:3141:0: 'CategoryTheory.Sheaf.Leray.FibreStalkEvaluation.ConstantPointFibre.Fibre' does not depend on any axioms
info: Lib/AxiomAudit.lean:3143:0: 'CategoryTheory.Sheaf.Leray.FibreStalkEvaluation.ConstantPointFibre.fibreInclusion' depends on axioms: [propext,
info: Lib/AxiomAudit.lean:3145:0: 'CategoryTheory.Sheaf.Leray.FibreStalkEvaluation.ConstantPointFibre.fibreInclusion_injective' depends on axioms: [propext,
info: Lib/AxiomAudit.lean:3147:0: 'CategoryTheory.Sheaf.Leray.FibreStalkEvaluation.ConstantPointFibre.fibreInclusion_isClosedMap' depends on axioms: [propext,
info: Lib/AxiomAudit.lean:3149:0: 'CategoryTheory.Sheaf.Leray.FibreStalkEvaluation.ConstantPointFibre.fibreInclusion_finite_fibres' depends on axioms: [propext,
info: Lib/AxiomAudit.lean:3151:0: 'CategoryTheory.Sheaf.Leray.FibreStalkEvaluation.ConstantPointFibre.map_fibreInclusion' depends on axioms: [propext,
info: Lib/AxiomAudit.lean:3153:0: 'CategoryTheory.Sheaf.Leray.FibreStalkEvaluation.ConstantPointFibre.ConstantNormalization' depends on axioms: [propext,
info: Lib/AxiomAudit.lean:3155:0: 'CategoryTheory.Sheaf.Leray.FibreStalkEvaluation.ConstantPointFibre.stalkToFibre' depends on axioms: [propext,
info: Lib/AxiomAudit.lean:3157:0: 'CategoryTheory.Sheaf.Leray.FibreStalkEvaluation.ConstantPointFibre.neighborhoodGerm' depends on axioms: [propext,
info: Lib/AxiomAudit.lean:3159:0: 'CategoryTheory.Sheaf.Leray.FibreStalkEvaluation.ConstantPointFibre.stalkToFibre_neighborhoodGerm' depends on axioms: [propext,
info: Lib/AxiomAudit.lean:3164:0: 'CategoryTheory.Sheaf.Leray.FibreStalkEvaluation.canonicalResolutionCohomologyNormalizationPositive' depends on axioms: [propext,
info: Lib/AxiomAudit.lean:3166:0: 'CategoryTheory.Sheaf.Leray.FibreStalkEvaluation.canonicalDerivedStalkIsoPositive' depends on axioms: [propext,
info: Lib/AxiomAudit.lean:3168:0: 'CategoryTheory.Sheaf.Leray.FibreStalkEvaluation.canonicalDerivedStalkEvaluationPositive' depends on axioms: [propext,
info: Lib/AxiomAudit.lean:3170:0: 'CategoryTheory.Sheaf.Leray.FibreStalkEvaluation.canonicalDerivedNeighborhoodGermPositive' depends on axioms: [propext,
info: Lib/AxiomAudit.lean:3172:0: 'CategoryTheory.Sheaf.Leray.FibreStalkEvaluation.canonicalDerivedStalkEvaluation_germPositive' depends on axioms: [propext,
info: Lib/AxiomAudit.lean:3174:0: 'CategoryTheory.Sheaf.Leray.FibreStalkEvaluation.canonicalDerivedStalkEvaluation_isIso_of_local_lift_killPositive' depends on axioms: [propext,
info: Lib/AxiomAudit.lean:3176:0: 'CategoryTheory.Sheaf.Leray.FibreStalkEvaluation.ConstantPointFibre.canonicalStalkToFibrePositive' depends on axioms: [propext,
info: Lib/AxiomAudit.lean:3178:0: 'CategoryTheory.Sheaf.Leray.FibreStalkEvaluation.ConstantPointFibre.canonicalNeighborhoodGermPositive' depends on axioms: [propext,
info: Lib/AxiomAudit.lean:3180:0: 'CategoryTheory.Sheaf.Leray.FibreStalkEvaluation.ConstantPointFibre.canonicalStalkToFibre_neighborhoodGermPositive' depends on axioms: [propext,
info: Lib/AxiomAudit.lean:3185:0: 'CategoryTheory.Sheaf.Leray.FibreStalkEvaluation.ConstantPointFibre.canonicalNeighborhoodGermPositive_hom_ext_of_cofinal' depends on axioms: [propext,
info: Lib/AxiomAudit.lean:3190:0: 'LinearMap.dualMap_mem_range_comp_iff_of_surjective' depends on axioms: [propext, Classical.choice, Quot.sound]
info: Lib/AxiomAudit.lean:3192:0: 'LinearMap.finTwoSecondCoordinate' depends on axioms: [propext, Quot.sound]
info: Lib/AxiomAudit.lean:3194:0: 'LinearMap.smul_finTwoSecondCoordinate_mem_range_dualMap_iff' depends on axioms: [propext, Classical.choice, Quot.sound]
info: Lib/AxiomAudit.lean:3199:0: 'LinearMap.dualMap_injective_of_finTwo_triangular' depends on axioms: [propext, Classical.choice, Quot.sound]
info: Lib/AxiomAudit.lean:3204:0: 'CategoryTheory.Sheaf.Leray.stalkMap_bijective_of_local_lift_kill' depends on axioms: [propext,
info: Lib/AxiomAudit.lean:3209:0: 'locallyContractibleSpace_of_retract' depends on axioms: [propext, Classical.choice, Quot.sound]
info: Lib/AxiomAudit.lean:3211:0: 'LocallyContractibleSpace.of_retract' depends on axioms: [propext, Classical.choice, Quot.sound]
info: Lib/AxiomAudit.lean:3213:0: 'StronglyLocallyContractibleSpace.of_open_neighborhoods' depends on axioms: [propext, Classical.choice, Quot.sound]
info: Lib/AxiomAudit.lean:3215:0: 'IsLocalHomeomorph.stronglyLocallyContractibleSpace_of_surjective' depends on axioms: [propext,
info: Lib/AxiomAudit.lean:3220:0: 'CategoryTheory.InjectiveResolution.coyonedaHomologyExtAddEquiv' depends on axioms: [propext,
info: Lib/AxiomAudit.lean:3225:0: 'normedSpaceStronglyLocallyContractible' depends on axioms: [propext, Classical.choice, Quot.sound]
info: Lib/AxiomAudit.lean:3227:0: 'Metric.ballInClosedBallHomeomorph' depends on axioms: [propext, Classical.choice, Quot.sound]
info: Lib/AxiomAudit.lean:3229:0: 'Metric.ballInClosedBall_contractible' depends on axioms: [propext, Classical.choice, Quot.sound]
info: Lib/AxiomAudit.lean:3231:0: 'Metric.closedBallStronglyLocallyContractible' depends on axioms: [propext, Classical.choice, Quot.sound]
info: Lib/AxiomAudit.lean:3236:0: 'chartedSpaceStronglyLocallyContractible' depends on axioms: [propext, Classical.choice, Quot.sound]
info: Lib/AxiomAudit.lean:3241:0: 'LinearMap.kerEquivOfColumnIso' depends on axioms: [propext, Quot.sound]
info: Lib/AxiomAudit.lean:3243:0: 'LinearMap.kerEquivOfColumnIso_apply' depends on axioms: [propext, Quot.sound]
info: Lib/AxiomAudit.lean:3245:0: 'LinearMap.kerEquivOfColumnIso_symm_apply_val' depends on axioms: [propext, Quot.sound]
info: Lib/AxiomAudit.lean:3247:0: 'LinearMap.surjective_of_columnIso' depends on axioms: [propext, Quot.sound]
info: Lib/AxiomAudit.lean:3252:0: 'eq_equiv_smul_generator' depends on axioms: [propext, Quot.sound]
info: Lib/AxiomAudit.lean:3254:0: 'ker_le_of_cyclic_generator_zero' depends on axioms: [propext, Quot.sound]
info: Lib/AxiomAudit.lean:3259:0: 'FundamentalGroup.VanKampen.Cocone.TwoOpenCover.characterLift' depends on axioms: [propext,
info: Lib/AxiomAudit.lean:3261:0: 'FundamentalGroup.VanKampen.Cocone.TwoOpenCover.characterLift_comp_inclusionHomU' depends on axioms: [propext,
info: Lib/AxiomAudit.lean:3263:0: 'FundamentalGroup.VanKampen.Cocone.TwoOpenCover.characterLift_comp_inclusionHomV' depends on axioms: [propext,
info: Lib/AxiomAudit.lean:3265:0: 'FundamentalGroup.VanKampen.Cocone.TwoOpenCover.characterLift_surjective_of_left' depends on axioms: [propext,
info: Lib/AxiomAudit.lean:3270:0: 'TopCat.exists_open_nullhomotopic_inclusion' depends on axioms: [propext, Classical.choice, Quot.sound]
info: Lib/AxiomAudit.lean:3275:0: 'CategoryTheory.HomologicalComplex.isIso_homologyMap_succ_of_cycle_lifts' depends on axioms: [propext,
info: Lib/AxiomAudit.lean:3280:0: 'CategoryTheory.HomologicalComplex.ChainCycleLift.Cycle' depends on axioms: [propext, Classical.choice, Quot.sound]
info: Lib/AxiomAudit.lean:3282:0: 'CategoryTheory.HomologicalComplex.ChainCycleLift.cycleModule' depends on axioms: [propext,
info: Lib/AxiomAudit.lean:3284:0: 'CategoryTheory.HomologicalComplex.ChainCycleLift.next_nat' depends on axioms: [propext, Classical.choice, Quot.sound]
info: Lib/AxiomAudit.lean:3286:0: 'CategoryTheory.HomologicalComplex.ChainCycleLift.cycle_condition' depends on axioms: [propext,
info: Lib/AxiomAudit.lean:3288:0: 'CategoryTheory.HomologicalComplex.ChainCycleLift.mkCycle' depends on axioms: [propext, Classical.choice, Quot.sound]
info: Lib/AxiomAudit.lean:3290:0: 'CategoryTheory.HomologicalComplex.ChainCycleLift.mkCycle_val' depends on axioms: [propext,
info: Lib/AxiomAudit.lean:3292:0: 'CategoryTheory.HomologicalComplex.ChainCycleLift.ShortCycle' depends on axioms: [propext, Quot.sound]
info: Lib/AxiomAudit.lean:3294:0: 'CategoryTheory.HomologicalComplex.ChainCycleLift.shortCycleModule' depends on axioms: [propext, Quot.sound]
info: Lib/AxiomAudit.lean:3296:0: 'CategoryTheory.HomologicalComplex.ChainCycleLift.ShortBoundaries' depends on axioms: [propext,
info: Lib/AxiomAudit.lean:3298:0: 'CategoryTheory.HomologicalComplex.ChainCycleLift.shortCycleClass' depends on axioms: [propext,
info: Lib/AxiomAudit.lean:3300:0: 'CategoryTheory.HomologicalComplex.ChainCycleLift.shortCycleClass_surjective' depends on axioms: [propext,
info: Lib/AxiomAudit.lean:3302:0: 'CategoryTheory.HomologicalComplex.ChainCycleLift.shortCycleClass_eq_zero_iff' depends on axioms: [propext,
info: Lib/AxiomAudit.lean:3304:0: 'CategoryTheory.HomologicalComplex.ChainCycleLift.cycleClass' depends on axioms: [propext, Classical.choice, Quot.sound]
info: Lib/AxiomAudit.lean:3306:0: 'CategoryTheory.HomologicalComplex.ChainCycleLift.cycleClass_surjective' depends on axioms: [propext,
info: Lib/AxiomAudit.lean:3308:0: 'CategoryTheory.HomologicalComplex.ChainCycleLift.cycleClass_eq_zero_iff' depends on axioms: [propext,
info: Lib/AxiomAudit.lean:3310:0: 'CategoryTheory.HomologicalComplex.ChainCycleLift.cycleClass_eq_iff' depends on axioms: [propext,
info: Lib/AxiomAudit.lean:3312:0: 'CategoryTheory.HomologicalComplex.ChainCycleLift.shortMap' depends on axioms: [propext, Classical.choice, Quot.sound]
info: Lib/AxiomAudit.lean:3314:0: 'CategoryTheory.HomologicalComplex.ChainCycleLift.mapCycles' depends on axioms: [propext, Classical.choice, Quot.sound]
info: Lib/AxiomAudit.lean:3316:0: 'CategoryTheory.HomologicalComplex.ChainCycleLift.mapCycles_val' depends on axioms: [propext,
info: Lib/AxiomAudit.lean:3318:0: 'CategoryTheory.HomologicalComplex.ChainCycleLift.homologyMap_cycleClass' depends on axioms: [propext,
info: Lib/AxiomAudit.lean:3320:0: 'CategoryTheory.HomologicalComplex.ChainCycleLift.quasiIso_of_injective_chain_conditions' depends on axioms: [propext,
info: Lib/AxiomAudit.lean:3325:0: 'CategoryTheory.ShortComplex.mapHomologyIso_comp' depends on axioms: [propext, Classical.choice, Quot.sound]
info: Lib/AxiomAudit.lean:3327:0: 'CategoryTheory.ShortComplex.mapHomologyIso_hom_naturality_natTrans' depends on axioms: [propext,
info: Lib/AxiomAudit.lean:3332:0: 'CategoryTheory.ShortComplex.leftHomologyDataOfExact' depends on axioms: [propext, Classical.choice, Quot.sound]
info: Lib/AxiomAudit.lean:3337:0: 'TopCat.ClosedRefinement' depends on axioms: [propext, Quot.sound]
info: Lib/AxiomAudit.lean:3339:0: 'TopCat.ClosedRefinement.mk' depends on axioms: [propext, Quot.sound]
info: Lib/AxiomAudit.lean:3341:0: 'TopCat.ClosedRefinement.support' depends on axioms: [propext, Quot.sound]
info: Lib/AxiomAudit.lean:3343:0: 'TopCat.ClosedRefinement.isClosed' depends on axioms: [propext, Quot.sound]
info: Lib/AxiomAudit.lean:3345:0: 'TopCat.ClosedRefinement.locallyFinite' depends on axioms: [propext, Quot.sound]
info: Lib/AxiomAudit.lean:3347:0: 'TopCat.ClosedRefinement.subordinate' depends on axioms: [propext, Quot.sound]
info: Lib/AxiomAudit.lean:3349:0: 'TopCat.ClosedRefinement.covers' depends on axioms: [propext, Quot.sound]
info: Lib/AxiomAudit.lean:3351:0: 'TopCat.ClosedRefinement.rec' depends on axioms: [propext, Quot.sound]
info: Lib/AxiomAudit.lean:3353:0: 'TopCat.ClosedRefinement.recOn' depends on axioms: [propext, Quot.sound]
info: Lib/AxiomAudit.lean:3355:0: 'TopCat.ClosedRefinement.casesOn' depends on axioms: [propext, Quot.sound]
info: Lib/AxiomAudit.lean:3357:0: 'TopCat.ClosedRefinement.noConfusionType' depends on axioms: [propext, Quot.sound]
info: Lib/AxiomAudit.lean:3359:0: 'TopCat.ClosedRefinement.noConfusion' depends on axioms: [propext, Quot.sound]
info: Lib/AxiomAudit.lean:3361:0: 'TopCat.ClosedRefinement.mk.injEq' depends on axioms: [propext, Quot.sound]
info: Lib/AxiomAudit.lean:3363:0: 'TopCat.ClosedRefinement.mk.inj' depends on axioms: [propext, Quot.sound]
info: Lib/AxiomAudit.lean:3365:0: 'TopCat.ClosedRefinement.ctorIdx' depends on axioms: [propext, Quot.sound]
info: Lib/AxiomAudit.lean:3367:0: 'TopCat.ClosedRefinement.mk.sizeOf_spec' depends on axioms: [propext, Quot.sound]
info: Lib/AxiomAudit.lean:3369:0: 'TopCat.ClosedRefinement.mk.noConfusion' depends on axioms: [propext, Quot.sound]
info: Lib/AxiomAudit.lean:3371:0: 'TopCat.exists_closedRefinement' depends on axioms: [propext, Classical.choice, Quot.sound]
info: Lib/AxiomAudit.lean:3373:0: 'TopCat.ClosedRefinement.index' depends on axioms: [propext, Classical.choice, Quot.sound]
info: Lib/AxiomAudit.lean:3375:0: 'TopCat.ClosedRefinement.mem_support_index' depends on axioms: [propext, Classical.choice, Quot.sound]
info: Lib/AxiomAudit.lean:3377:0: 'TopCat.ClosedRefinement.mem_open_index' depends on axioms: [propext, Classical.choice, Quot.sound]
info: Lib/AxiomAudit.lean:3379:0: 'TopCat.ClosedRefinement.finite_at' depends on axioms: [propext, Classical.choice, Quot.sound]
info: Lib/AxiomAudit.lean:3381:0: 'TopCat.ClosedRefinement.exists_controlled_neighborhood' depends on axioms: [propext, Classical.choice, Quot.sound]
info: Lib/AxiomAudit.lean:3386:0: 'TopologicalSpace.OpenCover.Refinement' depends on axioms: [propext, Quot.sound]
info: Lib/AxiomAudit.lean:3388:0: 'TopologicalSpace.OpenCover.Refinement.mk' depends on axioms: [propext, Quot.sound]
info: Lib/AxiomAudit.lean:3390:0: 'TopologicalSpace.OpenCover.Refinement.index' depends on axioms: [propext, Quot.sound]
info: Lib/AxiomAudit.lean:3392:0: 'TopologicalSpace.OpenCover.Refinement.le' depends on axioms: [propext, Quot.sound]
info: Lib/AxiomAudit.lean:3394:0: 'TopologicalSpace.OpenCover.Refinement.refl' depends on axioms: [propext, Quot.sound]
info: Lib/AxiomAudit.lean:3396:0: 'TopologicalSpace.OpenCover.Refinement.comp' depends on axioms: [propext, Quot.sound]
info: Lib/AxiomAudit.lean:3398:0: 'TopologicalSpace.OpenCover.Refinement.refl_index' depends on axioms: [propext, Quot.sound]
info: Lib/AxiomAudit.lean:3400:0: 'TopologicalSpace.OpenCover.Refinement.comp_index' depends on axioms: [propext, Quot.sound]
info: Lib/AxiomAudit.lean:3402:0: 'TopologicalSpace.OpenCover.Refinement.refl_comp' depends on axioms: [propext, Quot.sound]
info: Lib/AxiomAudit.lean:3404:0: 'TopologicalSpace.OpenCover.Refinement.comp_refl' depends on axioms: [propext, Quot.sound]
info: Lib/AxiomAudit.lean:3406:0: 'TopologicalSpace.OpenCover.Refinement.comp_assoc' depends on axioms: [propext, Quot.sound]
info: Lib/AxiomAudit.lean:3408:0: 'TopologicalSpace.OpenCover.MultiplicityLE' depends on axioms: [propext, Classical.choice, Quot.sound]
info: Lib/AxiomAudit.lean:3410:0: 'TopologicalSpace.OpenCover.MultiplicityLE.mono' depends on axioms: [propext, Classical.choice, Quot.sound]
info: Lib/AxiomAudit.lean:3412:0: 'TopologicalSpace.OpenCover.MultiplicityLE.iff_iInter_eq_empty' depends on axioms: [propext,
info: Lib/AxiomAudit.lean:3414:0: 'TopologicalSpace.OpenCover.MultiplicityLE.iff_iInter_eq_empty_of_card_eq_succ' depends on axioms: [propext,
info: Lib/AxiomAudit.lean:3416:0: 'HasCoveringDimensionLE' depends on axioms: [propext, Classical.choice, Quot.sound]
info: Lib/AxiomAudit.lean:3418:0: 'HasCoveringDimensionLE.mono' depends on axioms: [propext, Classical.choice, Quot.sound]
info: Lib/AxiomAudit.lean:3420:0: 'HasCoveringDimensionLE.of_homeomorph' depends on axioms: [propext, Classical.choice, Quot.sound]
info: Lib/AxiomAudit.lean:3425:0: 'TopCat.DependentFunctionSheaf.presheaf' depends on axioms: [propext, Quot.sound]
info: Lib/AxiomAudit.lean:3427:0: 'TopCat.DependentFunctionSheaf.presheaf_obj' depends on axioms: [propext, Quot.sound]
info: Lib/AxiomAudit.lean:3429:0: 'TopCat.DependentFunctionSheaf.presheaf_map_apply' depends on axioms: [propext, Quot.sound]
info: Lib/AxiomAudit.lean:3431:0: 'TopCat.DependentFunctionSheaf.forgetIso' depends on axioms: [propext, Classical.choice, Quot.sound]
info: Lib/AxiomAudit.lean:3433:0: 'TopCat.DependentFunctionSheaf.isSheaf' depends on axioms: [propext, Classical.choice, Quot.sound]
info: Lib/AxiomAudit.lean:3435:0: 'TopCat.DependentFunctionSheaf.sheaf' depends on axioms: [propext, Classical.choice, Quot.sound]
info: Lib/AxiomAudit.lean:3437:0: 'TopCat.DependentFunctionSheaf.extendByZero' depends on axioms: [propext, Classical.choice, Quot.sound]
info: Lib/AxiomAudit.lean:3439:0: 'TopCat.DependentFunctionSheaf.restrict_extendByZero' depends on axioms: [propext, Classical.choice, Quot.sound]
info: Lib/AxiomAudit.lean:3441:0: 'TopCat.DependentFunctionSheaf.sheaf_isFlasque' depends on axioms: [propext, Classical.choice, Quot.sound]
info: Lib/AxiomAudit.lean:3446:0: 'TopCat.SheafCohomology.Godement.stalkFiber' depends on axioms: [propext, Classical.choice, Quot.sound]
info: Lib/AxiomAudit.lean:3448:0: 'TopCat.SheafCohomology.Godement.envelope' depends on axioms: [propext, Classical.choice, Quot.sound]
info: Lib/AxiomAudit.lean:3450:0: 'TopCat.SheafCohomology.Godement.germEmbeddingPresheaf' depends on axioms: [propext, Classical.choice, Quot.sound]
info: Lib/AxiomAudit.lean:3452:0: 'TopCat.SheafCohomology.Godement.germEmbedding' depends on axioms: [propext, Classical.choice, Quot.sound]
info: Lib/AxiomAudit.lean:3454:0: 'TopCat.SheafCohomology.Godement.germEmbedding_app_apply' depends on axioms: [propext, Classical.choice, Quot.sound]
info: Lib/AxiomAudit.lean:3456:0: 'TopCat.SheafCohomology.Godement.germEmbedding_app_injective' depends on axioms: [propext, Classical.choice, Quot.sound]
info: Lib/AxiomAudit.lean:3458:0: 'TopCat.SheafCohomology.Godement.germEmbedding_mono' depends on axioms: [propext, Classical.choice, Quot.sound]
info: Lib/AxiomAudit.lean:3460:0: 'TopCat.SheafCohomology.Godement.envelope_isFlasque' depends on axioms: [propext, Classical.choice, Quot.sound]
info: Lib/AxiomAudit.lean:3465:0: 'TopCat.SheafCohomology.Godement.remainder' depends on axioms: [propext, Classical.choice, Quot.sound]
info: Lib/AxiomAudit.lean:3467:0: 'TopCat.SheafCohomology.Godement.remainder_zero' depends on axioms: [propext, Classical.choice, Quot.sound]
info: Lib/AxiomAudit.lean:3469:0: 'TopCat.SheafCohomology.Godement.remainder_succ' depends on axioms: [propext, Classical.choice, Quot.sound]
info: Lib/AxiomAudit.lean:3471:0: 'TopCat.SheafCohomology.Godement.resolution' depends on axioms: [propext, Classical.choice, Quot.sound]
info: Lib/AxiomAudit.lean:3473:0: 'TopCat.SheafCohomology.Godement.resolution_Z' depends on axioms: [propext, Classical.choice, Quot.sound]
info: Lib/AxiomAudit.lean:3475:0: 'TopCat.SheafCohomology.Godement.resolution_X' depends on axioms: [propext, Classical.choice, Quot.sound]
info: Lib/AxiomAudit.lean:3477:0: 'TopCat.SheafCohomology.Godement.resolution_i' depends on axioms: [propext, Classical.choice, Quot.sound]
info: Lib/AxiomAudit.lean:3479:0: 'TopCat.SheafCohomology.Godement.resolution_p' depends on axioms: [propext, Classical.choice, Quot.sound]
info: Lib/AxiomAudit.lean:3481:0: 'TopCat.SheafCohomology.Godement.resolution_term_isFlasque' depends on axioms: [propext, Classical.choice, Quot.sound]
info: Lib/AxiomAudit.lean:3483:0: 'TopCat.SheafCohomology.Godement.resolution_isAcyclic' depends on axioms: [propext, Classical.choice, Quot.sound]
info: Lib/AxiomAudit.lean:3485:0: 'TopCat.SheafCohomology.Godement.cohomologyIsoGlobalHomology' depends on axioms: [propext, Classical.choice, Quot.sound]
info: Lib/AxiomAudit.lean:3490:0: 'TopCat.Sheaf.OpenRestriction.hasProjectiveDimensionLT_freeOpen_sup' depends on axioms: [propext,
info: Lib/AxiomAudit.lean:3495:0: 'TopCat.Sheaf.integralSheaf_hasProjectiveDimensionLT_iff_cohomology_subsingleton' depends on axioms: [propext,
info: Lib/AxiomAudit.lean:3500:0: 'TopCat.Sheaf.OpenRestriction.integralToFreeTop' depends on axioms: [propext, Classical.choice, Quot.sound]
info: Lib/AxiomAudit.lean:3502:0: 'TopCat.Sheaf.OpenRestriction.integralToFreeTop_comp_section' depends on axioms: [propext, Classical.choice, Quot.sound]
info: Lib/AxiomAudit.lean:3504:0: 'TopCat.Sheaf.OpenRestriction.integralToFreeTop_comp_bijective' depends on axioms: [propext,
info: Lib/AxiomAudit.lean:3506:0: 'TopCat.Sheaf.OpenRestriction.integralSheafFreeTopIso' depends on axioms: [propext, Classical.choice, Quot.sound]
info: Lib/AxiomAudit.lean:3508:0: 'TopCat.Sheaf.OpenRestriction.freeOpen_hasProjectiveDimensionLT_iff' depends on axioms: [propext,
info: Lib/AxiomAudit.lean:3510:0: 'TopCat.Sheaf.OpenRestriction.integralSheaf_hasProjectiveDimensionLT_iff_freeOpen_top' depends on axioms: [propext,
info: Lib/AxiomAudit.lean:3515:0: 'TopCat.Sheaf.OpenRestriction.sheaf_isFlasque_of_discreteTopology' depends on axioms: [propext,
info: Lib/AxiomAudit.lean:3517:0: 'TopCat.Sheaf.OpenRestriction.freeOpen_projective_of_discreteTopology' depends on axioms: [propext,
info: Lib/AxiomAudit.lean:3519:0: 'TopCat.Sheaf.OpenRestriction.integralSheaf_projective_of_discreteTopology' depends on axioms: [propext,
info: Lib/AxiomAudit.lean:3524:0: 'CategoryTheory.Equivalence.hasProjectiveDimensionLT_functor_obj' depends on axioms: [propext,
info: Lib/AxiomAudit.lean:3526:0: 'CategoryTheory.Equivalence.hasProjectiveDimensionLT_functor_obj_iff' depends on axioms: [propext,
info: Lib/AxiomAudit.lean:3531:0: 'TopCat.Sheaf.equivalenceOfIso' depends on axioms: [propext, Classical.choice, Quot.sound]
info: Lib/AxiomAudit.lean:3533:0: 'TopCat.Sheaf.integralSheafEquivImageIso' depends on axioms: [propext, Classical.choice, Quot.sound]
info: Lib/AxiomAudit.lean:3535:0: 'TopCat.Sheaf.integralSheaf_hasProjectiveDimensionLT_iff_of_iso' depends on axioms: [propext,
info: Lib/AxiomAudit.lean:3540:0: 'TopCat.SheafH1.subsingleton_h1_of_isFlasque' depends on axioms: [propext, Classical.choice, Quot.sound]
info: Lib/AxiomAudit.lean:3545:0: 'TopCat.SheafificationLocal.sheaf' depends on axioms: [propext, Classical.choice, Quot.sound]
info: Lib/AxiomAudit.lean:3547:0: 'TopCat.SheafificationLocal.unit' depends on axioms: [propext, Classical.choice, Quot.sound]
info: Lib/AxiomAudit.lean:3549:0: 'TopCat.SheafificationLocal.unit_stalk_isIso' depends on axioms: [propext, Classical.choice, Quot.sound]
info: Lib/AxiomAudit.lean:3551:0: 'TopCat.SheafificationLocal.unit_stalk_injective' depends on axioms: [propext, Classical.choice, Quot.sound]
info: Lib/AxiomAudit.lean:3553:0: 'TopCat.SheafificationLocal.exists_local_representative' depends on axioms: [propext, Classical.choice, Quot.sound]
info: Lib/AxiomAudit.lean:3555:0: 'TopCat.SheafificationLocal.germ_unit_eq_iff' depends on axioms: [propext, Classical.choice, Quot.sound]
info: Lib/AxiomAudit.lean:3557:0: 'TopCat.SheafificationLocal.exists_restriction_eq_of_germ_unit_eq' depends on axioms: [propext,
info: Lib/AxiomAudit.lean:3562:0: 'TopCat.SheafificationPushforward.liftToPushforward' depends on axioms: [propext, Classical.choice, Quot.sound]
info: Lib/AxiomAudit.lean:3564:0: 'TopCat.SheafificationPushforward.toSheafify_liftToPushforward' depends on axioms: [propext,
info: Lib/AxiomAudit.lean:3566:0: 'TopCat.SheafificationPushforward.toSheafify_liftToPushforward_assoc' depends on axioms: [propext,
info: Lib/AxiomAudit.lean:3568:0: 'TopCat.SheafificationPushforward.liftToPushforward_hom_ext' depends on axioms: [propext, Classical.choice, Quot.sound]
info: Lib/AxiomAudit.lean:3570:0: 'TopCat.SheafificationPushforward.sheafifyPullback' depends on axioms: [propext, Classical.choice, Quot.sound]
info: Lib/AxiomAudit.lean:3572:0: 'TopCat.SheafificationPushforward.toSheafify_sheafifyPullback' depends on axioms: [propext,
info: Lib/AxiomAudit.lean:3574:0: 'TopCat.SheafificationPushforward.toSheafify_sheafifyPullback_assoc' depends on axioms: [propext,
info: Lib/AxiomAudit.lean:3576:0: 'TopCat.SheafificationPushforward.sheafifyPullback_naturality' depends on axioms: [propext,
info: Lib/AxiomAudit.lean:3581:0: 'CategoryTheory.Abelian.Ext.connecting' depends on axioms: [propext, Classical.choice, Quot.sound]
info: Lib/AxiomAudit.lean:3583:0: 'CategoryTheory.Abelian.Ext.connecting_apply' depends on axioms: [propext, Classical.choice, Quot.sound]
info: Lib/AxiomAudit.lean:3585:0: 'CategoryTheory.Abelian.Ext.connecting_surjective' depends on axioms: [propext, Classical.choice, Quot.sound]
info: Lib/AxiomAudit.lean:3587:0: 'CategoryTheory.Abelian.Ext.connecting_exact' depends on axioms: [propext, Classical.choice, Quot.sound]
info: Lib/AxiomAudit.lean:3589:0: 'CategoryTheory.Abelian.Ext.AcyclicResolutionH1' depends on axioms: [propext, Classical.choice, Quot.sound]
info: Lib/AxiomAudit.lean:3591:0: 'CategoryTheory.Abelian.Ext.AcyclicResolutionH1.mk' depends on axioms: [propext, Classical.choice, Quot.sound]
info: Lib/AxiomAudit.lean:3593:0: 'CategoryTheory.Abelian.Ext.AcyclicResolutionH1.F' depends on axioms: [propext, Classical.choice, Quot.sound]
info: Lib/AxiomAudit.lean:3595:0: 'CategoryTheory.Abelian.Ext.AcyclicResolutionH1.complex' depends on axioms: [propext, Classical.choice, Quot.sound]
info: Lib/AxiomAudit.lean:3597:0: 'CategoryTheory.Abelian.Ext.AcyclicResolutionH1.ι' depends on axioms: [propext, Classical.choice, Quot.sound]
info: Lib/AxiomAudit.lean:3599:0: 'CategoryTheory.Abelian.Ext.AcyclicResolutionH1.zero' depends on axioms: [propext, Classical.choice, Quot.sound]
info: Lib/AxiomAudit.lean:3601:0: 'CategoryTheory.Abelian.Ext.AcyclicResolutionH1.initial_exact' depends on axioms: [propext,
info: Lib/AxiomAudit.lean:3603:0: 'CategoryTheory.Abelian.Ext.AcyclicResolutionH1.exact' depends on axioms: [propext, Classical.choice, Quot.sound]
info: Lib/AxiomAudit.lean:3605:0: 'CategoryTheory.Abelian.Ext.AcyclicResolutionH1.mono_ι' depends on axioms: [propext, Classical.choice, Quot.sound]
info: Lib/AxiomAudit.lean:3607:0: 'CategoryTheory.Abelian.Ext.AcyclicResolutionH1.rec' depends on axioms: [propext, Classical.choice, Quot.sound]
info: Lib/AxiomAudit.lean:3609:0: 'CategoryTheory.Abelian.Ext.AcyclicResolutionH1.recOn' depends on axioms: [propext, Classical.choice, Quot.sound]
info: Lib/AxiomAudit.lean:3611:0: 'CategoryTheory.Abelian.Ext.AcyclicResolutionH1.casesOn' depends on axioms: [propext, Classical.choice, Quot.sound]
info: Lib/AxiomAudit.lean:3613:0: 'CategoryTheory.Abelian.Ext.AcyclicResolutionH1.noConfusionType' depends on axioms: [propext,
info: Lib/AxiomAudit.lean:3615:0: 'CategoryTheory.Abelian.Ext.AcyclicResolutionH1.noConfusion' depends on axioms: [propext, Classical.choice, Quot.sound]
info: Lib/AxiomAudit.lean:3617:0: 'CategoryTheory.Abelian.Ext.AcyclicResolutionH1.mk.injEq' depends on axioms: [propext, Classical.choice, Quot.sound]
info: Lib/AxiomAudit.lean:3619:0: 'CategoryTheory.Abelian.Ext.AcyclicResolutionH1.mk.inj' depends on axioms: [propext, Classical.choice, Quot.sound]
info: Lib/AxiomAudit.lean:3621:0: 'CategoryTheory.Abelian.Ext.AcyclicResolutionH1.ctorIdx' depends on axioms: [propext, Classical.choice, Quot.sound]
info: Lib/AxiomAudit.lean:3623:0: 'CategoryTheory.Abelian.Ext.AcyclicResolutionH1.mk.sizeOf_spec' depends on axioms: [propext,
info: Lib/AxiomAudit.lean:3625:0: 'CategoryTheory.Abelian.Ext.AcyclicResolutionH1.mk.noConfusion' depends on axioms: [propext,
info: Lib/AxiomAudit.lean:3627:0: 'CategoryTheory.Abelian.Ext.AcyclicResolutionH1.cycles' depends on axioms: [propext, Classical.choice, Quot.sound]
info: Lib/AxiomAudit.lean:3629:0: 'CategoryTheory.Abelian.Ext.AcyclicResolutionH1.toCycles' depends on axioms: [propext, Classical.choice, Quot.sound]
info: Lib/AxiomAudit.lean:3631:0: 'CategoryTheory.Abelian.Ext.AcyclicResolutionH1.toCycles_ι' depends on axioms: [propext, Classical.choice, Quot.sound]
info: Lib/AxiomAudit.lean:3633:0: 'CategoryTheory.Abelian.Ext.AcyclicResolutionH1.toCycles_ι_assoc' depends on axioms: [propext,
info: Lib/AxiomAudit.lean:3635:0: 'CategoryTheory.Abelian.Ext.AcyclicResolutionH1.augmentation_toCycles' depends on axioms: [propext,
info: Lib/AxiomAudit.lean:3637:0: 'CategoryTheory.Abelian.Ext.AcyclicResolutionH1.first' depends on axioms: [propext, Classical.choice, Quot.sound]
info: Lib/AxiomAudit.lean:3639:0: 'CategoryTheory.Abelian.Ext.AcyclicResolutionH1.first_shortExact' depends on axioms: [propext,
info: Lib/AxiomAudit.lean:3641:0: 'CategoryTheory.Abelian.Ext.AcyclicResolutionH1.extZeroComplex' depends on axioms: [propext,
info: Lib/AxiomAudit.lean:3643:0: 'CategoryTheory.Abelian.Ext.AcyclicResolutionH1.extOneHomologyData' depends on axioms: [propext,
info: Lib/AxiomAudit.lean:3645:0: 'CategoryTheory.Abelian.Ext.AcyclicResolutionH1.extOneIso' depends on axioms: [propext, Classical.choice, Quot.sound]
info: Lib/AxiomAudit.lean:3650:0: 'CategoryTheory.Abelian.Ext.connecting_naturality' depends on axioms: [propext, Classical.choice, Quot.sound]
info: Lib/AxiomAudit.lean:3652:0: 'CategoryTheory.Abelian.Ext.AcyclicResolutionH1.Hom' depends on axioms: [propext, Classical.choice, Quot.sound]
info: Lib/AxiomAudit.lean:3654:0: 'CategoryTheory.Abelian.Ext.AcyclicResolutionH1.Hom.mk' depends on axioms: [propext, Classical.choice, Quot.sound]
info: Lib/AxiomAudit.lean:3656:0: 'CategoryTheory.Abelian.Ext.AcyclicResolutionH1.Hom.augmentation' depends on axioms: [propext,
info: Lib/AxiomAudit.lean:3658:0: 'CategoryTheory.Abelian.Ext.AcyclicResolutionH1.Hom.complex' depends on axioms: [propext, Classical.choice, Quot.sound]
info: Lib/AxiomAudit.lean:3660:0: 'CategoryTheory.Abelian.Ext.AcyclicResolutionH1.Hom.comm' depends on axioms: [propext, Classical.choice, Quot.sound]
info: Lib/AxiomAudit.lean:3662:0: 'CategoryTheory.Abelian.Ext.AcyclicResolutionH1.Hom.rec' depends on axioms: [propext, Classical.choice, Quot.sound]
info: Lib/AxiomAudit.lean:3664:0: 'CategoryTheory.Abelian.Ext.AcyclicResolutionH1.Hom.recOn' depends on axioms: [propext, Classical.choice, Quot.sound]
info: Lib/AxiomAudit.lean:3666:0: 'CategoryTheory.Abelian.Ext.AcyclicResolutionH1.Hom.casesOn' depends on axioms: [propext, Classical.choice, Quot.sound]
info: Lib/AxiomAudit.lean:3668:0: 'CategoryTheory.Abelian.Ext.AcyclicResolutionH1.Hom.noConfusionType' depends on axioms: [propext,
info: Lib/AxiomAudit.lean:3670:0: 'CategoryTheory.Abelian.Ext.AcyclicResolutionH1.Hom.noConfusion' depends on axioms: [propext,
info: Lib/AxiomAudit.lean:3672:0: 'CategoryTheory.Abelian.Ext.AcyclicResolutionH1.Hom.mk.injEq' depends on axioms: [propext, Classical.choice, Quot.sound]
info: Lib/AxiomAudit.lean:3674:0: 'CategoryTheory.Abelian.Ext.AcyclicResolutionH1.Hom.mk.inj' depends on axioms: [propext, Classical.choice, Quot.sound]
info: Lib/AxiomAudit.lean:3676:0: 'CategoryTheory.Abelian.Ext.AcyclicResolutionH1.Hom.ctorIdx' depends on axioms: [propext, Classical.choice, Quot.sound]
info: Lib/AxiomAudit.lean:3678:0: 'CategoryTheory.Abelian.Ext.AcyclicResolutionH1.Hom.mk.sizeOf_spec' depends on axioms: [propext,
info: Lib/AxiomAudit.lean:3680:0: 'CategoryTheory.Abelian.Ext.AcyclicResolutionH1.Hom.mk.noConfusion' depends on axioms: [propext,
info: Lib/AxiomAudit.lean:3682:0: 'CategoryTheory.Abelian.Ext.AcyclicResolutionH1.Hom.cyclesMap' depends on axioms: [propext,
info: Lib/AxiomAudit.lean:3684:0: 'CategoryTheory.Abelian.Ext.AcyclicResolutionH1.Hom.cyclesMap_ι' depends on axioms: [propext,
info: Lib/AxiomAudit.lean:3686:0: 'CategoryTheory.Abelian.Ext.AcyclicResolutionH1.Hom.cyclesMap_ι_assoc' depends on axioms: [propext,
info: Lib/AxiomAudit.lean:3688:0: 'CategoryTheory.Abelian.Ext.AcyclicResolutionH1.Hom.toCycles_naturality' depends on axioms: [propext,
info: Lib/AxiomAudit.lean:3690:0: 'CategoryTheory.Abelian.Ext.AcyclicResolutionH1.Hom.firstMap' depends on axioms: [propext, Classical.choice, Quot.sound]
info: Lib/AxiomAudit.lean:3692:0: 'CategoryTheory.Abelian.Ext.AcyclicResolutionH1.Hom.extZeroMap' depends on axioms: [propext,
info: Lib/AxiomAudit.lean:3694:0: 'CategoryTheory.Abelian.Ext.AcyclicResolutionH1.Hom.connectingOne_naturality' depends on axioms: [propext,
info: Lib/AxiomAudit.lean:3696:0: 'CategoryTheory.Abelian.Ext.AcyclicResolutionH1.Hom.connectingOne_naturality_assoc' depends on axioms: [propext,
info: Lib/AxiomAudit.lean:3698:0: 'CategoryTheory.Abelian.Ext.AcyclicResolutionH1.extCycleMap' depends on axioms: [propext, Classical.choice, Quot.sound]
info: Lib/AxiomAudit.lean:3700:0: 'CategoryTheory.Abelian.Ext.AcyclicResolutionH1.extCycleMap_i' depends on axioms: [propext,
info: Lib/AxiomAudit.lean:3702:0: 'CategoryTheory.Abelian.Ext.AcyclicResolutionH1.extCycleMap_i_assoc' depends on axioms: [propext,
info: Lib/AxiomAudit.lean:3704:0: 'CategoryTheory.Abelian.Ext.AcyclicResolutionH1.extOneHomologyData_cyclesIso_inv' depends on axioms: [propext,
info: Lib/AxiomAudit.lean:3706:0: 'CategoryTheory.Abelian.Ext.AcyclicResolutionH1.extOneIso_connecting_cycle' depends on axioms: [propext,
info: Lib/AxiomAudit.lean:3708:0: 'CategoryTheory.Abelian.Ext.AcyclicResolutionH1.Hom.extCycleMap_naturality' depends on axioms: [propext,
info: Lib/AxiomAudit.lean:3710:0: 'CategoryTheory.Abelian.Ext.AcyclicResolutionH1.comparison_naturality_of_epi' does not depend on any axioms
info: Lib/AxiomAudit.lean:3712:0: 'CategoryTheory.Abelian.Ext.AcyclicResolutionH1.Hom.extOneIso_naturality' depends on axioms: [propext,
info: Lib/AxiomAudit.lean:3714:0: 'CategoryTheory.Abelian.Ext.AcyclicResolutionH1.Hom.extOneIso_naturality_assoc' depends on axioms: [propext,
info: Lib/AxiomAudit.lean:3719:0: 'TopCat.SheafH1.h0GlobalIso' depends on axioms: [propext, Classical.choice, Quot.sound]
info: Lib/AxiomAudit.lean:3721:0: 'TopCat.SheafH1.h0GlobalIso_naturality' depends on axioms: [propext, Classical.choice, Quot.sound]
info: Lib/AxiomAudit.lean:3723:0: 'TopCat.SheafH1.AcyclicResolutionH1.globalComplex' depends on axioms: [propext, Classical.choice, Quot.sound]
info: Lib/AxiomAudit.lean:3725:0: 'TopCat.SheafH1.AcyclicResolutionH1.extZeroGlobalIso' depends on axioms: [propext, Classical.choice, Quot.sound]
info: Lib/AxiomAudit.lean:3727:0: 'TopCat.SheafH1.AcyclicResolutionH1.h1GlobalIso' depends on axioms: [propext, Classical.choice, Quot.sound]
info: Lib/AxiomAudit.lean:3732:0: 'TopCat.SheafH1.AcyclicResolutionH1.Hom.globalMap' depends on axioms: [propext, Classical.choice, Quot.sound]
info: Lib/AxiomAudit.lean:3734:0: 'TopCat.SheafH1.AcyclicResolutionH1.Hom.extZeroGlobalIso_naturality' depends on axioms: [propext,
info: Lib/AxiomAudit.lean:3736:0: 'TopCat.SheafH1.AcyclicResolutionH1.Hom.h1GlobalIso_naturality' depends on axioms: [propext,
info: Lib/AxiomAudit.lean:3741:0: 'TopCat.SingularCochainSheaf.cochainFunctor' depends on axioms: [propext, Classical.choice, Quot.sound]
info: Lib/AxiomAudit.lean:3743:0: 'TopCat.SingularCochainSheaf.presheaf' depends on axioms: [propext, Classical.choice, Quot.sound]
info: Lib/AxiomAudit.lean:3745:0: 'TopCat.SingularCochainSheaf.presheaf_obj' depends on axioms: [propext, Classical.choice, Quot.sound]
info: Lib/AxiomAudit.lean:3747:0: 'TopCat.SingularCochainSheaf.differential' depends on axioms: [propext, Classical.choice, Quot.sound]
info: Lib/AxiomAudit.lean:3749:0: 'TopCat.SingularCochainSheaf.differential_app' depends on axioms: [propext, Classical.choice, Quot.sound]
info: Lib/AxiomAudit.lean:3751:0: 'TopCat.SingularCochainSheaf.complex' depends on axioms: [propext, Classical.choice, Quot.sound]
info: Lib/AxiomAudit.lean:3753:0: 'TopCat.SingularCochainSheaf.complex_X' depends on axioms: [propext, Classical.choice, Quot.sound]
info: Lib/AxiomAudit.lean:3755:0: 'TopCat.SingularCochainSheaf.complex_d' depends on axioms: [propext, Classical.choice, Quot.sound]
info: Lib/AxiomAudit.lean:3760:0: 'TopCat.SingularCochainSheaf.sheaf' depends on axioms: [propext, Classical.choice, Quot.sound]
info: Lib/AxiomAudit.lean:3762:0: 'TopCat.SingularCochainSheaf.sheafDifferential' depends on axioms: [propext, Classical.choice, Quot.sound]
info: Lib/AxiomAudit.lean:3764:0: 'TopCat.SingularCochainSheaf.complexSheaf' depends on axioms: [propext, Classical.choice, Quot.sound]
info: Lib/AxiomAudit.lean:3766:0: 'TopCat.SingularCochainSheaf.complexSheaf_X' depends on axioms: [propext, Classical.choice, Quot.sound]
info: Lib/AxiomAudit.lean:3768:0: 'TopCat.SingularCochainSheaf.complexSheaf_d' depends on axioms: [propext, Classical.choice, Quot.sound]
info: Lib/AxiomAudit.lean:3770:0: 'TopCat.SingularCochainSheaf.unit' depends on axioms: [propext, Classical.choice, Quot.sound]
info: Lib/AxiomAudit.lean:3772:0: 'TopCat.SingularCochainSheaf.unit_d' depends on axioms: [propext, Classical.choice, Quot.sound]
info: Lib/AxiomAudit.lean:3774:0: 'TopCat.SingularCochainSheaf.unit_d_assoc' depends on axioms: [propext, Classical.choice, Quot.sound]
info: Lib/AxiomAudit.lean:3776:0: 'TopCat.SingularCochainSheaf.unitComplex' depends on axioms: [propext, Classical.choice, Quot.sound]
info: Lib/AxiomAudit.lean:3781:0: 'TopCat.SingularCochainSheaf.chainMap' depends on axioms: [propext, Classical.choice, Quot.sound]
info: Lib/AxiomAudit.lean:3783:0: 'TopCat.SingularCochainSheaf.singularSet' depends on axioms: [propext, Classical.choice, Quot.sound]
info: Lib/AxiomAudit.lean:3785:0: 'TopCat.SingularCochainSheaf.rawChainAugmentation' depends on axioms: [propext, Classical.choice, Quot.sound]
info: Lib/AxiomAudit.lean:3787:0: 'TopCat.SingularCochainSheaf.chainAugmentation' depends on axioms: [propext, Classical.choice, Quot.sound]
info: Lib/AxiomAudit.lean:3789:0: 'TopCat.SingularCochainSheaf.simplex_chainAugmentation' depends on axioms: [propext, Classical.choice, Quot.sound]
info: Lib/AxiomAudit.lean:3791:0: 'TopCat.SingularCochainSheaf.simplex_chainAugmentation_assoc' depends on axioms: [propext, Classical.choice, Quot.sound]
info: Lib/AxiomAudit.lean:3793:0: 'TopCat.SingularCochainSheaf.rawChainAugmentation_naturality' depends on axioms: [propext, Classical.choice, Quot.sound]
info: Lib/AxiomAudit.lean:3795:0: 'TopCat.SingularCochainSheaf.rawChainAugmentation_naturality_assoc' depends on axioms: [propext,
info: Lib/AxiomAudit.lean:3797:0: 'TopCat.SingularCochainSheaf.chainAugmentation_naturality' depends on axioms: [propext, Classical.choice, Quot.sound]
info: Lib/AxiomAudit.lean:3799:0: 'TopCat.SingularCochainSheaf.chainAugmentation_naturality_assoc' depends on axioms: [propext,
info: Lib/AxiomAudit.lean:3801:0: 'TopCat.SingularCochainSheaf.rawBoundary_chainAugmentation' depends on axioms: [propext, Classical.choice, Quot.sound]
info: Lib/AxiomAudit.lean:3803:0: 'TopCat.SingularCochainSheaf.rawBoundary_chainAugmentation_assoc' depends on axioms: [propext,
info: Lib/AxiomAudit.lean:3805:0: 'TopCat.SingularCochainSheaf.boundary_chainAugmentation' depends on axioms: [propext, Classical.choice, Quot.sound]
info: Lib/AxiomAudit.lean:3807:0: 'TopCat.SingularCochainSheaf.boundary_chainAugmentation_assoc' depends on axioms: [propext,
info: Lib/AxiomAudit.lean:3809:0: 'TopCat.SingularCochainSheaf.integerMultiple' depends on axioms: [propext]
info: Lib/AxiomAudit.lean:3811:0: 'TopCat.SingularCochainSheaf.constantCochain' depends on axioms: [propext, Classical.choice, Quot.sound]
info: Lib/AxiomAudit.lean:3813:0: 'TopCat.SingularCochainSheaf.constantCochain_d_zero' depends on axioms: [propext, Classical.choice, Quot.sound]
info: Lib/AxiomAudit.lean:3815:0: 'TopCat.SingularCochainSheaf.pullback_constant' depends on axioms: [propext, Classical.choice, Quot.sound]
info: Lib/AxiomAudit.lean:3817:0: 'TopCat.SingularCochainSheaf.presheafAugmentation' depends on axioms: [propext, Classical.choice, Quot.sound]
info: Lib/AxiomAudit.lean:3819:0: 'TopCat.SingularCochainSheaf.presheafAugmentation_d' depends on axioms: [propext, Classical.choice, Quot.sound]
info: Lib/AxiomAudit.lean:3821:0: 'TopCat.SingularCochainSheaf.presheafAugmentation_d_assoc' depends on axioms: [propext, Classical.choice, Quot.sound]
info: Lib/AxiomAudit.lean:3823:0: 'TopCat.SingularCochainSheaf.sheafAugmentation' depends on axioms: [propext, Classical.choice, Quot.sound]
info: Lib/AxiomAudit.lean:3825:0: 'TopCat.SingularCochainSheaf.sheafAugmentation_d' depends on axioms: [propext, Classical.choice, Quot.sound]
info: Lib/AxiomAudit.lean:3827:0: 'TopCat.SingularCochainSheaf.sheafAugmentation_d_assoc' depends on axioms: [propext, Classical.choice, Quot.sound]
info: Lib/AxiomAudit.lean:3829:0: 'TopCat.SingularCochainSheaf.initialComplex' depends on axioms: [propext, Classical.choice, Quot.sound]
info: Lib/AxiomAudit.lean:3834:0: 'TopCat.SingularCochainSheaf.constantCochain_injective' depends on axioms: [propext, Classical.choice, Quot.sound]
info: Lib/AxiomAudit.lean:3836:0: 'TopCat.SingularCochainSheaf.nullhomotopic_pullback_closed_zero' depends on axioms: [propext,
info: Lib/AxiomAudit.lean:3838:0: 'TopCat.SingularCochainSheaf.nullhomotopic_pullback_closed_one' depends on axioms: [propext,
info: Lib/AxiomAudit.lean:3843:0: 'TopCat.SingularCochainSheaf.sheafify_exact_of_local_kernels' depends on axioms: [propext, Classical.choice, Quot.sound]
info: Lib/AxiomAudit.lean:3848:0: 'TopCat.SingularCochainSheaf.sheafAugmentation_mono' depends on axioms: [propext, Classical.choice, Quot.sound]
info: Lib/AxiomAudit.lean:3853:0: 'TopCat.SingularCochainSheaf.zeroSingularSet' depends on axioms: [propext, Classical.choice, Quot.sound]
info: Lib/AxiomAudit.lean:3855:0: 'TopCat.SingularCochainSheaf.NativeChains' depends on axioms: [propext, Classical.choice, Quot.sound]
info: Lib/AxiomAudit.lean:3857:0: 'TopCat.SingularCochainSheaf.NativeCochains' depends on axioms: [propext, Classical.choice, Quot.sound]
info: Lib/AxiomAudit.lean:3859:0: 'TopCat.SingularCochainSheaf.pointSimplex' depends on axioms: [propext, Classical.choice, Quot.sound]
info: Lib/AxiomAudit.lean:3861:0: 'TopCat.SingularCochainSheaf.simplexPoint' depends on axioms: [propext, Classical.choice, Quot.sound]
info: Lib/AxiomAudit.lean:3863:0: 'TopCat.SingularCochainSheaf.simplexPoint_pointSimplex' depends on axioms: [propext, Classical.choice, Quot.sound]
info: Lib/AxiomAudit.lean:3865:0: 'TopCat.SingularCochainSheaf.pointSimplex_simplexPoint' depends on axioms: [propext, Classical.choice, Quot.sound]
info: Lib/AxiomAudit.lean:3867:0: 'TopCat.SingularCochainSheaf.simplexChain' depends on axioms: [propext, Classical.choice, Quot.sound]
info: Lib/AxiomAudit.lean:3869:0: 'TopCat.SingularCochainSheaf.zeroCochainEvaluate' depends on axioms: [propext, Classical.choice, Quot.sound]
info: Lib/AxiomAudit.lean:3871:0: 'TopCat.SingularCochainSheaf.integerLinear' depends on axioms: [propext, Quot.sound]
info: Lib/AxiomAudit.lean:3873:0: 'TopCat.SingularCochainSheaf.functionChainHom' depends on axioms: [propext, Classical.choice, Quot.sound]
info: Lib/AxiomAudit.lean:3875:0: 'TopCat.SingularCochainSheaf.iota_functionChainHom' depends on axioms: [propext, Classical.choice, Quot.sound]
info: Lib/AxiomAudit.lean:3877:0: 'TopCat.SingularCochainSheaf.iota_functionChainHom_assoc' depends on axioms: [propext, Classical.choice, Quot.sound]
info: Lib/AxiomAudit.lean:3879:0: 'TopCat.SingularCochainSheaf.functionChainHom_zero' depends on axioms: [propext, Classical.choice, Quot.sound]
info: Lib/AxiomAudit.lean:3881:0: 'TopCat.SingularCochainSheaf.functionChainHom_add' depends on axioms: [propext, Classical.choice, Quot.sound]
info: Lib/AxiomAudit.lean:3883:0: 'TopCat.SingularCochainSheaf.zeroCochainOfFunction' depends on axioms: [propext, Classical.choice, Quot.sound]
info: Lib/AxiomAudit.lean:3885:0: 'TopCat.SingularCochainSheaf.zeroCochainEvaluate_ofFunction' depends on axioms: [propext, Classical.choice, Quot.sound]
info: Lib/AxiomAudit.lean:3887:0: 'TopCat.SingularCochainSheaf.zeroCochainOfFunction_evaluate' depends on axioms: [propext, Classical.choice, Quot.sound]
info: Lib/AxiomAudit.lean:3889:0: 'TopCat.SingularCochainSheaf.zeroCochainsIsoFunctions' depends on axioms: [propext, Classical.choice, Quot.sound]
info: Lib/AxiomAudit.lean:3891:0: 'TopCat.SingularCochainSheaf.degreeZeroChainMap' depends on axioms: [propext, Classical.choice, Quot.sound]
info: Lib/AxiomAudit.lean:3893:0: 'TopCat.SingularCochainSheaf.map_pointSimplex' depends on axioms: [propext, Classical.choice, Quot.sound]
info: Lib/AxiomAudit.lean:3895:0: 'TopCat.SingularCochainSheaf.zeroCochainEvaluate_pullback' depends on axioms: [propext, Classical.choice, Quot.sound]
info: Lib/AxiomAudit.lean:3897:0: 'TopCat.SingularCochainSheaf.zeroCochainEvaluationHom' depends on axioms: [propext, Classical.choice, Quot.sound]
info: Lib/AxiomAudit.lean:3899:0: 'TopCat.SingularCochainSheaf.zeroCochainEvaluate_injective' depends on axioms: [propext, Classical.choice, Quot.sound]
info: Lib/AxiomAudit.lean:3901:0: 'TopCat.SingularCochainSheaf.zeroCochainEvaluationInv' depends on axioms: [propext, Classical.choice, Quot.sound]
info: Lib/AxiomAudit.lean:3903:0: 'TopCat.SingularCochainSheaf.zeroCochainPresheafIsoFunctions' depends on axioms: [propext, Classical.choice, Quot.sound]
info: Lib/AxiomAudit.lean:3908:0: 'TopCat.SingularCochainSheaf.zeroCochainPresheaf_isSheaf' depends on axioms: [propext, Classical.choice, Quot.sound]
info: Lib/AxiomAudit.lean:3910:0: 'TopCat.SingularCochainSheaf.zeroCochainDirectSheaf' depends on axioms: [propext, Classical.choice, Quot.sound]
info: Lib/AxiomAudit.lean:3912:0: 'TopCat.SingularCochainSheaf.zeroCochainDirectIsoFunctions' depends on axioms: [propext, Classical.choice, Quot.sound]
info: Lib/AxiomAudit.lean:3914:0: 'TopCat.SingularCochainSheaf.zeroCochainSheafIsoFunctions' depends on axioms: [propext, Classical.choice, Quot.sound]
info: Lib/AxiomAudit.lean:3916:0: 'TopCat.SingularCochainSheaf.zeroCochainSheaf_isFlasque' depends on axioms: [propext, Classical.choice, Quot.sound]
info: Lib/AxiomAudit.lean:3918:0: 'TopCat.SingularCochainSheaf.zeroCochainSheaf_h1_subsingleton' depends on axioms: [propext,
info: Lib/AxiomAudit.lean:3923:0: 'TopCat.SingularCochainSheaf.resolutionH1' depends on axioms: [propext, Classical.choice, Quot.sound]
info: Lib/AxiomAudit.lean:3928:0: 'TopCat.SingularCochainSheaf.globalCochainComplex' depends on axioms: [propext, Classical.choice, Quot.sound]
info: Lib/AxiomAudit.lean:3930:0: 'TopCat.SingularCochainSheaf.globalWindowH1Iso' depends on axioms: [propext, Classical.choice, Quot.sound]
info: Lib/AxiomAudit.lean:3932:0: 'TopCat.SingularCochainSheaf.constantSheafGlobalH1Iso' depends on axioms: [propext, Classical.choice, Quot.sound]
info: Lib/AxiomAudit.lean:3937:0: 'TopCat.SingularCochainSheaf.globalCochainUnit' depends on axioms: [propext, Classical.choice, Quot.sound]
info: Lib/AxiomAudit.lean:3939:0: 'TopCat.SingularCochainSheaf.globalCochainComparison' depends on axioms: [propext, Classical.choice, Quot.sound]
info: Lib/AxiomAudit.lean:3941:0: 'TopCat.SingularCochainSheaf.globalCochainComparison_f' depends on axioms: [propext, Classical.choice, Quot.sound]
info: Lib/AxiomAudit.lean:3946:0: 'TopCat.SingularCochainSheaf.h1Comparison' depends on axioms: [propext, Classical.choice, Quot.sound]
info: Lib/AxiomAudit.lean:3948:0: 'TopCat.SingularCochainSheaf.h1Comparison_global' depends on axioms: [propext, Classical.choice, Quot.sound]
info: Lib/AxiomAudit.lean:3950:0: 'TopCat.SingularCochainSheaf.h1Comparison_global_assoc' depends on axioms: [propext, Classical.choice, Quot.sound]
info: Lib/AxiomAudit.lean:3955:0: 'TopCat.SingularCochainSheaf.preimageMap' depends on axioms: [propext, Classical.choice, Quot.sound]
info: Lib/AxiomAudit.lean:3957:0: 'TopCat.SingularCochainSheaf.preimageMap_apply' depends on axioms: [propext, Classical.choice, Quot.sound]
info: Lib/AxiomAudit.lean:3959:0: 'TopCat.SingularCochainSheaf.preimageMap_restrict' depends on axioms: [propext, Classical.choice, Quot.sound]
info: Lib/AxiomAudit.lean:3961:0: 'TopCat.SingularCochainSheaf.openPullback_restrict' depends on axioms: [propext, Classical.choice, Quot.sound]
info: Lib/AxiomAudit.lean:3963:0: 'TopCat.SingularCochainSheaf.presheafPullback' depends on axioms: [propext, Classical.choice, Quot.sound]
info: Lib/AxiomAudit.lean:3965:0: 'TopCat.SingularCochainSheaf.presheafPullback_app' depends on axioms: [propext, Classical.choice, Quot.sound]
info: Lib/AxiomAudit.lean:3967:0: 'TopCat.SingularCochainSheaf.presheafPullback_d' depends on axioms: [propext, Classical.choice, Quot.sound]
info: Lib/AxiomAudit.lean:3969:0: 'TopCat.SingularCochainSheaf.presheafPullback_d_assoc' depends on axioms: [propext, Classical.choice, Quot.sound]
info: Lib/AxiomAudit.lean:3971:0: 'TopCat.SingularCochainSheaf.constantPresheafPullback' depends on axioms: [propext, Classical.choice, Quot.sound]
info: Lib/AxiomAudit.lean:3973:0: 'TopCat.SingularCochainSheaf.presheafPullback_augmentation' depends on axioms: [propext, Classical.choice, Quot.sound]
info: Lib/AxiomAudit.lean:3975:0: 'TopCat.SingularCochainSheaf.presheafPullback_augmentation_assoc' depends on axioms: [propext,
info: Lib/AxiomAudit.lean:3980:0: 'TopCat.SingularCochainSheaf.cochainPullback' depends on axioms: [propext, Classical.choice, Quot.sound]
info: Lib/AxiomAudit.lean:3982:0: 'TopCat.SingularCochainSheaf.unit_cochainPullback' depends on axioms: [propext, Classical.choice, Quot.sound]
info: Lib/AxiomAudit.lean:3984:0: 'TopCat.SingularCochainSheaf.unit_cochainPullback_assoc' depends on axioms: [propext, Classical.choice, Quot.sound]
info: Lib/AxiomAudit.lean:3986:0: 'TopCat.SingularCochainSheaf.cochainPullback_d' depends on axioms: [propext, Classical.choice, Quot.sound]
info: Lib/AxiomAudit.lean:3988:0: 'TopCat.SingularCochainSheaf.cochainPullback_d_assoc' depends on axioms: [propext, Classical.choice, Quot.sound]
info: Lib/AxiomAudit.lean:3990:0: 'TopCat.SingularCochainSheaf.constant_sheafifyPullback' depends on axioms: [propext, Classical.choice, Quot.sound]
info: Lib/AxiomAudit.lean:3992:0: 'TopCat.SingularCochainSheaf.cochainPullback_augmentation' depends on axioms: [propext, Classical.choice, Quot.sound]
info: Lib/AxiomAudit.lean:3994:0: 'TopCat.SingularCochainSheaf.cochainPullback_augmentation_assoc' depends on axioms: [propext,
info: Lib/AxiomAudit.lean:3996:0: 'TopCat.SingularCochainSheaf.cochainPullbackComplex' depends on axioms: [propext, Classical.choice, Quot.sound]
info: Lib/AxiomAudit.lean:3998:0: 'TopCat.SingularCochainSheaf.cochainPullbackComplex_f' depends on axioms: [propext, Classical.choice, Quot.sound]
info: Lib/AxiomAudit.lean:4003:0: 'TopCat.SingularCochainSheaf.preimageMap_inclusion' depends on axioms: [propext, Classical.choice, Quot.sound]
info: Lib/AxiomAudit.lean:4005:0: 'TopCat.SingularCochainSheaf.globalSheafPullback' depends on axioms: [propext, Classical.choice, Quot.sound]
info: Lib/AxiomAudit.lean:4007:0: 'TopCat.SingularCochainSheaf.globalSheafPullback_f' depends on axioms: [propext, Classical.choice, Quot.sound]
info: Lib/AxiomAudit.lean:4009:0: 'TopCat.SingularCochainSheaf.globalCochainUnit_pullback' depends on axioms: [propext, Classical.choice, Quot.sound]
info: Lib/AxiomAudit.lean:4011:0: 'TopCat.SingularCochainSheaf.globalCochainComparison_naturality' depends on axioms: [propext,
info: Lib/AxiomAudit.lean:4013:0: 'TopCat.SingularCochainSheaf.globalCochainComparison_homology_naturality' depends on axioms: [propext,
info: Lib/AxiomAudit.lean:4018:0: 'TopCat.SingularCochainSheaf.h1Comparison_naturality_of_global' depends on axioms: [propext,
info: Lib/AxiomAudit.lean:4023:0: 'CategoryTheory.Abelian.Ext.AcyclicResolutionH1.map' depends on axioms: [propext, Classical.choice, Quot.sound]
info: Lib/AxiomAudit.lean:4025:0: 'CategoryTheory.Abelian.Ext.AcyclicResolutionH1.comparisonHom' depends on axioms: [propext,
info: Lib/AxiomAudit.lean:4027:0: 'CategoryTheory.Abelian.Ext.AcyclicResolutionH1.extZeroMap' depends on axioms: [propext, Classical.choice, Quot.sound]
info: Lib/AxiomAudit.lean:4029:0: 'CategoryTheory.Abelian.Ext.AcyclicResolutionH1.extOneIso_naturality' depends on axioms: [propext,
info: Lib/AxiomAudit.lean:4031:0: 'CategoryTheory.Abelian.Ext.AcyclicResolutionH1.extOneIso_naturality_assoc' depends on axioms: [propext,
info: Lib/AxiomAudit.lean:4036:0: 'TopCat.FiniteClosedPushforward.mapResolution' depends on axioms: [propext, Classical.choice, Quot.sound]
info: Lib/AxiomAudit.lean:4038:0: 'TopCat.FiniteClosedPushforward.mapResolution_h1_subsingleton' depends on axioms: [propext,
info: Lib/AxiomAudit.lean:4040:0: 'TopCat.FiniteClosedPushforward.pushedH1GlobalIso' depends on axioms: [propext, Classical.choice, Quot.sound]
info: Lib/AxiomAudit.lean:4042:0: 'TopCat.FiniteClosedPushforward.h1Global_forward' depends on axioms: [propext, Classical.choice, Quot.sound]
info: Lib/AxiomAudit.lean:4047:0: 'TopCat.SingularCochainSheaf.resolutionH1Pullback' depends on axioms: [propext, Classical.choice, Quot.sound]
info: Lib/AxiomAudit.lean:4049:0: 'TopCat.SingularCochainSheaf.globalWindowH1Iso_pullback' depends on axioms: [propext, Classical.choice, Quot.sound]
info: Lib/AxiomAudit.lean:4051:0: 'TopCat.SingularCochainSheaf.h1_global_naturality' depends on axioms: [propext, Classical.choice, Quot.sound]
info: Lib/AxiomAudit.lean:4053:0: 'TopCat.SingularCochainSheaf.h1Comparison_naturality' depends on axioms: [propext, Classical.choice, Quot.sound]
info: Lib/AxiomAudit.lean:4058:0: 'TopCat.SingularSmallChains.singularSet' depends on axioms: [propext, Classical.choice, Quot.sound]
info: Lib/AxiomAudit.lean:4060:0: 'TopCat.SingularSmallChains.SingularSimplex' depends on axioms: [propext, Classical.choice, Quot.sound]
info: Lib/AxiomAudit.lean:4062:0: 'TopCat.SingularSmallChains.simplexIndex' depends on axioms: [propext, Classical.choice, Quot.sound]
info: Lib/AxiomAudit.lean:4064:0: 'TopCat.SingularSmallChains.simplexChain' depends on axioms: [propext, Classical.choice, Quot.sound]
info: Lib/AxiomAudit.lean:4066:0: 'TopCat.SingularSmallChains.chainLift' depends on axioms: [propext, Classical.choice, Quot.sound]
info: Lib/AxiomAudit.lean:4068:0: 'TopCat.SingularSmallChains.chainLift_simplex' depends on axioms: [propext, Classical.choice, Quot.sound]
info: Lib/AxiomAudit.lean:4070:0: 'TopCat.SingularSmallChains.chainMap_ext' depends on axioms: [propext, Classical.choice, Quot.sound]
info: Lib/AxiomAudit.lean:4072:0: 'TopCat.SingularSmallChains.chainsRepr' depends on axioms: [propext, Classical.choice, Quot.sound]
info: Lib/AxiomAudit.lean:4074:0: 'TopCat.SingularSmallChains.chainsFromFinsupp' depends on axioms: [propext, Classical.choice, Quot.sound]
info: Lib/AxiomAudit.lean:4076:0: 'TopCat.SingularSmallChains.chainsFromFinsupp_single' depends on axioms: [propext, Classical.choice, Quot.sound]
info: Lib/AxiomAudit.lean:4078:0: 'TopCat.SingularSmallChains.chainsFromFinsupp_comp_repr' depends on axioms: [propext, Classical.choice, Quot.sound]
info: Lib/AxiomAudit.lean:4080:0: 'TopCat.SingularSmallChains.chainsRepr_comp_fromFinsupp' depends on axioms: [propext, Classical.choice, Quot.sound]
info: Lib/AxiomAudit.lean:4082:0: 'TopCat.SingularSmallChains.chainsEquivFinsupp' depends on axioms: [propext, Classical.choice, Quot.sound]
info: Lib/AxiomAudit.lean:4084:0: 'TopCat.SingularSmallChains.chainBasis' depends on axioms: [propext, Classical.choice, Quot.sound]
info: Lib/AxiomAudit.lean:4086:0: 'TopCat.SingularSmallChains.chainBasis_repr' depends on axioms: [propext, Classical.choice, Quot.sound]
info: Lib/AxiomAudit.lean:4088:0: 'TopCat.SingularSmallChains.chainBasis_apply' depends on axioms: [propext, Classical.choice, Quot.sound]
info: Lib/AxiomAudit.lean:4090:0: 'TopCat.SingularSmallChains.mem_simplex_span_iff' depends on axioms: [propext, Classical.choice, Quot.sound]
info: Lib/AxiomAudit.lean:4092:0: 'TopCat.SingularSmallChains.IsSmallSimplex' depends on axioms: [propext, Classical.choice, Quot.sound]
info: Lib/AxiomAudit.lean:4094:0: 'TopCat.SingularSmallChains.submodule' depends on axioms: [propext, Classical.choice, Quot.sound]
info: Lib/AxiomAudit.lean:4096:0: 'TopCat.SingularSmallChains.simplexChain_mem' depends on axioms: [propext, Classical.choice, Quot.sound]
info: Lib/AxiomAudit.lean:4098:0: 'TopCat.SingularSmallChains.simplexFace' depends on axioms: [propext, Classical.choice, Quot.sound]
info: Lib/AxiomAudit.lean:4100:0: 'TopCat.SingularSmallChains.simplexIndex_face' depends on axioms: [propext, Classical.choice, Quot.sound]
info: Lib/AxiomAudit.lean:4102:0: 'TopCat.SingularSmallChains.boundary_simplex' depends on axioms: [propext, Classical.choice, Quot.sound]
info: Lib/AxiomAudit.lean:4104:0: 'TopCat.SingularSmallChains.simplex_face_subset' depends on axioms: [propext, Classical.choice, Quot.sound]
info: Lib/AxiomAudit.lean:4106:0: 'TopCat.SingularSmallChains.boundary_mem' depends on axioms: [propext, Classical.choice, Quot.sound]
info: Lib/AxiomAudit.lean:4108:0: 'TopCat.SingularSmallChains.smallChainModule' depends on axioms: [propext, Classical.choice, Quot.sound]
info: Lib/AxiomAudit.lean:4110:0: 'TopCat.SingularSmallChains.differential' depends on axioms: [propext, Classical.choice, Quot.sound]
info: Lib/AxiomAudit.lean:4112:0: 'TopCat.SingularSmallChains.differential_val' depends on axioms: [propext, Classical.choice, Quot.sound]
info: Lib/AxiomAudit.lean:4114:0: 'TopCat.SingularSmallChains.complex' depends on axioms: [propext, Classical.choice, Quot.sound]
info: Lib/AxiomAudit.lean:4116:0: 'TopCat.SingularSmallChains.inclusion' depends on axioms: [propext, Classical.choice, Quot.sound]
info: Lib/AxiomAudit.lean:4118:0: 'TopCat.SingularSmallChains.inclusion_f_apply' depends on axioms: [propext, Classical.choice, Quot.sound]
info: Lib/AxiomAudit.lean:4120:0: 'TopCat.SingularSmallChains.inclusion_f_injective' depends on axioms: [propext, Classical.choice, Quot.sound]
info: Lib/AxiomAudit.lean:4122:0: 'TopCat.SingularSmallChains.SmallSimplex' depends on axioms: [propext, Classical.choice, Quot.sound]
info: Lib/AxiomAudit.lean:4124:0: 'TopCat.SingularSmallChains.smallSimplex_linearIndependent' depends on axioms: [propext, Classical.choice, Quot.sound]
info: Lib/AxiomAudit.lean:4126:0: 'TopCat.SingularSmallChains.smallSimplex_range' depends on axioms: [propext, Classical.choice, Quot.sound]
info: Lib/AxiomAudit.lean:4128:0: 'TopCat.SingularSmallChains.smallChainBasis' depends on axioms: [propext, Classical.choice, Quot.sound]
info: Lib/AxiomAudit.lean:4130:0: 'TopCat.SingularSmallChains.smallChainBasis_apply_val' depends on axioms: [propext, Classical.choice, Quot.sound]
info: Lib/AxiomAudit.lean:4132:0: 'TopCat.SingularSmallChains.smallChain_projective' depends on axioms: [propext, Classical.choice, Quot.sound]
info: Lib/AxiomAudit.lean:4134:0: 'TopCat.SingularSmallChains.chainProjection' depends on axioms: [propext, Classical.choice, Quot.sound]
info: Lib/AxiomAudit.lean:4136:0: 'TopCat.SingularSmallChains.chainProjection_small_simplex' depends on axioms: [propext, Classical.choice, Quot.sound]
info: Lib/AxiomAudit.lean:4138:0: 'TopCat.SingularSmallChains.cochainRestriction' depends on axioms: [propext, Classical.choice, Quot.sound]
info: Lib/AxiomAudit.lean:4140:0: 'TopCat.SingularSmallChains.cochainExtension' depends on axioms: [propext, Classical.choice, Quot.sound]
info: Lib/AxiomAudit.lean:4142:0: 'TopCat.SingularSmallChains.addHomToIntLinearMap' depends on axioms: [propext]
info: Lib/AxiomAudit.lean:4144:0: 'TopCat.SingularSmallChains.addHomToIntLinearMap_apply' depends on axioms: [propext]
info: Lib/AxiomAudit.lean:4146:0: 'TopCat.SingularSmallChains.cochainRestriction_extension' depends on axioms: [propext, Classical.choice, Quot.sound]
info: Lib/AxiomAudit.lean:4148:0: 'TopCat.SingularSmallChains.cochainRestriction_surjective' depends on axioms: [propext, Classical.choice, Quot.sound]
info: Lib/AxiomAudit.lean:4150:0: 'TopCat.SingularSmallChains.dualHomotopyEquiv' depends on axioms: [propext, Classical.choice, Quot.sound]
info: Lib/AxiomAudit.lean:4152:0: 'TopCat.SingularSmallChains.cochainRestrictionHomotopyEquiv' depends on axioms: [propext, Classical.choice, Quot.sound]
info: Lib/AxiomAudit.lean:4154:0: 'TopCat.SingularSmallChains.cochainMap_d' depends on axioms: [propext, Classical.choice, Quot.sound]
info: Lib/AxiomAudit.lean:4159:0: 'TopCat.SingularSmallChains.Barycentric.FormalChains' depends on axioms: [propext, Classical.choice, Quot.sound]
info: Lib/AxiomAudit.lean:4161:0: 'TopCat.SingularSmallChains.Barycentric.formalSimplex' depends on axioms: [propext, Classical.choice, Quot.sound]
info: Lib/AxiomAudit.lean:4163:0: 'TopCat.SingularSmallChains.Barycentric.formalLift' depends on axioms: [propext, Classical.choice, Quot.sound]
info: Lib/AxiomAudit.lean:4165:0: 'TopCat.SingularSmallChains.Barycentric.formalLift_simplex' depends on axioms: [propext, Classical.choice, Quot.sound]
info: Lib/AxiomAudit.lean:4167:0: 'TopCat.SingularSmallChains.Barycentric.formalChains_ext' depends on axioms: [propext, Classical.choice, Quot.sound]
info: Lib/AxiomAudit.lean:4169:0: 'TopCat.SingularSmallChains.Barycentric.formalMap' depends on axioms: [propext, Classical.choice, Quot.sound]
info: Lib/AxiomAudit.lean:4171:0: 'TopCat.SingularSmallChains.Barycentric.formalMap_simplex' depends on axioms: [propext, Classical.choice, Quot.sound]
info: Lib/AxiomAudit.lean:4173:0: 'TopCat.SingularSmallChains.Barycentric.formalCone' depends on axioms: [propext, Classical.choice, Quot.sound]
info: Lib/AxiomAudit.lean:4175:0: 'TopCat.SingularSmallChains.Barycentric.formalCone_simplex' depends on axioms: [propext, Classical.choice, Quot.sound]
info: Lib/AxiomAudit.lean:4177:0: 'TopCat.SingularSmallChains.Barycentric.formalBoundary' depends on axioms: [propext, Classical.choice, Quot.sound]
info: Lib/AxiomAudit.lean:4179:0: 'TopCat.SingularSmallChains.Barycentric.formalBoundary_simplex' depends on axioms: [propext,
info: Lib/AxiomAudit.lean:4181:0: 'TopCat.SingularSmallChains.Barycentric.formalBoundary_cone_zero' depends on axioms: [propext,
info: Lib/AxiomAudit.lean:4183:0: 'TopCat.SingularSmallChains.Barycentric.formalBoundary_cone' depends on axioms: [propext, Classical.choice, Quot.sound]
info: Lib/AxiomAudit.lean:4185:0: 'TopCat.SingularSmallChains.Barycentric.formalBoundary_comp' depends on axioms: [propext, Classical.choice, Quot.sound]
info: Lib/AxiomAudit.lean:4187:0: 'TopCat.SingularSmallChains.Barycentric.formalBoundary_boundary' depends on axioms: [propext,
info: Lib/AxiomAudit.lean:4189:0: 'TopCat.SingularSmallChains.Barycentric.formalMap_boundary' depends on axioms: [propext, Classical.choice, Quot.sound]
info: Lib/AxiomAudit.lean:4191:0: 'TopCat.SingularSmallChains.Barycentric.formalMap_cone' depends on axioms: [propext, Classical.choice, Quot.sound]
info: Lib/AxiomAudit.lean:4196:0: 'TopCat.SingularSmallChains.Barycentric.vertexBarycenter' depends on axioms: [propext, Classical.choice, Quot.sound]
info: Lib/AxiomAudit.lean:4198:0: 'TopCat.SingularSmallChains.Barycentric.vertexBarycenter_mem_of_convex' depends on axioms: [propext,
info: Lib/AxiomAudit.lean:4200:0: 'TopCat.SingularSmallChains.Barycentric.vertexBarycenter_mem_convexHull' depends on axioms: [propext,
info: Lib/AxiomAudit.lean:4202:0: 'TopCat.SingularSmallChains.Barycentric.vertexBarycenter_sub' depends on axioms: [propext, Classical.choice, Quot.sound]
info: Lib/AxiomAudit.lean:4204:0: 'TopCat.SingularSmallChains.Barycentric.sum_norm_vertex_sub_le' depends on axioms: [propext,
info: Lib/AxiomAudit.lean:4206:0: 'TopCat.SingularSmallChains.Barycentric.dist_vertexBarycenter_vertex_le' depends on axioms: [propext,
info: Lib/AxiomAudit.lean:4208:0: 'TopCat.SingularSmallChains.Barycentric.dist_vertexBarycenter_convexHull_le' depends on axioms: [propext,
info: Lib/AxiomAudit.lean:4210:0: 'TopCat.SingularSmallChains.Barycentric.dist_vertexBarycenter_vertexBarycenter_le' depends on axioms: [propext,
info: Lib/AxiomAudit.lean:4212:0: 'TopCat.SingularSmallChains.Barycentric.dist_vertexBarycenter_reindex_le' depends on axioms: [propext,
info: Lib/AxiomAudit.lean:4214:0: 'TopCat.SingularSmallChains.Barycentric.dist_convexHull_range_le' depends on axioms: [propext,
info: Lib/AxiomAudit.lean:4216:0: 'TopCat.SingularSmallChains.Barycentric.convexHull_range_diam_le' depends on axioms: [propext,
info: Lib/AxiomAudit.lean:4221:0: 'TopCat.SingularSmallChains.inclusion_isHomotopyEquivalence_of_quasiIso' depends on axioms: [propext,
info: Lib/AxiomAudit.lean:4223:0: 'TopCat.SingularSmallChains.inclusionHomotopyEquivOfQuasiIso' depends on axioms: [propext, Classical.choice, Quot.sound]
info: Lib/AxiomAudit.lean:4225:0: 'TopCat.SingularSmallChains.inclusionHomotopyEquivOfQuasiIso_hom' depends on axioms: [propext,
info: Lib/AxiomAudit.lean:4230:0: 'TopCat.SingularSmallChains.Barycentric.Simplex' depends on axioms: [propext, Classical.choice, Quot.sound]
info: Lib/AxiomAudit.lean:4232:0: 'TopCat.SingularSmallChains.Barycentric.Chains' depends on axioms: [propext, Classical.choice, Quot.sound]
info: Lib/AxiomAudit.lean:4234:0: 'TopCat.SingularSmallChains.Barycentric.singularComplex' depends on axioms: [propext, Classical.choice, Quot.sound]
info: Lib/AxiomAudit.lean:4236:0: 'TopCat.SingularSmallChains.Barycentric.singularChainMap' depends on axioms: [propext, Classical.choice, Quot.sound]
info: Lib/AxiomAudit.lean:4238:0: 'TopCat.SingularSmallChains.Barycentric.inducedChain' depends on axioms: [propext, Classical.choice, Quot.sound]
info: Lib/AxiomAudit.lean:4240:0: 'TopCat.SingularSmallChains.Barycentric.simplexFace_apply' depends on axioms: [propext, Classical.choice, Quot.sound]
info: Lib/AxiomAudit.lean:4242:0: 'TopCat.SingularSmallChains.Barycentric.simplexFace_apply_self' depends on axioms: [propext,
info: Lib/AxiomAudit.lean:4244:0: 'TopCat.SingularSmallChains.Barycentric.simplexFace_apply_succAbove' depends on axioms: [propext,
info: Lib/AxiomAudit.lean:4246:0: 'TopCat.SingularSmallChains.Barycentric.simplexZero_eq_vertex' depends on axioms: [propext,
info: Lib/AxiomAudit.lean:4248:0: 'TopCat.SingularSmallChains.Barycentric.simplexIndex_map' depends on axioms: [propext, Classical.choice, Quot.sound]
info: Lib/AxiomAudit.lean:4250:0: 'TopCat.SingularSmallChains.Barycentric.inducedChain_simplex' depends on axioms: [propext, Classical.choice, Quot.sound]
info: Lib/AxiomAudit.lean:4252:0: 'TopCat.SingularSmallChains.Barycentric.inducedChain_boundary' depends on axioms: [propext,
info: Lib/AxiomAudit.lean:4254:0: 'TopCat.SingularSmallChains.Barycentric.inducedChain_comp' depends on axioms: [propext, Classical.choice, Quot.sound]
info: Lib/AxiomAudit.lean:4259:0: 'TopCat.SingularSmallChains.Barycentric.FormalCenter' does not depend on any axioms
info: Lib/AxiomAudit.lean:4261:0: 'TopCat.SingularSmallChains.Barycentric.formalSubdivision' depends on axioms: [propext, Classical.choice, Quot.sound]
info: Lib/AxiomAudit.lean:4263:0: 'TopCat.SingularSmallChains.Barycentric.formalSubdivision_zero' depends on axioms: [propext,
info: Lib/AxiomAudit.lean:4265:0: 'TopCat.SingularSmallChains.Barycentric.formalSubdivision_simplex_succ' depends on axioms: [propext,
info: Lib/AxiomAudit.lean:4267:0: 'TopCat.SingularSmallChains.Barycentric.formalBoundary_subdivision' depends on axioms: [propext,
info: Lib/AxiomAudit.lean:4269:0: 'TopCat.SingularSmallChains.Barycentric.formalMap_subdivision' depends on axioms: [propext,
info: Lib/AxiomAudit.lean:4274:0: 'TopCat.SingularSmallChains.SubdivisionData' depends on axioms: [propext, Classical.choice, Quot.sound]
info: Lib/AxiomAudit.lean:4276:0: 'TopCat.SingularSmallChains.SubdivisionData.mk' depends on axioms: [propext, Classical.choice, Quot.sound]
info: Lib/AxiomAudit.lean:4278:0: 'TopCat.SingularSmallChains.SubdivisionData.subdivision' depends on axioms: [propext, Classical.choice, Quot.sound]
info: Lib/AxiomAudit.lean:4280:0: 'TopCat.SingularSmallChains.SubdivisionData.subdivision_boundary' depends on axioms: [propext,
info: Lib/AxiomAudit.lean:4282:0: 'TopCat.SingularSmallChains.SubdivisionData.eventually_small' depends on axioms: [propext, Classical.choice, Quot.sound]
info: Lib/AxiomAudit.lean:4284:0: 'TopCat.SingularSmallChains.SubdivisionData.homotopy' depends on axioms: [propext, Classical.choice, Quot.sound]
info: Lib/AxiomAudit.lean:4286:0: 'TopCat.SingularSmallChains.SubdivisionData.homotopy_boundary_of_cycle' depends on axioms: [propext,
info: Lib/AxiomAudit.lean:4288:0: 'TopCat.SingularSmallChains.SubdivisionData.homotopy_small' depends on axioms: [propext, Classical.choice, Quot.sound]
info: Lib/AxiomAudit.lean:4290:0: 'TopCat.SingularSmallChains.SubdivisionData.rec' depends on axioms: [propext, Classical.choice, Quot.sound]
info: Lib/AxiomAudit.lean:4292:0: 'TopCat.SingularSmallChains.SubdivisionData.recOn' depends on axioms: [propext, Classical.choice, Quot.sound]
info: Lib/AxiomAudit.lean:4294:0: 'TopCat.SingularSmallChains.SubdivisionData.casesOn' depends on axioms: [propext, Classical.choice, Quot.sound]
info: Lib/AxiomAudit.lean:4296:0: 'TopCat.SingularSmallChains.SubdivisionData.noConfusion' depends on axioms: [propext, Classical.choice, Quot.sound]
info: Lib/AxiomAudit.lean:4298:0: 'TopCat.SingularSmallChains.SubdivisionData.noConfusionType' depends on axioms: [propext, Classical.choice, Quot.sound]
info: Lib/AxiomAudit.lean:4300:0: 'TopCat.SingularSmallChains.SubdivisionData.ctorIdx' depends on axioms: [propext, Classical.choice, Quot.sound]
info: Lib/AxiomAudit.lean:4302:0: 'TopCat.SingularSmallChains.SubdivisionData.mk.injEq' depends on axioms: [propext, Classical.choice, Quot.sound]
info: Lib/AxiomAudit.lean:4304:0: 'TopCat.SingularSmallChains.SubdivisionData.mk.inj' depends on axioms: [propext, Classical.choice, Quot.sound]
info: Lib/AxiomAudit.lean:4306:0: 'TopCat.SingularSmallChains.SubdivisionData.mk.noConfusion' depends on axioms: [propext, Classical.choice, Quot.sound]
info: Lib/AxiomAudit.lean:4308:0: 'TopCat.SingularSmallChains.SubdivisionData.mk.sizeOf_spec' depends on axioms: [propext, Classical.choice, Quot.sound]
info: Lib/AxiomAudit.lean:4310:0: 'TopCat.SingularSmallChains.inclusion_quasiIso_of_subdivisionData' depends on axioms: [propext,
info: Lib/AxiomAudit.lean:4312:0: 'TopCat.SingularSmallChains.inclusionHomotopyEquivOfSubdivisionData' depends on axioms: [propext,
info: Lib/AxiomAudit.lean:4314:0: 'TopCat.SingularSmallChains.inclusionHomotopyEquivOfSubdivisionData_hom' depends on axioms: [propext,
info: Lib/AxiomAudit.lean:4319:0: 'TopCat.SingularSmallChains.Barycentric.formalSubdivisionHomotopy' depends on axioms: [propext,
info: Lib/AxiomAudit.lean:4321:0: 'TopCat.SingularSmallChains.Barycentric.formalSubdivisionHomotopy_zero' depends on axioms: [propext,
info: Lib/AxiomAudit.lean:4323:0: 'TopCat.SingularSmallChains.Barycentric.formalSubdivisionHomotopy_simplex_succ' depends on axioms: [propext,
info: Lib/AxiomAudit.lean:4325:0: 'TopCat.SingularSmallChains.Barycentric.formalSubdivisionHomotopy_boundary_zero' depends on axioms: [propext,
info: Lib/AxiomAudit.lean:4327:0: 'TopCat.SingularSmallChains.Barycentric.formalSubdivisionHomotopy_boundary' depends on axioms: [propext,
info: Lib/AxiomAudit.lean:4329:0: 'TopCat.SingularSmallChains.Barycentric.formalMap_subdivisionHomotopy' depends on axioms: [propext,
info: Lib/AxiomAudit.lean:4334:0: 'TopCat.SingularSmallChains.Barycentric.affineSimplex' depends on axioms: [propext, Classical.choice, Quot.sound]
info: Lib/AxiomAudit.lean:4336:0: 'TopCat.SingularSmallChains.Barycentric.affineSimplex_coe' depends on axioms: [propext, Classical.choice, Quot.sound]
info: Lib/AxiomAudit.lean:4338:0: 'TopCat.SingularSmallChains.Barycentric.affineSimplex_coordinate' depends on axioms: [propext,
info: Lib/AxiomAudit.lean:4340:0: 'TopCat.SingularSmallChains.Barycentric.affineSimplex_vertex' depends on axioms: [propext, Classical.choice, Quot.sound]
info: Lib/AxiomAudit.lean:4342:0: 'TopCat.SingularSmallChains.Barycentric.stdVertices' depends on axioms: [propext, Classical.choice, Quot.sound]
info: Lib/AxiomAudit.lean:4344:0: 'TopCat.SingularSmallChains.Barycentric.affineSimplex_stdVertices' depends on axioms: [propext,
info: Lib/AxiomAudit.lean:4346:0: 'TopCat.SingularSmallChains.Barycentric.affineSimplex_face' depends on axioms: [propext, Classical.choice, Quot.sound]
info: Lib/AxiomAudit.lean:4348:0: 'TopCat.SingularSmallChains.Barycentric.affineSimplex_comp' depends on axioms: [propext, Classical.choice, Quot.sound]
info: Lib/AxiomAudit.lean:4350:0: 'TopCat.SingularSmallChains.Barycentric.affineSimplex_mem_convexHull' depends on axioms: [propext,
info: Lib/AxiomAudit.lean:4352:0: 'TopCat.SingularSmallChains.Barycentric.affineSimplex_mem_of_convex' depends on axioms: [propext,
info: Lib/AxiomAudit.lean:4354:0: 'TopCat.SingularSmallChains.Barycentric.simplexBarycenter' depends on axioms: [propext, Classical.choice, Quot.sound]
info: Lib/AxiomAudit.lean:4356:0: 'TopCat.SingularSmallChains.Barycentric.simplexBarycenter_coe' depends on axioms: [propext,
info: Lib/AxiomAudit.lean:4358:0: 'TopCat.SingularSmallChains.Barycentric.simplexBarycenter_singleton' depends on axioms: [propext,
info: Lib/AxiomAudit.lean:4360:0: 'TopCat.SingularSmallChains.Barycentric.affineSimplex_simplexBarycenter' depends on axioms: [propext,
info: Lib/AxiomAudit.lean:4362:0: 'TopCat.SingularSmallChains.Barycentric.simplexBarycenter_mem_convexHull' depends on axioms: [propext,
info: Lib/AxiomAudit.lean:4367:0: 'TopCat.SingularSmallChains.Barycentric.formalBoundary_subdivision_iterate' depends on axioms: [propext,
info: Lib/AxiomAudit.lean:4369:0: 'TopCat.SingularSmallChains.Barycentric.formalMap_subdivision_iterate' depends on axioms: [propext,
info: Lib/AxiomAudit.lean:4371:0: 'TopCat.SingularSmallChains.Barycentric.formalSubdivisionIteratedHomotopy' depends on axioms: [propext,
info: Lib/AxiomAudit.lean:4373:0: 'TopCat.SingularSmallChains.Barycentric.formalSubdivisionIteratedHomotopy_apply' depends on axioms: [propext,
info: Lib/AxiomAudit.lean:4375:0: 'TopCat.SingularSmallChains.Barycentric.formalSubdivisionIteratedHomotopy_zero' depends on axioms: [propext,
info: Lib/AxiomAudit.lean:4377:0: 'TopCat.SingularSmallChains.Barycentric.formalSubdivisionIteratedHomotopy_succ' depends on axioms: [propext,
info: Lib/AxiomAudit.lean:4379:0: 'TopCat.SingularSmallChains.Barycentric.formalSubdivisionIteratedHomotopy_degree_zero' depends on axioms: [propext,
info: Lib/AxiomAudit.lean:4381:0: 'TopCat.SingularSmallChains.Barycentric.formalSubdivision_iterate_degree_zero' depends on axioms: [propext,
info: Lib/AxiomAudit.lean:4383:0: 'TopCat.SingularSmallChains.Barycentric.formalSubdivisionIteratedHomotopy_boundary_zero' depends on axioms: [propext,
info: Lib/AxiomAudit.lean:4385:0: 'TopCat.SingularSmallChains.Barycentric.formalSubdivisionIteratedHomotopy_boundary' depends on axioms: [propext,
info: Lib/AxiomAudit.lean:4387:0: 'TopCat.SingularSmallChains.Barycentric.formalMap_subdivisionIteratedHomotopy' depends on axioms: [propext,
info: Lib/AxiomAudit.lean:4392:0: 'TopCat.SingularSmallChains.Barycentric.simplexCenter' depends on axioms: [propext, Classical.choice, Quot.sound]
info: Lib/AxiomAudit.lean:4394:0: 'TopCat.SingularSmallChains.Barycentric.affineChainMap' depends on axioms: [propext, Classical.choice, Quot.sound]
info: Lib/AxiomAudit.lean:4396:0: 'TopCat.SingularSmallChains.Barycentric.affineChainMap_simplex' depends on axioms: [propext,
info: Lib/AxiomAudit.lean:4398:0: 'TopCat.SingularSmallChains.Barycentric.affineChainMap_boundary' depends on axioms: [propext,
info: Lib/AxiomAudit.lean:4400:0: 'TopCat.SingularSmallChains.Barycentric.inducedChain_affineChainMap' depends on axioms: [propext,
info: Lib/AxiomAudit.lean:4402:0: 'TopCat.SingularSmallChains.Barycentric.affineChainMap_stdVertices' depends on axioms: [propext,
info: Lib/AxiomAudit.lean:4404:0: 'TopCat.SingularSmallChains.Barycentric.faceVertices' depends on axioms: [propext, Classical.choice, Quot.sound]
info: Lib/AxiomAudit.lean:4406:0: 'TopCat.SingularSmallChains.Barycentric.affineSimplex_faceVertices' depends on axioms: [propext,
info: Lib/AxiomAudit.lean:4408:0: 'TopCat.SingularSmallChains.Barycentric.affineSimplex_preserves_center' depends on axioms: [propext,
info: Lib/AxiomAudit.lean:4410:0: 'TopCat.SingularSmallChains.Barycentric.simplexFace_preserves_center' depends on axioms: [propext,
info: Lib/AxiomAudit.lean:4412:0: 'TopCat.SingularSmallChains.Barycentric.simplexFace_stdVertices' depends on axioms: [propext,
info: Lib/AxiomAudit.lean:4414:0: 'TopCat.SingularSmallChains.Barycentric.formalBoundary_stdVertices' depends on axioms: [propext,
info: Lib/AxiomAudit.lean:4416:0: 'TopCat.SingularSmallChains.Barycentric.formalSubdivision_affine_natural' depends on axioms: [propext,
info: Lib/AxiomAudit.lean:4421:0: 'TopCat.SingularSmallChains.Barycentric.formalChainsSupported' depends on axioms: [propext,
info: Lib/AxiomAudit.lean:4423:0: 'TopCat.SingularSmallChains.Barycentric.mem_formalChainsSupported_iff' depends on axioms: [propext,
info: Lib/AxiomAudit.lean:4425:0: 'TopCat.SingularSmallChains.Barycentric.formalChainsSupported_mono' depends on axioms: [propext,
info: Lib/AxiomAudit.lean:4427:0: 'TopCat.SingularSmallChains.Barycentric.formalChainsSupported_univ' depends on axioms: [propext,
info: Lib/AxiomAudit.lean:4429:0: 'TopCat.SingularSmallChains.Barycentric.formalChainsSupported_zero' depends on axioms: [propext,
info: Lib/AxiomAudit.lean:4431:0: 'TopCat.SingularSmallChains.Barycentric.formalChainsSupported_inter' depends on axioms: [propext,
info: Lib/AxiomAudit.lean:4433:0: 'TopCat.SingularSmallChains.Barycentric.formalSimplex_mem_supported_iff' depends on axioms: [propext,
info: Lib/AxiomAudit.lean:4435:0: 'TopCat.SingularSmallChains.Barycentric.formalSimplex_mem_supported' depends on axioms: [propext,
info: Lib/AxiomAudit.lean:4437:0: 'TopCat.SingularSmallChains.Barycentric.formalChainsSupported_le' depends on axioms: [propext,
info: Lib/AxiomAudit.lean:4439:0: 'TopCat.SingularSmallChains.Barycentric.formalLinearMap_mem_of_supported' depends on axioms: [propext,
info: Lib/AxiomAudit.lean:4441:0: 'TopCat.SingularSmallChains.Barycentric.formalLift_mem_of_supported' depends on axioms: [propext,
info: Lib/AxiomAudit.lean:4443:0: 'TopCat.SingularSmallChains.Barycentric.formalBoundary_mem_supported' depends on axioms: [propext,
info: Lib/AxiomAudit.lean:4445:0: 'TopCat.SingularSmallChains.Barycentric.formalCone_mem_supported' depends on axioms: [propext,
info: Lib/AxiomAudit.lean:4447:0: 'TopCat.SingularSmallChains.Barycentric.formalCone_mem_supported_insert' depends on axioms: [propext,
info: Lib/AxiomAudit.lean:4449:0: 'TopCat.SingularSmallChains.Barycentric.formalMap_mem_supported' depends on axioms: [propext,
info: Lib/AxiomAudit.lean:4451:0: 'TopCat.SingularSmallChains.Barycentric.formalMap_mem_supported_image' depends on axioms: [propext,
info: Lib/AxiomAudit.lean:4453:0: 'TopCat.SingularSmallChains.Barycentric.formalMap_mem_supported_of_preimage' depends on axioms: [propext,
info: Lib/AxiomAudit.lean:4455:0: 'TopCat.SingularSmallChains.Barycentric.formalSubdivision_mem_supported' depends on axioms: [propext,
info: Lib/AxiomAudit.lean:4457:0: 'TopCat.SingularSmallChains.Barycentric.formalSubdivision_iterate_mem_supported' depends on axioms: [propext,
info: Lib/AxiomAudit.lean:4459:0: 'TopCat.SingularSmallChains.Barycentric.formalCone_support_exists' depends on axioms: [propext,
info: Lib/AxiomAudit.lean:4461:0: 'TopCat.SingularSmallChains.Barycentric.formalLift_support_exists' depends on axioms: [propext,
info: Lib/AxiomAudit.lean:4463:0: 'TopCat.SingularSmallChains.Barycentric.formalLinearMap_support_exists' depends on axioms: [propext,
info: Lib/AxiomAudit.lean:4465:0: 'TopCat.SingularSmallChains.Barycentric.formalBoundary_support_exists' depends on axioms: [propext,
info: Lib/AxiomAudit.lean:4467:0: 'TopCat.SingularSmallChains.Barycentric.formalSubdivisionHomotopy_mem_supported' depends on axioms: [propext,
info: Lib/AxiomAudit.lean:4469:0: 'TopCat.SingularSmallChains.Barycentric.formalSubdivisionIteratedHomotopy_mem_supported' depends on axioms: [propext,
info: Lib/AxiomAudit.lean:4474:0: 'AlgebraicTopology.SingularCochains.Cochains' depends on axioms: [propext, Classical.choice, Quot.sound]
info: Lib/AxiomAudit.lean:4476:0: 'AlgebraicTopology.SingularCochains.simplexInOpen' depends on axioms: [propext, Classical.choice, Quot.sound]
info: Lib/AxiomAudit.lean:4478:0: 'AlgebraicTopology.SingularCochains.simplexInOpen_val' depends on axioms: [propext, Classical.choice, Quot.sound]
info: Lib/AxiomAudit.lean:4480:0: 'AlgebraicTopology.SingularCochains.pullback_simplex' depends on axioms: [propext, Classical.choice, Quot.sound]
info: Lib/AxiomAudit.lean:4482:0: 'AlgebraicTopology.SingularCochains.cochain_ext' depends on axioms: [propext, Classical.choice, Quot.sound]
info: Lib/AxiomAudit.lean:4484:0: 'AlgebraicTopology.SingularCochains.cochainFromValues' depends on axioms: [propext, Classical.choice, Quot.sound]
info: Lib/AxiomAudit.lean:4486:0: 'AlgebraicTopology.SingularCochains.cochainFromValues_simplex' depends on axioms: [propext,
info: Lib/AxiomAudit.lean:4493:0: 'TopCat.SingularSmallChains.Barycentric.exists_lebesgue_number_two_pairwise' depends on axioms: [propext,
info: Lib/AxiomAudit.lean:4495:0: 'TopCat.SingularSmallChains.Barycentric.exists_lebesgue_number_two' depends on axioms: [propext,
info: Lib/AxiomAudit.lean:4497:0: 'TopCat.SingularSmallChains.Barycentric.meshFactor' depends on axioms: [propext, Classical.choice, Quot.sound]
info: Lib/AxiomAudit.lean:4499:0: 'TopCat.SingularSmallChains.Barycentric.meshFactor_nonneg' depends on axioms: [propext, Classical.choice, Quot.sound]
info: Lib/AxiomAudit.lean:4501:0: 'TopCat.SingularSmallChains.Barycentric.meshFactor_lt_one' depends on axioms: [propext, Classical.choice, Quot.sound]
info: Lib/AxiomAudit.lean:4503:0: 'TopCat.SingularSmallChains.Barycentric.meshFactor_le_one' depends on axioms: [propext, Classical.choice, Quot.sound]
info: Lib/AxiomAudit.lean:4505:0: 'TopCat.SingularSmallChains.Barycentric.meshFactor_mono' depends on axioms: [propext, Classical.choice, Quot.sound]
info: Lib/AxiomAudit.lean:4507:0: 'TopCat.SingularSmallChains.Barycentric.meshFactor_pow_tendsto' depends on axioms: [propext,
info: Lib/AxiomAudit.lean:4509:0: 'TopCat.SingularSmallChains.Barycentric.meshFactor_pow_mul_tendsto' depends on axioms: [propext,
info: Lib/AxiomAudit.lean:4511:0: 'TopCat.SingularSmallChains.Barycentric.eventually_meshFactor_pow_mul_lt' depends on axioms: [propext,
info: Lib/AxiomAudit.lean:4513:0: 'TopCat.SingularSmallChains.Barycentric.simplex_lebesgue_number_two' depends on axioms: [propext,
info: Lib/AxiomAudit.lean:4515:0: 'TopCat.SingularSmallChains.Barycentric.simplex_lebesgue_number_subsimplices' depends on axioms: [propext,
info: Lib/AxiomAudit.lean:4517:0: 'TopCat.SingularSmallChains.Barycentric.simplex_eventually_small_of_diameter' depends on axioms: [propext,
info: Lib/AxiomAudit.lean:4519:0: 'TopCat.SingularSmallChains.Barycentric.finite_family_eventually_small_of_diameter' depends on axioms: [propext,
info: Lib/AxiomAudit.lean:4524:0: 'TopCat.SingularSmallChains.Barycentric.simplexBarycenter_eq_vertexBarycenter' depends on axioms: [propext,
info: Lib/AxiomAudit.lean:4526:0: 'TopCat.SingularSmallChains.Barycentric.affineSimplex_ambient_range_subset_convexHull' depends on axioms: [propext,
info: Lib/AxiomAudit.lean:4528:0: 'TopCat.SingularSmallChains.Barycentric.dist_simplexBarycenter_convexHull_le' depends on axioms: [propext,
info: Lib/AxiomAudit.lean:4530:0: 'TopCat.SingularSmallChains.Barycentric.dist_simplexBarycenter_affineSimplex_le' depends on axioms: [propext,
info: Lib/AxiomAudit.lean:4532:0: 'TopCat.SingularSmallChains.Barycentric.dist_simplexBarycenter_vertex_le' depends on axioms: [propext,
info: Lib/AxiomAudit.lean:4534:0: 'TopCat.SingularSmallChains.Barycentric.dist_simplexBarycenter_simplexBarycenter_le' depends on axioms: [propext,
info: Lib/AxiomAudit.lean:4536:0: 'TopCat.SingularSmallChains.Barycentric.dist_affineSimplex_le' depends on axioms: [propext,
info: Lib/AxiomAudit.lean:4538:0: 'TopCat.SingularSmallChains.Barycentric.affineSimplex_diam_le' depends on axioms: [propext,
info: Lib/AxiomAudit.lean:4540:0: 'TopCat.SingularSmallChains.Barycentric.simplex_eventually_small_of_vertices' depends on axioms: [propext,
info: Lib/AxiomAudit.lean:4542:0: 'TopCat.SingularSmallChains.Barycentric.finite_family_eventually_small_of_vertices' depends on axioms: [propext,
info: Lib/AxiomAudit.lean:4547:0: 'TopCat.SingularSmallChains.Barycentric.formalCenter_mem_of_convex' depends on axioms: [propext,
info: Lib/AxiomAudit.lean:4549:0: 'TopCat.SingularSmallChains.Barycentric.formalSubdivision_simplex_vertices_mem_convexHull' depends on axioms: [propext,
info: Lib/AxiomAudit.lean:4551:0: 'TopCat.SingularSmallChains.Barycentric.formalSubdivision_simplex_mesh' depends on axioms: [propext,
info: Lib/AxiomAudit.lean:4553:0: 'TopCat.SingularSmallChains.Barycentric.formalSubdivision_mesh' depends on axioms: [propext,
info: Lib/AxiomAudit.lean:4555:0: 'TopCat.SingularSmallChains.Barycentric.formalSubdivision_iterate_mesh' depends on axioms: [propext,
info: Lib/AxiomAudit.lean:4557:0: 'TopCat.SingularSmallChains.Barycentric.simplex_dist_le_one' depends on axioms: [propext, Classical.choice, Quot.sound]
info: Lib/AxiomAudit.lean:4559:0: 'TopCat.SingularSmallChains.Barycentric.simplex_formalSubdivision_iterate_mesh' depends on axioms: [propext,
info: Lib/AxiomAudit.lean:4561:0: 'TopCat.SingularSmallChains.Barycentric.simplex_formalSubdivision_iterate_diam' depends on axioms: [propext,
info: Lib/AxiomAudit.lean:4563:0: 'TopCat.SingularSmallChains.Barycentric.simplex_formalSubdivision_eventually_small' depends on axioms: [propext,
info: Lib/AxiomAudit.lean:4565:0: 'TopCat.SingularSmallChains.Barycentric.finite_family_formalSubdivision_eventually_small' depends on axioms: [propext,
info: Lib/AxiomAudit.lean:4570:0: 'TopCat.SingularSmallChains.Barycentric.ArbitraryCover.exists_lebesgue_number_pairwise' depends on axioms: [propext,
info: Lib/AxiomAudit.lean:4572:0: 'TopCat.SingularSmallChains.Barycentric.ArbitraryCover.exists_lebesgue_number' depends on axioms: [propext,
info: Lib/AxiomAudit.lean:4574:0: 'TopCat.SingularSmallChains.Barycentric.ArbitraryCover.simplex_lebesgue_number_subsimplices' depends on axioms: [propext,
info: Lib/AxiomAudit.lean:4576:0: 'TopCat.SingularSmallChains.Barycentric.ArbitraryCover.simplex_eventually_small_of_diameter' depends on axioms: [propext,
info: Lib/AxiomAudit.lean:4578:0: 'TopCat.SingularSmallChains.Barycentric.ArbitraryCover.simplex_formalSubdivision_eventually_small' depends on axioms: [propext,
info: Lib/AxiomAudit.lean:4580:0: 'TopCat.SingularSmallChains.Barycentric.ArbitraryCover.finite_family_formalSubdivision_eventually_small' depends on axioms: [propext,
info: Lib/AxiomAudit.lean:4585:0: 'TopCat.SingularSmallChains.Barycentric.formalLinearMap_mem_of_support' depends on axioms: [propext,
info: Lib/AxiomAudit.lean:4587:0: 'TopCat.SingularSmallChains.Barycentric.singularLinearMap_mem_of_support' depends on axioms: [propext,
info: Lib/AxiomAudit.lean:4589:0: 'TopCat.SingularSmallChains.Barycentric.singularLinearMap_mem_of_small' depends on axioms: [propext,
info: Lib/AxiomAudit.lean:4591:0: 'TopCat.SingularSmallChains.Barycentric.realizedChain_mem_small' depends on axioms: [propext,
info: Lib/AxiomAudit.lean:4593:0: 'TopCat.SingularSmallChains.Barycentric.realizedChain_mem_small_of_support' depends on axioms: [propext,
info: Lib/AxiomAudit.lean:4598:0: 'TopCat.SingularSmallChains.Barycentric.subdivision' depends on axioms: [propext, Classical.choice, Quot.sound]
info: Lib/AxiomAudit.lean:4600:0: 'TopCat.SingularSmallChains.Barycentric.subdivision_simplex' depends on axioms: [propext, Classical.choice, Quot.sound]
info: Lib/AxiomAudit.lean:4602:0: 'TopCat.SingularSmallChains.Barycentric.subdivision_zero' depends on axioms: [propext, Classical.choice, Quot.sound]
info: Lib/AxiomAudit.lean:4604:0: 'TopCat.SingularSmallChains.Barycentric.inducedChain_subdivision' depends on axioms: [propext,
info: Lib/AxiomAudit.lean:4606:0: 'TopCat.SingularSmallChains.Barycentric.affineSimplex_comp_stdVertices' depends on axioms: [propext,
info: Lib/AxiomAudit.lean:4608:0: 'TopCat.SingularSmallChains.Barycentric.subdivision_affineChainMap' depends on axioms: [propext,
info: Lib/AxiomAudit.lean:4610:0: 'TopCat.SingularSmallChains.Barycentric.subdivision_boundary' depends on axioms: [propext, Classical.choice, Quot.sound]
info: Lib/AxiomAudit.lean:4612:0: 'TopCat.SingularSmallChains.Barycentric.subdivision_add' depends on axioms: [propext, Classical.choice, Quot.sound]
info: Lib/AxiomAudit.lean:4614:0: 'TopCat.SingularSmallChains.Barycentric.subdivision_eq_iterate' depends on axioms: [propext,
info: Lib/AxiomAudit.lean:4616:0: 'TopCat.SingularSmallChains.Barycentric.subdivisionChainMap' depends on axioms: [propext, Classical.choice, Quot.sound]
info: Lib/AxiomAudit.lean:4618:0: 'TopCat.SingularSmallChains.Barycentric.subdivisionChainMap_f' depends on axioms: [propext,
info: Lib/AxiomAudit.lean:4620:0: 'TopCat.SingularSmallChains.Barycentric.subdivision_d' depends on axioms: [propext, Classical.choice, Quot.sound]
info: Lib/AxiomAudit.lean:4622:0: 'TopCat.SingularSmallChains.Barycentric.subdivisionChainMap_natural' depends on axioms: [propext,
info: Lib/AxiomAudit.lean:4627:0: 'TopCat.SingularSmallChains.Barycentric.subdivisionHomotopy' depends on axioms: [propext, Classical.choice, Quot.sound]
info: Lib/AxiomAudit.lean:4629:0: 'TopCat.SingularSmallChains.Barycentric.subdivisionHomotopy_simplex' depends on axioms: [propext,
info: Lib/AxiomAudit.lean:4631:0: 'TopCat.SingularSmallChains.Barycentric.inducedChain_subdivisionHomotopy' depends on axioms: [propext,
info: Lib/AxiomAudit.lean:4633:0: 'TopCat.SingularSmallChains.Barycentric.subdivisionHomotopy_affineChainMap' depends on axioms: [propext,
info: Lib/AxiomAudit.lean:4635:0: 'TopCat.SingularSmallChains.Barycentric.subdivisionHomotopy_boundary_zero_affineChainMap' depends on axioms: [propext,
info: Lib/AxiomAudit.lean:4637:0: 'TopCat.SingularSmallChains.Barycentric.subdivisionHomotopy_boundary_affineChainMap' depends on axioms: [propext,
info: Lib/AxiomAudit.lean:4639:0: 'TopCat.SingularSmallChains.Barycentric.subdivisionHomotopy_boundary_zero' depends on axioms: [propext,
info: Lib/AxiomAudit.lean:4641:0: 'TopCat.SingularSmallChains.Barycentric.subdivisionHomotopy_boundary' depends on axioms: [propext,
info: Lib/AxiomAudit.lean:4643:0: 'TopCat.SingularSmallChains.Barycentric.subdivisionHomotopy_boundary_of_cycle' depends on axioms: [propext,
info: Lib/AxiomAudit.lean:4648:0: 'TopCat.SingularSmallChains.Barycentric.subdivisionHomotopy_mem_small' depends on axioms: [propext,
info: Lib/AxiomAudit.lean:4653:0: 'TopCat.SingularSmallChains.Barycentric.subdivision_mem_small' depends on axioms: [propext,
info: Lib/AxiomAudit.lean:4655:0: 'TopCat.SingularSmallChains.Barycentric.eventually_subdivision_simplex_mem_small' depends on axioms: [propext,
info: Lib/AxiomAudit.lean:4657:0: 'TopCat.SingularSmallChains.Barycentric.eventually_subdivision_mem_small' depends on axioms: [propext,
info: Lib/AxiomAudit.lean:4662:0: 'TopCat.SingularSmallChains.Barycentric.subdivisionData' depends on axioms: [propext, Classical.choice, Quot.sound]
info: Lib/AxiomAudit.lean:4664:0: 'TopCat.SingularSmallChains.Barycentric.inclusion_quasiIso' depends on axioms: [propext, Classical.choice, Quot.sound]
info: Lib/AxiomAudit.lean:4666:0: 'TopCat.SingularSmallChains.Barycentric.smallChainHomotopyEquiv' depends on axioms: [propext,
info: Lib/AxiomAudit.lean:4668:0: 'TopCat.SingularSmallChains.Barycentric.smallChainHomotopyEquiv_hom' depends on axioms: [propext,
info: Lib/AxiomAudit.lean:4673:0: 'TopCat.SingularCochainSheaf.GlobalUnitSurjective' depends on axioms: [propext, Classical.choice, Quot.sound]
info: Lib/AxiomAudit.lean:4675:0: 'TopCat.SingularCochainSheaf.GlobalKernelLocallySmall' depends on axioms: [propext, Classical.choice, Quot.sound]
info: Lib/AxiomAudit.lean:4677:0: 'TopCat.SingularCochainSheaf.SmallKernelGlobal' depends on axioms: [propext, Classical.choice, Quot.sound]
info: Lib/AxiomAudit.lean:4679:0: 'TopCat.SingularCochainSheaf.HasSmallChainEquivalences' depends on axioms: [propext, Classical.choice, Quot.sound]
info: Lib/AxiomAudit.lean:4684:0: 'TopCat.SingularCochainSheaf.hasSmallChainEquivalences_barycentric' depends on axioms: [propext,
info: Lib/AxiomAudit.lean:4689:0: 'TopCat.SingularCochainSheaf.restrictGlobalCochain' depends on axioms: [propext, Classical.choice, Quot.sound]
info: Lib/AxiomAudit.lean:4691:0: 'TopCat.SingularCochainSheaf.restrictGlobalCochain_simplex' depends on axioms: [propext, Classical.choice, Quot.sound]
info: Lib/AxiomAudit.lean:4693:0: 'TopCat.SingularCochainSheaf.restrictGlobalCochain_restrict' depends on axioms: [propext, Classical.choice, Quot.sound]
info: Lib/AxiomAudit.lean:4695:0: 'TopCat.SingularCochainSheaf.patchIndex' depends on axioms: [propext, Classical.choice, Quot.sound]
info: Lib/AxiomAudit.lean:4697:0: 'TopCat.SingularCochainSheaf.patchedValue' depends on axioms: [propext, Classical.choice, Quot.sound]
info: Lib/AxiomAudit.lean:4699:0: 'TopCat.SingularCochainSheaf.patchedCochain' depends on axioms: [propext, Classical.choice, Quot.sound]
info: Lib/AxiomAudit.lean:4701:0: 'TopCat.SingularCochainSheaf.patchedCochain_simplex' depends on axioms: [propext, Classical.choice, Quot.sound]
info: Lib/AxiomAudit.lean:4703:0: 'TopCat.SingularCochainSheaf.patchedCochain_simplex_of_subset' depends on axioms: [propext,
info: Lib/AxiomAudit.lean:4708:0: 'TopCat.SingularCochainSheaf.patchedCochain_restrict_of_compatible' depends on axioms: [propext,
info: Lib/AxiomAudit.lean:4710:0: 'TopCat.SingularCochainSheaf.exists_neighborhood_patchedCochain_eq' depends on axioms: [propext,
info: Lib/AxiomAudit.lean:4715:0: 'TopCat.SingularCochainSheaf.globalCochainUnit_apply' depends on axioms: [propext, Classical.choice, Quot.sound]
info: Lib/AxiomAudit.lean:4717:0: 'TopCat.SingularCochainSheaf.unit_restrict' depends on axioms: [propext, Classical.choice, Quot.sound]
info: Lib/AxiomAudit.lean:4719:0: 'TopCat.SingularCochainSheaf.globalCochainUnit_restrict' depends on axioms: [propext, Classical.choice, Quot.sound]
info: Lib/AxiomAudit.lean:4721:0: 'TopCat.SingularCochainSheaf.globalCochainUnit_germ' depends on axioms: [propext, Classical.choice, Quot.sound]
info: Lib/AxiomAudit.lean:4723:0: 'TopCat.SingularCochainSheaf.globalCochainUnit_surjective' depends on axioms: [propext, Classical.choice, Quot.sound]
info: Lib/AxiomAudit.lean:4728:0: 'TopCat.SingularCochainSheaf.globalCochainUnit_eq_zero_of_local' depends on axioms: [propext,
info: Lib/AxiomAudit.lean:4730:0: 'TopCat.SingularCochainSheaf.globalCochainUnit_locally_zero' depends on axioms: [propext, Classical.choice, Quot.sound]
info: Lib/AxiomAudit.lean:4732:0: 'TopCat.SingularCochainSheaf.globalCochainUnit_eq_zero_iff_local' depends on axioms: [propext,
info: Lib/AxiomAudit.lean:4737:0: 'TopCat.SingularCochainSheaf.cochainRestriction_eq_zero_iff' depends on axioms: [propext, Classical.choice, Quot.sound]
info: Lib/AxiomAudit.lean:4739:0: 'TopCat.SingularCochainSheaf.cochainRestriction_eq_zero_iff_open_restrictions' depends on axioms: [propext,
info: Lib/AxiomAudit.lean:4741:0: 'TopCat.SingularCochainSheaf.globalCochainUnit_eq_zero_of_smallRestriction' depends on axioms: [propext,
info: Lib/AxiomAudit.lean:4743:0: 'TopCat.SingularCochainSheaf.exists_cover_cochainRestriction_eq_zero' depends on axioms: [propext,
info: Lib/AxiomAudit.lean:4745:0: 'TopCat.SingularCochainSheaf.globalCochainUnit_eq_zero_iff_smallCover' depends on axioms: [propext,
info: Lib/AxiomAudit.lean:4747:0: 'TopCat.SingularCochainSheaf.globalKernelLocallySmall' depends on axioms: [propext, Classical.choice, Quot.sound]
info: Lib/AxiomAudit.lean:4749:0: 'TopCat.SingularCochainSheaf.smallKernelGlobal' depends on axioms: [propext, Classical.choice, Quot.sound]
info: Lib/AxiomAudit.lean:4754:0: 'TopCat.SingularCochainSheaf.exists_h1Comparison_natural' depends on axioms: [propext, Classical.choice, Quot.sound]
info: Lib/AxiomAudit.lean:4759:0: 'TopCat.ConstantProductH1.nativePullback_basedFibreInclusion_isIso' depends on axioms: [propext,
info: Lib/AxiomAudit.lean:4764:0: 'TopCat.Sheaf.OpenEmbeddingCohomology.openImage' depends on axioms: [propext, Classical.choice, Quot.sound]
info: Lib/AxiomAudit.lean:4766:0: 'TopCat.Sheaf.OpenEmbeddingCohomology.openImage_continuous' depends on axioms: [propext, Classical.choice, Quot.sound]
info: Lib/AxiomAudit.lean:4768:0: 'TopCat.Sheaf.OpenEmbeddingCohomology.restriction' depends on axioms: [propext, Classical.choice, Quot.sound]
info: Lib/AxiomAudit.lean:4770:0: 'TopCat.Sheaf.OpenEmbeddingCohomology.restriction_additive' depends on axioms: [propext, Classical.choice, Quot.sound]
info: Lib/AxiomAudit.lean:4772:0: 'TopCat.Sheaf.OpenEmbeddingCohomology.openImage_cocontinuous' depends on axioms: [propext, Classical.choice, Quot.sound]
info: Lib/AxiomAudit.lean:4774:0: 'TopCat.Sheaf.OpenEmbeddingCohomology.restriction_rightAdjoint' depends on axioms: [propext,
info: Lib/AxiomAudit.lean:4776:0: 'TopCat.Sheaf.OpenEmbeddingCohomology.restriction_leftAdjoint' depends on axioms: [propext,
info: Lib/AxiomAudit.lean:4778:0: 'TopCat.Sheaf.OpenEmbeddingCohomology.restriction_preservesFiniteLimits' depends on axioms: [propext,
info: Lib/AxiomAudit.lean:4780:0: 'TopCat.Sheaf.OpenEmbeddingCohomology.restriction_preservesFiniteColimits' depends on axioms: [propext,
info: Lib/AxiomAudit.lean:4782:0: 'TopCat.Sheaf.OpenEmbeddingCohomology.rawRestrictionHom' depends on axioms: [propext, Classical.choice, Quot.sound]
info: Lib/AxiomAudit.lean:4784:0: 'TopCat.Sheaf.OpenEmbeddingCohomology.restrictionHom' depends on axioms: [propext, Classical.choice, Quot.sound]
info: Lib/AxiomAudit.lean:4786:0: 'TopCat.Sheaf.OpenEmbeddingCohomology.unit_restrictionHom' depends on axioms: [propext, Classical.choice, Quot.sound]
info: Lib/AxiomAudit.lean:4788:0: 'TopCat.Sheaf.OpenEmbeddingCohomology.restrictionHom_app_unit' depends on axioms: [propext,
info: Lib/AxiomAudit.lean:4790:0: 'TopCat.Sheaf.OpenEmbeddingCohomology.restrictionHom_isIso' depends on axioms: [propext, Classical.choice, Quot.sound]
info: Lib/AxiomAudit.lean:4792:0: 'TopCat.Sheaf.OpenEmbeddingCohomology.cohomologyMap' depends on axioms: [propext, Classical.choice, Quot.sound]
info: Lib/AxiomAudit.lean:4794:0: 'TopCat.Sheaf.OpenEmbeddingCohomology.cohomologyMap_naturality' depends on axioms: [propext,
info: Lib/AxiomAudit.lean:4796:0: 'TopCat.Sheaf.OpenEmbeddingCohomology.constantPullback' depends on axioms: [propext, Classical.choice, Quot.sound]
info: Lib/AxiomAudit.lean:4801:0: 'TopCat.ConstantSheaf.pushforwardHom_comp' depends on axioms: [propext, Classical.choice, Quot.sound]
info: Lib/AxiomAudit.lean:4803:0: 'TopCat.FiniteClosedPushforward.cohomologyForward_comp' depends on axioms: [propext, Classical.choice, Quot.sound]
info: Lib/AxiomAudit.lean:4805:0: 'TopCat.ConstantSheafCohomology.pullback_comp' depends on axioms: [propext, Classical.choice, Quot.sound]
info: Lib/AxiomAudit.lean:4810:0: 'CategoryTheory.Sheaf.Leray.FibreStalkEvaluation.induced' depends on axioms: [propext, Classical.choice, Quot.sound]
info: Lib/AxiomAudit.lean:4812:0: 'CategoryTheory.Sheaf.Leray.FibreStalkEvaluation.induced_apply' depends on axioms: [propext,
info: Lib/AxiomAudit.lean:4814:0: 'CategoryTheory.Sheaf.Leray.FibreStalkEvaluation.induced_comp_inclusion' depends on axioms: [propext,
info: Lib/AxiomAudit.lean:4816:0: 'CategoryTheory.Sheaf.Leray.FibreStalkEvaluation.induced_isClosedMap' depends on axioms: [propext,
info: Lib/AxiomAudit.lean:4818:0: 'CategoryTheory.Sheaf.Leray.FibreStalkEvaluation.induced_finite_fibres' depends on axioms: [propext,
info: Lib/AxiomAudit.lean:4820:0: 'CategoryTheory.Sheaf.Leray.FibreStalkEvaluation.openImage_preimage_obj' depends on axioms: [propext,
info: Lib/AxiomAudit.lean:4822:0: 'CategoryTheory.Sheaf.Leray.FibreStalkEvaluation.openImage_preimage' depends on axioms: [propext,
info: Lib/AxiomAudit.lean:4824:0: 'CategoryTheory.Sheaf.Leray.FibreStalkEvaluation.restrictionPushforwardIso' depends on axioms: [propext,
info: Lib/AxiomAudit.lean:4826:0: 'CategoryTheory.Sheaf.Leray.FibreStalkEvaluation.restrictionPushforwardIso_hom_app' depends on axioms: [propext,
info: Lib/AxiomAudit.lean:4828:0: 'CategoryTheory.Sheaf.Leray.FibreStalkEvaluation.restrictionPushforwardIso_global' depends on axioms: [propext,
info: Lib/AxiomAudit.lean:4830:0: 'CategoryTheory.Sheaf.Leray.FibreStalkEvaluation.restrictionPushforwardIso_neighborhoodUnit' depends on axioms: [propext,
info: Lib/AxiomAudit.lean:4832:0: 'CategoryTheory.Sheaf.Leray.FibreStalkEvaluation.neighborhoodCohomologyForward_openRestriction' depends on axioms: [propext,
info: Lib/AxiomAudit.lean:4837:0: 'CategoryTheory.Sheaf.Leray.ConstantFibreEvaluationNormalization.openConstantRestrictionHom' depends on axioms: [propext,
info: Lib/AxiomAudit.lean:4839:0: 'CategoryTheory.Sheaf.Leray.ConstantFibreEvaluationNormalization.openConstantRestrictionHom_isIso' depends on axioms: [propext,
info: Lib/AxiomAudit.lean:4841:0: 'CategoryTheory.Sheaf.Leray.ConstantFibreEvaluationNormalization.openConstantRestriction_coefficient' depends on axioms: [propext,
info: Lib/AxiomAudit.lean:4843:0: 'CategoryTheory.Sheaf.Leray.ConstantFibreEvaluationNormalization.intrinsicOpenClass' depends on axioms: [propext,
info: Lib/AxiomAudit.lean:4845:0: 'CategoryTheory.Sheaf.Leray.ConstantFibreEvaluationNormalization.cohomologyEvaluation_forward_open' depends on axioms: [propext,
info: Lib/AxiomAudit.lean:4847:0: 'CategoryTheory.Sheaf.Leray.ConstantFibreEvaluationNormalization.intrinsicOpenClass_coefficient' depends on axioms: [propext,
info: Lib/AxiomAudit.lean:4849:0: 'CategoryTheory.Sheaf.Leray.ConstantFibreEvaluationNormalization.canonicalConstantEvaluation' depends on axioms: [propext,
info: Lib/AxiomAudit.lean:4851:0: 'CategoryTheory.Sheaf.Leray.ConstantFibreEvaluationNormalization.intrinsicConstantPullback' depends on axioms: [propext,
info: Lib/AxiomAudit.lean:4853:0: 'CategoryTheory.Sheaf.Leray.ConstantFibreEvaluationNormalization.fibreCohomology_eq_of_forward_eq' depends on axioms: [propext,
info: Lib/AxiomAudit.lean:4855:0: 'CategoryTheory.Sheaf.Leray.ConstantFibreEvaluationNormalization.canonicalConstantEvaluation_forward' depends on axioms: [propext,
info: Lib/AxiomAudit.lean:4860:0: 'CategoryTheory.Sheaf.Leray.ConstantFibreEvaluationNormalization.canonicalConstantEvaluation_eq_intrinsicConstantPullback' depends on axioms: [propext,
info: Lib/AxiomAudit.lean:4865:0: 'CategoryTheory.Sheaf.Leray.ConstantFibreEvaluationNormalization.intrinsicOpenClass_bijective' depends on axioms: [propext,
info: Lib/AxiomAudit.lean:4867:0: 'CategoryTheory.Sheaf.Leray.ConstantFibreEvaluationNormalization.canonicalConstantEvaluation_bijective_of_pullback_isIso' depends on axioms: [propext,
info: Lib/AxiomAudit.lean:4872:0: 'TopCat.Sheaf.NestedOpenCohomology.inclusion' depends on axioms: [propext, Classical.choice, Quot.sound]
info: Lib/AxiomAudit.lean:4874:0: 'TopCat.Sheaf.NestedOpenCohomology.inclusion_apply' depends on axioms: [propext, Classical.choice, Quot.sound]
info: Lib/AxiomAudit.lean:4876:0: 'TopCat.Sheaf.NestedOpenCohomology.inclusion_isOpenEmbedding' depends on axioms: [propext, Classical.choice, Quot.sound]
info: Lib/AxiomAudit.lean:4878:0: 'TopCat.Sheaf.NestedOpenCohomology.inclusion_comp_ambientInclusion' depends on axioms: [propext,
info: Lib/AxiomAudit.lean:4880:0: 'TopCat.Sheaf.NestedOpenCohomology.openImage_comp_obj' depends on axioms: [propext, Classical.choice, Quot.sound]
info: Lib/AxiomAudit.lean:4882:0: 'TopCat.Sheaf.NestedOpenCohomology.openImage_comp' depends on axioms: [propext, Classical.choice, Quot.sound]
info: Lib/AxiomAudit.lean:4884:0: 'TopCat.Sheaf.NestedOpenCohomology.restrictionIso' depends on axioms: [propext, Classical.choice, Quot.sound]
info: Lib/AxiomAudit.lean:4886:0: 'TopCat.Sheaf.NestedOpenCohomology.restrictionIso_hom_app' depends on axioms: [propext, Classical.choice, Quot.sound]
info: Lib/AxiomAudit.lean:4888:0: 'TopCat.Sheaf.NestedOpenCohomology.constantRestrictionHom_comp' depends on axioms: [propext,
info: Lib/AxiomAudit.lean:4890:0: 'TopCat.Sheaf.NestedOpenCohomology.representingUnit_app_unit' depends on axioms: [propext, Classical.choice, Quot.sound]
info: Lib/AxiomAudit.lean:4892:0: 'TopCat.Sheaf.NestedOpenCohomology.integralHomGlobalEquiv_eq_app_unit' depends on axioms: [propext,
info: Lib/AxiomAudit.lean:4894:0: 'TopCat.Sheaf.NestedOpenCohomology.representingUnit_comp' depends on axioms: [propext, Classical.choice, Quot.sound]
info: Lib/AxiomAudit.lean:4896:0: 'TopCat.Sheaf.NestedOpenCohomology.cohomologyEquiv_restrict' depends on axioms: [propext, Classical.choice, Quot.sound]
info: Lib/AxiomAudit.lean:4898:0: 'TopCat.Sheaf.NestedOpenCohomology.intrinsicOpenClass_restrict' depends on axioms: [propext,
info: Lib/AxiomAudit.lean:4903:0: 'TopCat.Sheaf.FiniteClosedOpenRestriction.openImage_preimage_obj' depends on axioms: [propext,
info: Lib/AxiomAudit.lean:4905:0: 'TopCat.Sheaf.FiniteClosedOpenRestriction.openImage_preimage' depends on axioms: [propext, Classical.choice, Quot.sound]
info: Lib/AxiomAudit.lean:4907:0: 'TopCat.Sheaf.FiniteClosedOpenRestriction.restrictionPushforwardIso' depends on axioms: [propext,
info: Lib/AxiomAudit.lean:4909:0: 'TopCat.Sheaf.FiniteClosedOpenRestriction.restrictionPushforwardIso_hom_app' depends on axioms: [propext,
info: Lib/AxiomAudit.lean:4911:0: 'TopCat.Sheaf.FiniteClosedOpenRestriction.restrictionPushforwardIso_restrictionHom' depends on axioms: [propext,
info: Lib/AxiomAudit.lean:4913:0: 'TopCat.Sheaf.FiniteClosedOpenRestriction.cohomologyForward_openRestriction' depends on axioms: [propext,
info: Lib/AxiomAudit.lean:4915:0: 'TopCat.Sheaf.FiniteClosedOpenRestriction.sandwichCoefficient' depends on axioms: [propext,
info: Lib/AxiomAudit.lean:4917:0: 'TopCat.Sheaf.FiniteClosedOpenRestriction.openRestrictionThenCoefficient' depends on axioms: [propext,
info: Lib/AxiomAudit.lean:4919:0: 'TopCat.Sheaf.FiniteClosedOpenRestriction.closedPullbackThenRestriction' depends on axioms: [propext,
info: Lib/AxiomAudit.lean:4921:0: 'TopCat.Sheaf.FiniteClosedOpenRestriction.pullback_openRestriction' depends on axioms: [propext,
info: Lib/AxiomAudit.lean:4923:0: 'TopCat.Sheaf.FiniteClosedOpenRestriction.constantPullback_sandwich' depends on axioms: [propext,
info: Lib/AxiomAudit.lean:4928:0: 'TopCat.Sheaf.OpenFiniteClosedFactorization.openImage_preimage_obj' depends on axioms: [propext,
info: Lib/AxiomAudit.lean:4930:0: 'TopCat.Sheaf.OpenFiniteClosedFactorization.openImage_preimage' depends on axioms: [propext,
info: Lib/AxiomAudit.lean:4932:0: 'TopCat.Sheaf.OpenFiniteClosedFactorization.restrictionPushforwardIso' depends on axioms: [propext,
info: Lib/AxiomAudit.lean:4934:0: 'TopCat.Sheaf.OpenFiniteClosedFactorization.restrictionPushforwardIso_hom_app' depends on axioms: [propext,
info: Lib/AxiomAudit.lean:4936:0: 'TopCat.Sheaf.OpenFiniteClosedFactorization.restrictionPushforwardIso_restrictionHom' depends on axioms: [propext,
info: Lib/AxiomAudit.lean:4938:0: 'TopCat.Sheaf.OpenFiniteClosedFactorization.cohomologyForward_openRestriction' depends on axioms: [propext,
info: Lib/AxiomAudit.lean:4940:0: 'TopCat.Sheaf.OpenFiniteClosedFactorization.normalizedCoefficient' depends on axioms: [propext,
info: Lib/AxiomAudit.lean:4942:0: 'TopCat.Sheaf.OpenFiniteClosedFactorization.normalizedOpenPullback_forward' depends on axioms: [propext,
info: Lib/AxiomAudit.lean:4944:0: 'TopCat.Sheaf.OpenFiniteClosedFactorization.directPullback_forward_open' depends on axioms: [propext,
info: Lib/AxiomAudit.lean:4946:0: 'TopCat.Sheaf.OpenFiniteClosedFactorization.constantPullback_factorization' depends on axioms: [propext,
info: Lib/AxiomAudit.lean:4951:0: 'Module.FreeIntSubmodule.FinsuppModel.initialSubmodule' depends on axioms: [propext, Classical.choice, Quot.sound]
info: Lib/AxiomAudit.lean:4953:0: 'Module.FreeIntSubmodule.FinsuppModel.mem_initialSubmodule_iff' depends on axioms: [propext,
info: Lib/AxiomAudit.lean:4955:0: 'Module.FreeIntSubmodule.FinsuppModel.leadingIdeal' depends on axioms: [propext, Classical.choice, Quot.sound]
info: Lib/AxiomAudit.lean:4957:0: 'Module.FreeIntSubmodule.FinsuppModel.exists_leadingVector' depends on axioms: [propext, Classical.choice, Quot.sound]
info: Lib/AxiomAudit.lean:4959:0: 'Module.FreeIntSubmodule.FinsuppModel.leadingVector' depends on axioms: [propext, Classical.choice, Quot.sound]
info: Lib/AxiomAudit.lean:4961:0: 'Module.FreeIntSubmodule.FinsuppModel.leadingVector_above' depends on axioms: [propext, Classical.choice, Quot.sound]
info: Lib/AxiomAudit.lean:4963:0: 'Module.FreeIntSubmodule.FinsuppModel.leadingVector_diagonal' depends on axioms: [propext, Classical.choice, Quot.sound]
info: Lib/AxiomAudit.lean:4965:0: 'Module.FreeIntSubmodule.FinsuppModel.generator_dvd_coefficient' depends on axioms: [propext,
info: Lib/AxiomAudit.lean:4967:0: 'Module.FreeIntSubmodule.FinsuppModel.LeadingIndex' depends on axioms: [propext, Classical.choice, Quot.sound]
info: Lib/AxiomAudit.lean:4969:0: 'Module.FreeIntSubmodule.FinsuppModel.leadingFamily' depends on axioms: [propext, Classical.choice, Quot.sound]
info: Lib/AxiomAudit.lean:4971:0: 'Module.FreeIntSubmodule.FinsuppModel.leadingFamily_diagonal_ne_zero' depends on axioms: [propext,
info: Lib/AxiomAudit.lean:4973:0: 'Module.FreeIntSubmodule.FinsuppModel.leadingFamily_above' depends on axioms: [propext, Classical.choice, Quot.sound]
info: Lib/AxiomAudit.lean:4975:0: 'Module.FreeIntSubmodule.exists_largest_support' depends on axioms: [propext, Classical.choice, Quot.sound]
info: Lib/AxiomAudit.lean:4977:0: 'Module.FreeIntSubmodule.triangular_linearIndependent' depends on axioms: [propext, Classical.choice, Quot.sound]
info: Lib/AxiomAudit.lean:4979:0: 'Module.FreeIntSubmodule.FinsuppModel.leadingFamily_linearIndependent' depends on axioms: [propext,
info: Lib/AxiomAudit.lean:4981:0: 'Module.FreeIntSubmodule.FinsuppModel.mem_span_leadingFamily_of_bounded' depends on axioms: [propext,
info: Lib/AxiomAudit.lean:4983:0: 'Module.FreeIntSubmodule.FinsuppModel.leadingFamily_span_eq_top' depends on axioms: [propext,
info: Lib/AxiomAudit.lean:4985:0: 'Module.FreeIntSubmodule.FinsuppModel.leadingBasis' depends on axioms: [propext, Classical.choice, Quot.sound]
info: Lib/AxiomAudit.lean:4987:0: 'Module.FreeIntSubmodule.finsupp_submodule_free_int' depends on axioms: [propext, Classical.choice, Quot.sound]
info: Lib/AxiomAudit.lean:4989:0: 'Module.FreeIntSubmodule.submodule_free_int' depends on axioms: [propext, Classical.choice, Quot.sound]
info: Lib/AxiomAudit.lean:4991:0: 'Module.FreeIntSubmodule.submodule_projective_int_with_module' depends on axioms: [propext,
info: Lib/AxiomAudit.lean:4993:0: 'Module.FreeIntSubmodule.submodule_projective_int' depends on axioms: [propext, Classical.choice, Quot.sound]
info: Lib/AxiomAudit.lean:4998:0: 'AlgebraicTopology.SingularCochains.DualEvaluation.PositiveCocycle' depends on axioms: [propext,
info: Lib/AxiomAudit.lean:5000:0: 'AlgebraicTopology.SingularCochains.DualEvaluation.positiveCocycleClass' depends on axioms: [propext,
info: Lib/AxiomAudit.lean:5002:0: 'AlgebraicTopology.SingularCochains.DualEvaluation.positiveCocycleClass_surjective' depends on axioms: [propext,
info: Lib/AxiomAudit.lean:5004:0: 'AlgebraicTopology.SingularCochains.DualEvaluation.mapPositiveCocycles' depends on axioms: [propext,
info: Lib/AxiomAudit.lean:5006:0: 'AlgebraicTopology.SingularCochains.DualEvaluation.mapPositiveCocycles_val' depends on axioms: [propext,
info: Lib/AxiomAudit.lean:5008:0: 'AlgebraicTopology.SingularCochains.DualEvaluation.homologyMap_positiveCocycleClass' depends on axioms: [propext,
info: Lib/AxiomAudit.lean:5010:0: 'AlgebraicTopology.SingularCochains.DualEvaluation.IsClosedFunctional' depends on axioms: [propext, Quot.sound]
info: Lib/AxiomAudit.lean:5012:0: 'AlgebraicTopology.SingularCochains.DualEvaluation.boundaryRange_le_ker' depends on axioms: [propext,
info: Lib/AxiomAudit.lean:5014:0: 'AlgebraicTopology.SingularCochains.DualEvaluation.ChainClass' depends on axioms: [propext,
info: Lib/AxiomAudit.lean:5016:0: 'AlgebraicTopology.SingularCochains.DualEvaluation.chainClassModule' depends on axioms: [propext,
info: Lib/AxiomAudit.lean:5018:0: 'AlgebraicTopology.SingularCochains.DualEvaluation.homologyToChainClass' depends on axioms: [propext,
info: Lib/AxiomAudit.lean:5020:0: 'AlgebraicTopology.SingularCochains.DualEvaluation.evaluationOfClosed' depends on axioms: [propext,
info: Lib/AxiomAudit.lean:5022:0: 'AlgebraicTopology.SingularCochains.DualEvaluation.evaluationOfClosed_cycleClass' depends on axioms: [propext,
info: Lib/AxiomAudit.lean:5024:0: 'AlgebraicTopology.SingularCochains.DualEvaluation.cochainAddHom' depends on axioms: [propext,
info: Lib/AxiomAudit.lean:5026:0: 'AlgebraicTopology.SingularCochains.DualEvaluation.cochainLinear' depends on axioms: [propext,
info: Lib/AxiomAudit.lean:5028:0: 'AlgebraicTopology.SingularCochains.DualEvaluation.normalizedPositiveScIso' depends on axioms: [propext,
info: Lib/AxiomAudit.lean:5030:0: 'AlgebraicTopology.SingularCochains.DualEvaluation.positiveCocycleValue' depends on axioms: [propext,
info: Lib/AxiomAudit.lean:5032:0: 'AlgebraicTopology.SingularCochains.DualEvaluation.positiveCocycleValue_eq_val' depends on axioms: [propext,
info: Lib/AxiomAudit.lean:5034:0: 'AlgebraicTopology.SingularCochains.DualEvaluation.positiveCocycleValue_eq_literal_val' depends on axioms: [propext,
info: Lib/AxiomAudit.lean:5036:0: 'AlgebraicTopology.SingularCochains.DualEvaluation.linearCochain' depends on axioms: [propext,
info: Lib/AxiomAudit.lean:5038:0: 'AlgebraicTopology.SingularCochains.DualEvaluation.cochainLinear_linearCochain' depends on axioms: [propext,
info: Lib/AxiomAudit.lean:5040:0: 'AlgebraicTopology.SingularCochains.DualEvaluation.normalizedLinearCochain' depends on axioms: [propext,
info: Lib/AxiomAudit.lean:5042:0: 'AlgebraicTopology.SingularCochains.DualEvaluation.normalizedLinearCochain_apply' depends on axioms: [propext,
info: Lib/AxiomAudit.lean:5044:0: 'AlgebraicTopology.SingularCochains.DualEvaluation.mkPositiveCocycleOfClosed' depends on axioms: [propext,
info: Lib/AxiomAudit.lean:5046:0: 'AlgebraicTopology.SingularCochains.DualEvaluation.mkPositiveCocycleOfClosed_val' depends on axioms: [propext,
info: Lib/AxiomAudit.lean:5048:0: 'AlgebraicTopology.SingularCochains.DualEvaluation.positiveCocycleValue_mkPositiveCocycleOfClosed' depends on axioms: [propext,
info: Lib/AxiomAudit.lean:5050:0: 'AlgebraicTopology.SingularCochains.DualEvaluation.positiveCocycleValue_zero' depends on axioms: [propext,
info: Lib/AxiomAudit.lean:5052:0: 'AlgebraicTopology.SingularCochains.DualEvaluation.positiveCocycleValue_add' depends on axioms: [propext,
info: Lib/AxiomAudit.lean:5054:0: 'AlgebraicTopology.SingularCochains.DualEvaluation.dualComplex_d_apply_apply' depends on axioms: [propext,
info: Lib/AxiomAudit.lean:5056:0: 'AlgebraicTopology.SingularCochains.DualEvaluation.positiveCocycle_isClosedFunctional' depends on axioms: [propext,
info: Lib/AxiomAudit.lean:5058:0: 'AlgebraicTopology.SingularCochains.DualEvaluation.evaluationOfPositiveCocycle' depends on axioms: [propext,
info: Lib/AxiomAudit.lean:5060:0: 'AlgebraicTopology.SingularCochains.DualEvaluation.evaluationOfPositiveCocycle_cycleClass' depends on axioms: [propext,
info: Lib/AxiomAudit.lean:5062:0: 'AlgebraicTopology.SingularCochains.DualEvaluation.evaluationOfPositiveCocycle_zero' depends on axioms: [propext,
info: Lib/AxiomAudit.lean:5064:0: 'AlgebraicTopology.SingularCochains.DualEvaluation.evaluationOfPositiveCocycle_add' depends on axioms: [propext,
info: Lib/AxiomAudit.lean:5066:0: 'AlgebraicTopology.SingularCochains.DualEvaluation.positiveCocycleEvaluation' depends on axioms: [propext,
info: Lib/AxiomAudit.lean:5068:0: 'AlgebraicTopology.SingularCochains.DualEvaluation.positiveCocycleEvaluation_cycleClass' depends on axioms: [propext,
info: Lib/AxiomAudit.lean:5070:0: 'AlgebraicTopology.SingularCochains.DualEvaluation.previousCochainValue' depends on axioms: [propext,
info: Lib/AxiomAudit.lean:5072:0: 'AlgebraicTopology.SingularCochains.DualEvaluation.positiveSc_f_apply' depends on axioms: [propext,
info: Lib/AxiomAudit.lean:5074:0: 'AlgebraicTopology.SingularCochains.DualEvaluation.positiveCocycleEvaluation_abToCycles' depends on axioms: [propext,
info: Lib/AxiomAudit.lean:5076:0: 'AlgebraicTopology.SingularCochains.DualEvaluation.positiveCoboundaryRange_le_ker' depends on axioms: [propext,
info: Lib/AxiomAudit.lean:5078:0: 'AlgebraicTopology.SingularCochains.DualEvaluation.cohomologyEvaluation' depends on axioms: [propext,
info: Lib/AxiomAudit.lean:5080:0: 'AlgebraicTopology.SingularCochains.DualEvaluation.positiveCocycleClass_abToCycles' depends on axioms: [propext,
info: Lib/AxiomAudit.lean:5082:0: 'AlgebraicTopology.SingularCochains.DualEvaluation.cohomologyEvaluation_positiveCocycleClass' depends on axioms: [propext,
info: Lib/AxiomAudit.lean:5084:0: 'AlgebraicTopology.SingularCochains.DualEvaluation.cohomologyEvaluation_cocycle_cycle' depends on axioms: [propext,
info: Lib/AxiomAudit.lean:5086:0: 'AlgebraicTopology.SingularCochains.DualEvaluation.dualMap_cochainAddHom_apply' depends on axioms: [propext,
info: Lib/AxiomAudit.lean:5088:0: 'AlgebraicTopology.SingularCochains.DualEvaluation.positiveCocycleEvaluation_natural' depends on axioms: [propext,
info: Lib/AxiomAudit.lean:5090:0: 'AlgebraicTopology.SingularCochains.DualEvaluation.cohomologyEvaluation_natural' depends on axioms: [propext,
info: Lib/AxiomAudit.lean:5092:0: 'AlgebraicTopology.SingularCochains.DualEvaluation.LocalUCT.exists_section' depends on axioms: [propext,
info: Lib/AxiomAudit.lean:5094:0: 'AlgebraicTopology.SingularCochains.DualEvaluation.LocalUCT.exists_kernel_retraction' depends on axioms: [propext,
info: Lib/AxiomAudit.lean:5096:0: 'AlgebraicTopology.SingularCochains.DualEvaluation.LocalUCT.exists_extension_from_kernel' depends on axioms: [propext,
info: Lib/AxiomAudit.lean:5098:0: 'AlgebraicTopology.SingularCochains.DualEvaluation.LocalUCT.exists_factor_through_range' depends on axioms: [propext,
info: Lib/AxiomAudit.lean:5100:0: 'AlgebraicTopology.SingularCochains.DualEvaluation.LocalUCT.addHomToIntLinear' depends on axioms: [propext]
info: Lib/AxiomAudit.lean:5102:0: 'AlgebraicTopology.SingularCochains.DualEvaluation.LocalUCT.addHomIntLinearEquiv' depends on axioms: [propext,
info: Lib/AxiomAudit.lean:5104:0: 'AlgebraicTopology.SingularCochains.DualEvaluation.LocalUCT.addHomIntLinearEquiv_apply' depends on axioms: [propext,
info: Lib/AxiomAudit.lean:5106:0: 'AlgebraicTopology.SingularCochains.DualEvaluation.LocalUCT.OutgoingImage' depends on axioms: [propext,
info: Lib/AxiomAudit.lean:5108:0: 'AlgebraicTopology.SingularCochains.DualEvaluation.LocalUCT.outgoingImageModule' depends on axioms: [propext,
info: Lib/AxiomAudit.lean:5110:0: 'AlgebraicTopology.SingularCochains.DualEvaluation.LocalUCT.IncomingImage' depends on axioms: [propext,
info: Lib/AxiomAudit.lean:5112:0: 'AlgebraicTopology.SingularCochains.DualEvaluation.LocalUCT.incomingImageModule' depends on axioms: [propext,
info: Lib/AxiomAudit.lean:5114:0: 'AlgebraicTopology.SingularCochains.DualEvaluation.LocalUCT.boundaryCycle' depends on axioms: [propext,
info: Lib/AxiomAudit.lean:5116:0: 'AlgebraicTopology.SingularCochains.DualEvaluation.LocalUCT.boundaryCycle_val' depends on axioms: [propext,
info: Lib/AxiomAudit.lean:5118:0: 'AlgebraicTopology.SingularCochains.DualEvaluation.LocalUCT.cycleClass_boundaryCycle' depends on axioms: [propext,
info: Lib/AxiomAudit.lean:5120:0: 'AlgebraicTopology.SingularCochains.DualEvaluation.LocalUCT.normalizedPreviousLinearCochain' depends on axioms: [propext,
info: Lib/AxiomAudit.lean:5122:0: 'AlgebraicTopology.SingularCochains.DualEvaluation.LocalUCT.previousLinearCochain' depends on axioms: [propext,
info: Lib/AxiomAudit.lean:5124:0: 'AlgebraicTopology.SingularCochains.DualEvaluation.LocalUCT.positiveCocycleValue_abToCycles_previousLinearCochain' depends on axioms: [propext,
info: Lib/AxiomAudit.lean:5126:0: 'AlgebraicTopology.SingularCochains.DualEvaluation.LocalUCT.positiveCocycleValue_abToCycles_previousLinearCochain_apply' depends on axioms: [propext,
info: Lib/AxiomAudit.lean:5128:0: 'AlgebraicTopology.SingularCochains.DualEvaluation.LocalUCT.exists_cycle_retraction' depends on axioms: [propext,
info: Lib/AxiomAudit.lean:5130:0: 'AlgebraicTopology.SingularCochains.DualEvaluation.LocalUCT.exists_extension_from_cycles' depends on axioms: [propext,
info: Lib/AxiomAudit.lean:5132:0: 'AlgebraicTopology.SingularCochains.DualEvaluation.LocalUCT.cohomologyEvaluation_surjective_of_outgoing_projective' depends on axioms: [propext,
info: Lib/AxiomAudit.lean:5134:0: 'AlgebraicTopology.SingularCochains.DualEvaluation.LocalUCT.exists_cycle_section' depends on axioms: [propext,
info: Lib/AxiomAudit.lean:5136:0: 'AlgebraicTopology.SingularCochains.DualEvaluation.LocalUCT.exists_boundary_retraction' depends on axioms: [propext,
info: Lib/AxiomAudit.lean:5138:0: 'AlgebraicTopology.SingularCochains.DualEvaluation.LocalUCT.exists_coboundary_of_vanishing_on_cycles' depends on axioms: [propext,
info: Lib/AxiomAudit.lean:5140:0: 'AlgebraicTopology.SingularCochains.DualEvaluation.LocalUCT.cohomologyEvaluation_injective_of_local_projective' depends on axioms: [propext,
info: Lib/AxiomAudit.lean:5142:0: 'AlgebraicTopology.SingularCochains.DualEvaluation.LocalUCT.cohomologyEvaluation_bijective_of_local_projective' depends on axioms: [propext,
info: Lib/AxiomAudit.lean:5144:0: 'AlgebraicTopology.SingularCochains.DualEvaluation.LocalUCT.cohomologyEvaluation_isIso_of_local_projective' depends on axioms: [propext,
info: Lib/AxiomAudit.lean:5149:0: 'AlgebraicTopology.SingularCochains.DualEvaluation.LocalUCT.outgoingImage_projective' depends on axioms: [propext,
info: Lib/AxiomAudit.lean:5151:0: 'AlgebraicTopology.SingularCochains.DualEvaluation.LocalUCT.cohomologyEvaluation_isIso_of_free_of_projective' depends on axioms: [propext,
info: Lib/AxiomAudit.lean:5153:0: 'AlgebraicTopology.SingularCochains.DualEvaluation.LocalUCT.cohomologyEvaluationLinear' depends on axioms: [propext,
info: Lib/AxiomAudit.lean:5155:0: 'AlgebraicTopology.SingularCochains.DualEvaluation.LocalUCT.cohomologyEvaluationLinear_apply' depends on axioms: [propext,
info: Lib/AxiomAudit.lean:5157:0: 'AlgebraicTopology.SingularCochains.DualEvaluation.LocalUCT.cohomologyEvaluationAlong' depends on axioms: [propext,
info: Lib/AxiomAudit.lean:5159:0: 'AlgebraicTopology.SingularCochains.DualEvaluation.LocalUCT.cohomologyEvaluationAlong_apply' depends on axioms: [propext,
info: Lib/AxiomAudit.lean:5161:0: 'AlgebraicTopology.SingularCochains.DualEvaluation.LocalUCT.cohomologyEvaluationLinear_isIso_of_free_of_projective' depends on axioms: [propext,
info: Lib/AxiomAudit.lean:5163:0: 'AlgebraicTopology.SingularCochains.DualEvaluation.LocalUCT.cohomologyEvaluationAlong_isIso_of_free_of_projective' depends on axioms: [propext,
info: Lib/AxiomAudit.lean:5165:0: 'AlgebraicTopology.SingularCochains.DualEvaluation.LocalUCT.singularChains_free' depends on axioms: [propext,
info: Lib/AxiomAudit.lean:5167:0: 'AlgebraicTopology.SingularCochains.DualEvaluation.LocalUCT.singularH1Evaluation_isIso' depends on axioms: [propext,
info: Lib/AxiomAudit.lean:5169:0: 'AlgebraicTopology.SingularCochains.DualEvaluation.LocalUCT.singularH1EvaluationAlong_isIso' depends on axioms: [propext,
info: Lib/AxiomAudit.lean:5174:0: 'AlgebraicTopology.SingularCochains.DualEvaluation.LocalUCT.dualCoefficientEquiv' depends on axioms: [propext,
info: Lib/AxiomAudit.lean:5176:0: 'AlgebraicTopology.SingularCochains.DualEvaluation.LocalUCT.dualCoefficientEquiv_apply_apply' depends on axioms: [propext,
info: Lib/AxiomAudit.lean:5178:0: 'AlgebraicTopology.SingularCochains.DualEvaluation.LocalUCT.precomposeLinear' depends on axioms: [propext, Quot.sound]
info: Lib/AxiomAudit.lean:5180:0: 'AlgebraicTopology.SingularCochains.DualEvaluation.LocalUCT.precomposeLinear_apply' depends on axioms: [propext,
info: Lib/AxiomAudit.lean:5182:0: 'AlgebraicTopology.SingularCochains.DualEvaluation.LocalUCT.precomposeLinear_int_eq_dualMap' depends on axioms: [propext,
info: Lib/AxiomAudit.lean:5184:0: 'AlgebraicTopology.SingularCochains.DualEvaluation.LocalUCT.cohomologyEvaluationAlongCoefficient' depends on axioms: [propext,
info: Lib/AxiomAudit.lean:5186:0: 'AlgebraicTopology.SingularCochains.DualEvaluation.LocalUCT.cohomologyEvaluationAlongCoefficient_apply' depends on axioms: [propext,
info: Lib/AxiomAudit.lean:5188:0: 'AlgebraicTopology.SingularCochains.DualEvaluation.LocalUCT.cohomologyEvaluationAlongCoefficient_natural' depends on axioms: [propext,
info: Lib/AxiomAudit.lean:5190:0: 'AlgebraicTopology.SingularCochains.DualEvaluation.LocalUCT.cohomologyEvaluationAlongCoefficient_isIso_of_free_of_projective' depends on axioms: [propext,
info: Lib/AxiomAudit.lean:5192:0: 'AlgebraicTopology.SingularCochains.DualEvaluation.LocalUCT.uliftIntCoefficientEquiv' depends on axioms: [propext,
info: Lib/AxiomAudit.lean:5194:0: 'AlgebraicTopology.SingularCochains.DualEvaluation.LocalUCT.uliftIntCohomologyEvaluation' depends on axioms: [propext,
info: Lib/AxiomAudit.lean:5196:0: 'AlgebraicTopology.SingularCochains.DualEvaluation.LocalUCT.uliftIntCohomologyEvaluation_apply' depends on axioms: [propext,
info: Lib/AxiomAudit.lean:5198:0: 'AlgebraicTopology.SingularCochains.DualEvaluation.LocalUCT.uliftIntCohomologyEvaluation_natural' depends on axioms: [propext,
info: Lib/AxiomAudit.lean:5200:0: 'AlgebraicTopology.SingularCochains.DualEvaluation.LocalUCT.singularUliftIntCohomologyEvaluation_isIso_of_projective' depends on axioms: [propext,
info: Lib/AxiomAudit.lean:5202:0: 'AlgebraicTopology.SingularCochains.DualEvaluation.LocalUCT.uliftIntDualHomologyMap_injective_of_homologyMap_surjective' depends on axioms: [propext,
info: Lib/AxiomAudit.lean:5207:0: 'IsLocalHomeomorph.locallyPathConnectedSpace' depends on axioms: [propext, Classical.choice, Quot.sound]
info: Lib/AxiomAudit.lean:5209:0: 'IsQuotientCoveringMap.simplyConnectedSpace_of_fundamentalGroupToMulOpposite_injective' depends on axioms: [propext,
info: Lib/AxiomAudit.lean:5214:0: 'IsQuotientCoveringMap.lift_eq_smul_of_eq_at' depends on axioms: [propext, Classical.choice, Quot.sound]
info: Lib/AxiomAudit.lean:5216:0: 'IsQuotientCoveringMap.lift_equivariant_of_eq_at' depends on axioms: [propext, Classical.choice, Quot.sound]
info: Lib/AxiomAudit.lean:5221:0: 'AlgebraicTopology.SingularCochains.DualEvaluation.LocalUCT.cohomologyEvaluationAlong_trans_apply' depends on axioms: [propext,
info: Lib/AxiomAudit.lean:5223:0: 'AlgebraicTopology.SingularCochains.DualEvaluation.LocalUCT.cohomologyEvaluationAlong_trans' depends on axioms: [propext,
info: Lib/AxiomAudit.lean:5228:0: 'AlgebraicTopology.SingularCochains.DualEvaluation.HomeomorphCoordinates.A' depends on axioms: [propext, Quot.sound]
info: Lib/AxiomAudit.lean:5230:0: 'AlgebraicTopology.SingularCochains.DualEvaluation.HomeomorphCoordinates.uliftDownHomEquiv' depends on axioms: [propext,
info: Lib/AxiomAudit.lean:5232:0: 'AlgebraicTopology.SingularCochains.DualEvaluation.HomeomorphCoordinates.evaluationTargetEquiv' depends on axioms: [propext,
info: Lib/AxiomAudit.lean:5234:0: 'AlgebraicTopology.SingularCochains.DualEvaluation.HomeomorphCoordinates.coordinateEvaluation' depends on axioms: [propext,
info: Lib/AxiomAudit.lean:5236:0: 'AlgebraicTopology.SingularCochains.DualEvaluation.HomeomorphCoordinates.coordinateEvaluation_pullback' depends on axioms: [propext,
info: Lib/AxiomAudit.lean:5238:0: 'AlgebraicTopology.SingularCochains.DualEvaluation.HomeomorphCoordinates.coordinateEvaluationPositive' depends on axioms: [propext,
info: Lib/AxiomAudit.lean:5240:0: 'AlgebraicTopology.SingularCochains.DualEvaluation.HomeomorphCoordinates.coordinateEvaluationPositive_pullback' depends on axioms: [propext,
info: Lib/AxiomAudit.lean:5242:0: 'AlgebraicTopology.SingularCochains.DualEvaluation.HomeomorphCoordinates.pullback_comp_coordinateEvaluationPositive_eq_of_homologyMap_eq' depends on axioms: [propext,
info: Lib/AxiomAudit.lean:5247:0: 'TopCat.ConstantProductH1.basedFibreInclusion_homotopic' depends on axioms: [propext, Classical.choice, Quot.sound]
info: Lib/AxiomAudit.lean:5249:0: 'TopCat.ConstantProductH1.nativePullback_basedFibreInclusion_eq' depends on axioms: [propext,
info: Lib/AxiomAudit.lean:5254:0: 'TopCat.Sheaf.OpenRestriction.presheafStalkIso' depends on axioms: [propext, Classical.choice, Quot.sound]
info: Lib/AxiomAudit.lean:5256:0: 'TopCat.Sheaf.OpenRestriction.stalkIso' depends on axioms: [propext, Classical.choice, Quot.sound]
info: Lib/AxiomAudit.lean:5258:0: 'TopCat.Sheaf.OpenRestriction.inclusion_mem_openImage' depends on axioms: [propext, Classical.choice, Quot.sound]
info: Lib/AxiomAudit.lean:5260:0: 'TopCat.Sheaf.OpenRestriction.stalkIso_inv_germ' depends on axioms: [propext, Classical.choice, Quot.sound]
info: Lib/AxiomAudit.lean:5265:0: 'TopCat.Sheaf.OpenRestriction.nearbyRestrictionUnit_app' depends on axioms: [propext, Classical.choice, Quot.sound]
info: Lib/AxiomAudit.lean:5267:0: 'TopCat.Sheaf.OpenRestriction.germ_stalkIso_hom_nearbyRestrictionUnit' depends on axioms: [propext,
info: Lib/AxiomAudit.lean:5269:0: 'TopCat.Sheaf.OpenRestriction.stalkIso_inv_germ_nearbyRestrictionUnit' depends on axioms: [propext,
info: Lib/AxiomAudit.lean:5274:0: 'TopCat.Sheaf.OpenRestriction.nearbyStalkPushforward' depends on axioms: [propext, Classical.choice, Quot.sound]
info: Lib/AxiomAudit.lean:5276:0: 'TopCat.Sheaf.OpenRestriction.nearbyStalkPushforward_isIso' depends on axioms: [propext, Classical.choice, Quot.sound]
info: Lib/AxiomAudit.lean:5278:0: 'TopCat.Sheaf.OpenRestriction.nearbyStalkUnit_comp_nearbyStalkPushforward' depends on axioms: [propext,
info: Lib/AxiomAudit.lean:5280:0: 'TopCat.Sheaf.OpenRestriction.nearbyStalkUnit_isIso_of_mem' depends on axioms: [propext, Classical.choice, Quot.sound]
info: Lib/AxiomAudit.lean:5282:0: 'TopCat.Sheaf.OpenRestriction.nearbyRestrictionUnit_app_isIso_of_isIso_outside' depends on axioms: [propext,
info: Lib/AxiomAudit.lean:5284:0: 'TopCat.Sheaf.OpenRestriction.globalRestrictionIsoOfIsIsoOutside' depends on axioms: [propext,
info: Lib/AxiomAudit.lean:5289:0: 'TopCat.SheafificationLocal.inv_unit_stalk_map_iso_germ_eq_germ_of_localRepresentative' depends on axioms: [propext,
info: Lib/AxiomAudit.lean:5294:0: 'CategoryTheory.Sheaf.Leray.derivedNeighborhoodGerm_eq_germ_of_localRepresentative' depends on axioms: [propext,
info: Lib/AxiomAudit.lean:5299:0: 'CategoryTheory.Sheaf.Leray.FibreStalkEvaluation.canonicalDerivedNeighborhoodSectionPositive' depends on axioms: [propext,
info: Lib/AxiomAudit.lean:5301:0: 'CategoryTheory.Sheaf.Leray.FibreStalkEvaluation.canonicalDerivedNeighborhoodSectionPositive_comp_germ' depends on axioms: [propext,
info: Lib/AxiomAudit.lean:5306:0: 'AlgebraicTopology.SingularCochains.pointCochain_exactAt_positive' depends on axioms: [propext,
info: Lib/AxiomAudit.lean:5308:0: 'AlgebraicTopology.SingularCochains.pointCocycle_boundary' depends on axioms: [propext, Classical.choice, Quot.sound]
info: Lib/AxiomAudit.lean:5310:0: 'AlgebraicTopology.SingularCochains.nullhomotopic_pullback_closed_succ' depends on axioms: [propext,
info: Lib/AxiomAudit.lean:5315:0: 'TopCat.SingularCochainSheaf.initialComplex_exact' depends on axioms: [propext, Classical.choice, Quot.sound]
info: Lib/AxiomAudit.lean:5317:0: 'TopCat.SingularCochainSheaf.complexSheaf_exactAt_succ' depends on axioms: [propext, Classical.choice, Quot.sound]
info: Lib/AxiomAudit.lean:5322:0: 'TopCat.SingularCochainSheaf.OpenRestriction.extendByZero' depends on axioms: [propext, Classical.choice, Quot.sound]
info: Lib/AxiomAudit.lean:5324:0: 'TopCat.SingularCochainSheaf.OpenRestriction.restrict_extendByZero' depends on axioms: [propext,
info: Lib/AxiomAudit.lean:5326:0: 'TopCat.SingularCochainSheaf.OpenRestriction.extendByZeroAlong' depends on axioms: [propext,
info: Lib/AxiomAudit.lean:5328:0: 'TopCat.SingularCochainSheaf.OpenRestriction.map_extendByZeroAlong' depends on axioms: [propext,
info: Lib/AxiomAudit.lean:5330:0: 'TopCat.SingularCochainSheaf.OpenRestriction.presheaf_map_surjective' depends on axioms: [propext,
info: Lib/AxiomAudit.lean:5332:0: 'TopCat.SingularCochainSheaf.OpenRestriction.openImageHomeomorph' depends on axioms: [propext,
info: Lib/AxiomAudit.lean:5334:0: 'TopCat.SingularCochainSheaf.OpenRestriction.openImageMap' depends on axioms: [propext, Classical.choice, Quot.sound]
info: Lib/AxiomAudit.lean:5336:0: 'TopCat.SingularCochainSheaf.OpenRestriction.openImageMapInv' depends on axioms: [propext, Classical.choice, Quot.sound]
info: Lib/AxiomAudit.lean:5338:0: 'TopCat.SingularCochainSheaf.OpenRestriction.openImageCochainIso' depends on axioms: [propext,
info: Lib/AxiomAudit.lean:5340:0: 'TopCat.SingularCochainSheaf.OpenRestriction.restrictedPresheaf' depends on axioms: [propext,
info: Lib/AxiomAudit.lean:5342:0: 'TopCat.SingularCochainSheaf.OpenRestriction.presheafIso' depends on axioms: [propext, Classical.choice, Quot.sound]
info: Lib/AxiomAudit.lean:5344:0: 'TopCat.SingularCochainSheaf.OpenRestriction.sheafIso' depends on axioms: [propext, Classical.choice, Quot.sound]
info: Lib/AxiomAudit.lean:5346:0: 'TopCat.SingularCochainSheaf.OpenRestriction.unit_sheafIso_hom' depends on axioms: [propext,
info: Lib/AxiomAudit.lean:5348:0: 'TopCat.SingularCochainSheaf.OpenRestriction.unit_sheafIso_hom_app' depends on axioms: [propext,
info: Lib/AxiomAudit.lean:5350:0: 'TopCat.SingularCochainSheaf.OpenRestriction.unit_app_surjective' depends on axioms: [propext,
info: Lib/AxiomAudit.lean:5352:0: 'TopCat.SingularCochainSheaf.OpenRestriction.isFlasque_of_open_normal_paracompact' depends on axioms: [propext,
info: Lib/AxiomAudit.lean:5354:0: 'TopCat.SingularCochainSheaf.OpenRestriction.isFlasque_of_metrizable' depends on axioms: [propext,
info: Lib/AxiomAudit.lean:5359:0: 'TopCat.Sheaf.OpenRestriction.freeOpenFunctor' depends on axioms: [propext, Classical.choice, Quot.sound]
info: Lib/AxiomAudit.lean:5361:0: 'TopCat.Sheaf.OpenRestriction.freeOpenFunctor_map_mono' depends on axioms: [propext, Classical.choice, Quot.sound]
info: Lib/AxiomAudit.lean:5363:0: 'TopCat.Sheaf.IsFlasque.of_injective' depends on axioms: [propext, Classical.choice, Quot.sound]
info: Lib/AxiomAudit.lean:5365:0: 'TopCat.SheafCohomology.subsingleton_h_succ_of_isFlasque' depends on axioms: [propext, Classical.choice, Quot.sound]
info: Lib/AxiomAudit.lean:5367:0: 'TopCat.SheafCohomology.subsingleton_h_of_isFlasque' depends on axioms: [propext, Classical.choice, Quot.sound]
info: Lib/AxiomAudit.lean:5372:0: 'CategoryTheory.Abelian.Ext.AcyclicResolution.Hom.evaluatedLocalHomology_naturality_assoc' depends on axioms: [propext,
info: Lib/AxiomAudit.lean:5374:0: 'CategoryTheory.Abelian.Ext.AcyclicResolution.Hom.evaluatedLocalHomology_naturality' depends on axioms: [propext,
info: Lib/AxiomAudit.lean:5376:0: 'CategoryTheory.Abelian.Ext.AcyclicResolution.shortExact' depends on axioms: [propext, Classical.choice, Quot.sound]
info: Lib/AxiomAudit.lean:5378:0: 'CategoryTheory.Abelian.Ext.AcyclicResolution.localExtIso_hom_one' depends on axioms: [propext,
info: Lib/AxiomAudit.lean:5380:0: 'CategoryTheory.Abelian.Ext.AcyclicResolution.complex_X' depends on axioms: [propext, Classical.choice, Quot.sound]
info: Lib/AxiomAudit.lean:5382:0: 'CategoryTheory.Abelian.Ext.AcyclicResolution.X' depends on axioms: [propext, Classical.choice, Quot.sound]
info: Lib/AxiomAudit.lean:5384:0: 'CategoryTheory.Abelian.Ext.AcyclicResolution.Hom.shiftIso_naturality' depends on axioms: [propext,
info: Lib/AxiomAudit.lean:5386:0: 'CategoryTheory.Abelian.Ext.AcyclicResolution.complex_d' depends on axioms: [propext, Classical.choice, Quot.sound]
info: Lib/AxiomAudit.lean:5388:0: 'CategoryTheory.Abelian.Ext.AcyclicResolution.i_d_assoc' depends on axioms: [propext, Classical.choice, Quot.sound]
info: Lib/AxiomAudit.lean:5390:0: 'CategoryTheory.Abelian.Ext.AcyclicResolution.p' depends on axioms: [propext, Classical.choice, Quot.sound]
info: Lib/AxiomAudit.lean:5392:0: 'CategoryTheory.Abelian.Ext.AcyclicResolution.Hom.comp_z' depends on axioms: [propext, Classical.choice, Quot.sound]
info: Lib/AxiomAudit.lean:5394:0: 'CategoryTheory.Abelian.Ext.AcyclicResolution.shiftIso' depends on axioms: [propext, Classical.choice, Quot.sound]
info: Lib/AxiomAudit.lean:5396:0: 'CategoryTheory.Abelian.Ext.AcyclicResolution.Hom.d_naturality' depends on axioms: [propext,
info: Lib/AxiomAudit.lean:5398:0: 'CategoryTheory.Abelian.Ext.AcyclicResolution.noConfusionType' depends on axioms: [propext,
info: Lib/AxiomAudit.lean:5400:0: 'CategoryTheory.Abelian.Ext.AcyclicResolution.Hom.evaluatedWindowIso_inv_naturality' depends on axioms: [propext,
info: Lib/AxiomAudit.lean:5402:0: 'CategoryTheory.Abelian.Ext.AcyclicResolution.Hom.tail' depends on axioms: [propext, Classical.choice, Quot.sound]
info: Lib/AxiomAudit.lean:5404:0: 'CategoryTheory.Abelian.Ext.AcyclicResolution.Hom.complexMap_id' depends on axioms: [propext,
info: Lib/AxiomAudit.lean:5406:0: 'CategoryTheory.Abelian.Ext.AcyclicResolution.IsAcyclicFor' depends on axioms: [propext, Classical.choice, Quot.sound]
info: Lib/AxiomAudit.lean:5408:0: 'CategoryTheory.Abelian.Ext.AcyclicResolution.Hom.id_x' depends on axioms: [propext, Classical.choice, Quot.sound]
info: Lib/AxiomAudit.lean:5410:0: 'CategoryTheory.Abelian.Ext.AcyclicResolution.augmentedStep' depends on axioms: [propext, Classical.choice, Quot.sound]
info: Lib/AxiomAudit.lean:5412:0: 'CategoryTheory.Abelian.Ext.AcyclicResolution.Hom.id_z' depends on axioms: [propext, Classical.choice, Quot.sound]
info: Lib/AxiomAudit.lean:5414:0: 'CategoryTheory.Abelian.Ext.AcyclicResolution.complex' depends on axioms: [propext, Classical.choice, Quot.sound]
info: Lib/AxiomAudit.lean:5416:0: 'CategoryTheory.Abelian.Ext.AcyclicResolution.d_p_assoc' depends on axioms: [propext, Classical.choice, Quot.sound]
info: Lib/AxiomAudit.lean:5418:0: 'CategoryTheory.Abelian.Ext.AcyclicResolution.Hom.mk.inj' depends on axioms: [propext, Classical.choice, Quot.sound]
info: Lib/AxiomAudit.lean:5420:0: 'CategoryTheory.Abelian.Ext.connecting_injective' depends on axioms: [propext, Classical.choice, Quot.sound]
info: Lib/AxiomAudit.lean:5422:0: 'CategoryTheory.Abelian.Ext.AcyclicResolution.Hom.recOn' depends on axioms: [propext, Classical.choice, Quot.sound]
info: Lib/AxiomAudit.lean:5424:0: 'CategoryTheory.Abelian.Ext.AcyclicResolution.localExtIso' depends on axioms: [propext, Classical.choice, Quot.sound]
info: Lib/AxiomAudit.lean:5426:0: 'CategoryTheory.Abelian.Ext.AcyclicResolution.Hom.x' depends on axioms: [propext, Classical.choice, Quot.sound]
info: Lib/AxiomAudit.lean:5428:0: 'CategoryTheory.Abelian.Ext.AcyclicResolution.tail_Z' depends on axioms: [propext, Classical.choice, Quot.sound]
info: Lib/AxiomAudit.lean:5430:0: 'CategoryTheory.Abelian.Ext.AcyclicResolution.Hom.evaluatedLocalIso_naturality' depends on axioms: [propext,
info: Lib/AxiomAudit.lean:5432:0: 'CategoryTheory.Abelian.Ext.AcyclicResolution.mk.noConfusion' depends on axioms: [propext, Classical.choice, Quot.sound]
info: Lib/AxiomAudit.lean:5434:0: 'CategoryTheory.Abelian.Ext.AcyclicResolution.Hom.shiftIso_naturality_assoc' depends on axioms: [propext,
info: Lib/AxiomAudit.lean:5436:0: 'CategoryTheory.Abelian.Ext.AcyclicResolution.Hom.complexMap' depends on axioms: [propext, Classical.choice, Quot.sound]
info: Lib/AxiomAudit.lean:5438:0: 'CategoryTheory.Abelian.Ext.AcyclicResolution.Hom.z' depends on axioms: [propext, Classical.choice, Quot.sound]
info: Lib/AxiomAudit.lean:5440:0: 'CategoryTheory.Abelian.Ext.AcyclicResolution.trunc_X₃' depends on axioms: [propext, Classical.choice, Quot.sound]
info: Lib/AxiomAudit.lean:5442:0: 'CategoryTheory.Abelian.Ext.AcyclicResolution.Hom.evaluatedComplexMap_id' depends on axioms: [propext,
info: Lib/AxiomAudit.lean:5444:0: 'CategoryTheory.Abelian.Ext.connectingIso_hom_naturality_assoc' depends on axioms: [propext,
info: Lib/AxiomAudit.lean:5446:0: 'CategoryTheory.Abelian.Ext.AcyclicResolution.tail_p' depends on axioms: [propext, Classical.choice, Quot.sound]
info: Lib/AxiomAudit.lean:5448:0: 'CategoryTheory.Abelian.Ext.AcyclicResolution.Hom.mk.injEq' depends on axioms: [propext, Classical.choice, Quot.sound]
info: Lib/AxiomAudit.lean:5450:0: 'CategoryTheory.Abelian.Ext.AcyclicResolution.finiteStaircaseHomTwo' depends on axioms: [propext,
info: Lib/AxiomAudit.lean:5452:0: 'CategoryTheory.Abelian.Ext.AcyclicResolution.Hom.localExtIso_naturality_assoc' depends on axioms: [propext,
info: Lib/AxiomAudit.lean:5454:0: 'CategoryTheory.Abelian.Ext.AcyclicResolution.Hom.extIsoHomology_naturality_assoc' depends on axioms: [propext,
info: Lib/AxiomAudit.lean:5456:0: 'CategoryTheory.Abelian.Ext.connectingIso' depends on axioms: [propext, Classical.choice, Quot.sound]
info: Lib/AxiomAudit.lean:5458:0: 'CategoryTheory.Abelian.Ext.connectingIso_inv_naturality' depends on axioms: [propext, Classical.choice, Quot.sound]
info: Lib/AxiomAudit.lean:5460:0: 'CategoryTheory.Abelian.Ext.AcyclicResolution.i' depends on axioms: [propext, Classical.choice, Quot.sound]
info: Lib/AxiomAudit.lean:5462:0: 'CategoryTheory.Abelian.Ext.connectingIso_hom_naturality' depends on axioms: [propext, Classical.choice, Quot.sound]
info: Lib/AxiomAudit.lean:5464:0: 'CategoryTheory.Abelian.Ext.AcyclicResolution.Hom.comm_p_assoc' depends on axioms: [propext,
info: Lib/AxiomAudit.lean:5466:0: 'CategoryTheory.Abelian.Ext.AcyclicResolution.Hom.extIsoHomology_naturality' depends on axioms: [propext,
info: Lib/AxiomAudit.lean:5468:0: 'CategoryTheory.Abelian.Ext.AcyclicResolution.Z' depends on axioms: [propext, Classical.choice, Quot.sound]
info: Lib/AxiomAudit.lean:5470:0: 'CategoryTheory.Abelian.Ext.AcyclicResolution.d' depends on axioms: [propext, Classical.choice, Quot.sound]
info: Lib/AxiomAudit.lean:5472:0: 'CategoryTheory.Abelian.Ext.AcyclicResolution.trunc_X₂' depends on axioms: [propext, Classical.choice, Quot.sound]
info: Lib/AxiomAudit.lean:5474:0: 'CategoryTheory.Abelian.Ext.AcyclicResolution.Hom.comm_p_assoc_assoc' depends on axioms: [propext,
info: Lib/AxiomAudit.lean:5476:0: 'CategoryTheory.Abelian.Ext.AcyclicResolution.tail_i' depends on axioms: [propext, Classical.choice, Quot.sound]
info: Lib/AxiomAudit.lean:5478:0: 'CategoryTheory.Abelian.Ext.AcyclicResolution.i_d' depends on axioms: [propext, Classical.choice, Quot.sound]
info: Lib/AxiomAudit.lean:5480:0: 'CategoryTheory.Abelian.Ext.AcyclicResolution.Hom.noConfusion' depends on axioms: [propext,
info: Lib/AxiomAudit.lean:5482:0: 'CategoryTheory.Abelian.Ext.AcyclicResolution.mk.inj' depends on axioms: [propext, Classical.choice, Quot.sound]
info: Lib/AxiomAudit.lean:5484:0: 'CategoryTheory.Abelian.Ext.AcyclicResolution.Hom.evaluatedWindowIso_inv_naturality_assoc' depends on axioms: [propext,
info: Lib/AxiomAudit.lean:5486:0: 'CategoryTheory.Abelian.Ext.AcyclicResolution.Hom.casesOn' depends on axioms: [propext, Classical.choice, Quot.sound]
info: Lib/AxiomAudit.lean:5488:0: 'CategoryTheory.Abelian.Ext.AcyclicResolution.trunc_X₁' depends on axioms: [propext, Classical.choice, Quot.sound]
info: Lib/AxiomAudit.lean:5490:0: 'CategoryTheory.Abelian.Ext.AcyclicResolution.isAcyclicFor_tail' depends on axioms: [propext,
info: Lib/AxiomAudit.lean:5492:0: 'CategoryTheory.Abelian.Ext.AcyclicResolution.rec' depends on axioms: [propext, Classical.choice, Quot.sound]
info: Lib/AxiomAudit.lean:5494:0: 'CategoryTheory.Abelian.Ext.AcyclicResolution.recOn' depends on axioms: [propext, Classical.choice, Quot.sound]
info: Lib/AxiomAudit.lean:5496:0: 'CategoryTheory.Abelian.Ext.AcyclicResolution.zero' depends on axioms: [propext, Classical.choice, Quot.sound]
info: Lib/AxiomAudit.lean:5498:0: 'CategoryTheory.Abelian.Ext.AcyclicResolution.Hom.stepMap' depends on axioms: [propext, Classical.choice, Quot.sound]
info: Lib/AxiomAudit.lean:5500:0: 'CategoryTheory.Abelian.Ext.AcyclicResolution.finiteStaircaseHomOne' depends on axioms: [propext,
info: Lib/AxiomAudit.lean:5502:0: 'CategoryTheory.Abelian.Ext.AcyclicResolution.noConfusion' depends on axioms: [propext, Classical.choice, Quot.sound]
info: Lib/AxiomAudit.lean:5504:0: 'CategoryTheory.Abelian.Ext.AcyclicResolution.Hom.evaluatedLocalIso_naturality_assoc' depends on axioms: [propext,
info: Lib/AxiomAudit.lean:5506:0: 'CategoryTheory.Abelian.Ext.AcyclicResolution.Hom.mk.noConfusion' depends on axioms: [propext,
info: Lib/AxiomAudit.lean:5508:0: 'CategoryTheory.Abelian.Ext.AcyclicResolution.evaluatedComplex' depends on axioms: [propext,
info: Lib/AxiomAudit.lean:5510:0: 'CategoryTheory.Abelian.Ext.AcyclicResolution.shiftIso_zero' depends on axioms: [propext, Classical.choice, Quot.sound]
info: Lib/AxiomAudit.lean:5512:0: 'CategoryTheory.Abelian.Ext.AcyclicResolution.d_p' depends on axioms: [propext, Classical.choice, Quot.sound]
info: Lib/AxiomAudit.lean:5514:0: 'CategoryTheory.Abelian.Ext.AcyclicResolution.Hom.d_naturality_assoc' depends on axioms: [propext,
info: Lib/AxiomAudit.lean:5516:0: 'CategoryTheory.Abelian.Ext.AcyclicResolution.d_comp_d' depends on axioms: [propext, Classical.choice, Quot.sound]
info: Lib/AxiomAudit.lean:5518:0: 'CategoryTheory.Abelian.Ext.AcyclicResolution.Hom.comm_i' depends on axioms: [propext, Classical.choice, Quot.sound]
info: Lib/AxiomAudit.lean:5520:0: 'CategoryTheory.Abelian.Ext.AcyclicResolution.evaluatedComplex_d' depends on axioms: [propext,
info: Lib/AxiomAudit.lean:5522:0: 'CategoryTheory.Abelian.Ext.AcyclicResolution.Hom.ctorIdx' depends on axioms: [propext, Classical.choice, Quot.sound]
info: Lib/AxiomAudit.lean:5524:0: 'CategoryTheory.Abelian.Ext.AcyclicResolution.shiftIso_succ' depends on axioms: [propext, Classical.choice, Quot.sound]
info: Lib/AxiomAudit.lean:5526:0: 'CategoryTheory.Abelian.Ext.AcyclicResolution.trunc_F' depends on axioms: [propext, Classical.choice, Quot.sound]
info: Lib/AxiomAudit.lean:5528:0: 'CategoryTheory.Abelian.Ext.AcyclicResolution.localExtIso_hom_zero' depends on axioms: [propext,
info: Lib/AxiomAudit.lean:5530:0: 'CategoryTheory.Abelian.Ext.AcyclicResolution.Hom' depends on axioms: [propext, Classical.choice, Quot.sound]
info: Lib/AxiomAudit.lean:5532:0: 'CategoryTheory.Abelian.Ext.AcyclicResolution.Hom.comp_x' depends on axioms: [propext, Classical.choice, Quot.sound]
info: Lib/AxiomAudit.lean:5534:0: 'CategoryTheory.Abelian.Ext.AcyclicResolution.mk.injEq' depends on axioms: [propext, Classical.choice, Quot.sound]
info: Lib/AxiomAudit.lean:5536:0: 'CategoryTheory.Abelian.Ext.AcyclicResolution.Hom.noConfusionType' depends on axioms: [propext,
info: Lib/AxiomAudit.lean:5538:0: 'CategoryTheory.Abelian.Ext.AcyclicResolution.evaluatedLocalIso' depends on axioms: [propext,
info: Lib/AxiomAudit.lean:5540:0: 'CategoryTheory.Abelian.Ext.AcyclicResolution.d_comp_d_assoc' depends on axioms: [propext, Classical.choice, Quot.sound]
info: Lib/AxiomAudit.lean:5542:0: 'CategoryTheory.Abelian.Ext.AcyclicResolution.Hom.evaluatedComplexMap' depends on axioms: [propext,
info: Lib/AxiomAudit.lean:5544:0: 'CategoryTheory.Abelian.Ext.AcyclicResolution.Hom.comm_i_assoc' depends on axioms: [propext,
info: Lib/AxiomAudit.lean:5546:0: 'CategoryTheory.Abelian.Ext.AcyclicResolution.Hom.localExtIso_naturality' depends on axioms: [propext,
info: Lib/AxiomAudit.lean:5548:0: 'CategoryTheory.Abelian.Ext.AcyclicResolution.Hom.comp' depends on axioms: [propext, Classical.choice, Quot.sound]
info: Lib/AxiomAudit.lean:5550:0: 'CategoryTheory.Abelian.Ext.AcyclicResolution.Hom.truncMap' depends on axioms: [propext, Classical.choice, Quot.sound]
info: Lib/AxiomAudit.lean:5552:0: 'CategoryTheory.Abelian.Ext.AcyclicResolution.tail' depends on axioms: [propext, Classical.choice, Quot.sound]
info: Lib/AxiomAudit.lean:5554:0: 'CategoryTheory.Abelian.Ext.AcyclicResolution.extIsoHomology' depends on axioms: [propext, Classical.choice, Quot.sound]
info: Lib/AxiomAudit.lean:5556:0: 'CategoryTheory.Abelian.Ext.connecting_bijective' depends on axioms: [propext, Classical.choice, Quot.sound]
info: Lib/AxiomAudit.lean:5558:0: 'CategoryTheory.Abelian.Ext.AcyclicResolution.trunc' depends on axioms: [propext, Classical.choice, Quot.sound]
info: Lib/AxiomAudit.lean:5560:0: 'CategoryTheory.Abelian.Ext.AcyclicResolution.localExtIso_hom_two' depends on axioms: [propext,
info: Lib/AxiomAudit.lean:5562:0: 'CategoryTheory.Abelian.Ext.AcyclicResolution.ctorIdx' depends on axioms: [propext, Classical.choice, Quot.sound]
info: Lib/AxiomAudit.lean:5564:0: 'CategoryTheory.Abelian.Ext.AcyclicResolution.Hom.mk' depends on axioms: [propext, Classical.choice, Quot.sound]
info: Lib/AxiomAudit.lean:5566:0: 'CategoryTheory.Abelian.Ext.AcyclicResolution.Hom.id' depends on axioms: [propext, Classical.choice, Quot.sound]
info: Lib/AxiomAudit.lean:5568:0: 'CategoryTheory.Abelian.Ext.AcyclicResolution' depends on axioms: [propext, Classical.choice, Quot.sound]
info: Lib/AxiomAudit.lean:5570:0: 'CategoryTheory.Abelian.Ext.AcyclicResolution.localComplex_exact' depends on axioms: [propext,
info: Lib/AxiomAudit.lean:5572:0: 'CategoryTheory.Abelian.Ext.connectingIso_inv_naturality_assoc' depends on axioms: [propext,
info: Lib/AxiomAudit.lean:5574:0: 'CategoryTheory.Abelian.Ext.AcyclicResolution.augmentedStep_exact' depends on axioms: [propext,
info: Lib/AxiomAudit.lean:5576:0: 'CategoryTheory.Abelian.Ext.AcyclicResolution.Hom.complexMap_comp' depends on axioms: [propext,
info: Lib/AxiomAudit.lean:5578:0: 'CategoryTheory.Abelian.Ext.AcyclicResolution.Hom.rec' depends on axioms: [propext, Classical.choice, Quot.sound]
info: Lib/AxiomAudit.lean:5580:0: 'CategoryTheory.Abelian.Ext.AcyclicResolution.localComplex' depends on axioms: [propext, Classical.choice, Quot.sound]
info: Lib/AxiomAudit.lean:5582:0: 'CategoryTheory.Abelian.Ext.AcyclicResolution.finiteStaircaseHomZero' depends on axioms: [propext,
info: Lib/AxiomAudit.lean:5584:0: 'CategoryTheory.Abelian.Ext.AcyclicResolution.tail_X' depends on axioms: [propext, Classical.choice, Quot.sound]
info: Lib/AxiomAudit.lean:5586:0: 'CategoryTheory.Abelian.Ext.AcyclicResolution.casesOn' depends on axioms: [propext, Classical.choice, Quot.sound]
info: Lib/AxiomAudit.lean:5588:0: 'CategoryTheory.Abelian.Ext.AcyclicResolution.Hom.comm_p' depends on axioms: [propext, Classical.choice, Quot.sound]
info: Lib/AxiomAudit.lean:5590:0: 'CategoryTheory.Abelian.Ext.AcyclicResolution.mk' depends on axioms: [propext, Classical.choice, Quot.sound]
info: Lib/AxiomAudit.lean:5592:0: 'CategoryTheory.Abelian.Ext.AcyclicResolution.Hom.comm_i_assoc_assoc' depends on axioms: [propext,
info: Lib/AxiomAudit.lean:5594:0: 'CategoryTheory.Abelian.Ext.AcyclicResolution.Hom.evaluatedComplexMap_comp' depends on axioms: [propext,
info: Lib/AxiomAudit.lean:5596:0: 'CategoryTheory.Abelian.Ext.AcyclicResolution.step' depends on axioms: [propext, Classical.choice, Quot.sound]
info: Lib/AxiomAudit.lean:5601:0: 'CategoryTheory.Abelian.Ext.AcyclicResolutionH2.tail' depends on axioms: [propext, Classical.choice, Quot.sound]
info: Lib/AxiomAudit.lean:5603:0: 'CategoryTheory.Abelian.Ext.AcyclicResolutionH3.mk' depends on axioms: [propext, Classical.choice, Quot.sound]
info: Lib/AxiomAudit.lean:5605:0: 'CategoryTheory.Abelian.Ext.AcyclicResolutionH3.extThreeIso' depends on axioms: [propext, Classical.choice, Quot.sound]
info: Lib/AxiomAudit.lean:5607:0: 'CategoryTheory.Abelian.Ext.AcyclicResolutionH2' depends on axioms: [propext, Classical.choice, Quot.sound]
info: Lib/AxiomAudit.lean:5609:0: 'CategoryTheory.Abelian.Ext.AcyclicResolutionH2.extTwoIso' depends on axioms: [propext, Classical.choice, Quot.sound]
info: Lib/AxiomAudit.lean:5611:0: 'CategoryTheory.Abelian.Ext.AcyclicResolutionH3.rec' depends on axioms: [propext, Classical.choice, Quot.sound]
info: Lib/AxiomAudit.lean:5613:0: 'CategoryTheory.Abelian.Ext.AcyclicResolutionH3.mk.inj' depends on axioms: [propext, Classical.choice, Quot.sound]
info: Lib/AxiomAudit.lean:5615:0: 'CategoryTheory.Abelian.Ext.AcyclicResolutionH3' depends on axioms: [propext, Classical.choice, Quot.sound]
info: Lib/AxiomAudit.lean:5617:0: 'CategoryTheory.Abelian.Ext.AcyclicResolutionH2.X₄' depends on axioms: [propext, Classical.choice, Quot.sound]
info: Lib/AxiomAudit.lean:5619:0: 'CategoryTheory.Abelian.Ext.AcyclicResolutionH3.zero₃' depends on axioms: [propext, Classical.choice, Quot.sound]
info: Lib/AxiomAudit.lean:5621:0: 'CategoryTheory.Abelian.Ext.AcyclicResolutionH2.d₂' depends on axioms: [propext, Classical.choice, Quot.sound]
info: Lib/AxiomAudit.lean:5623:0: 'CategoryTheory.Abelian.Ext.AcyclicResolutionH3.mk.injEq' depends on axioms: [propext, Classical.choice, Quot.sound]
info: Lib/AxiomAudit.lean:5625:0: 'CategoryTheory.Abelian.Ext.AcyclicResolutionH2.mk.inj' depends on axioms: [propext, Classical.choice, Quot.sound]
info: Lib/AxiomAudit.lean:5627:0: 'CategoryTheory.Abelian.Ext.AcyclicResolutionH2.recOn' depends on axioms: [propext, Classical.choice, Quot.sound]
info: Lib/AxiomAudit.lean:5629:0: 'CategoryTheory.Abelian.Ext.AcyclicResolutionH3.noConfusion' depends on axioms: [propext, Classical.choice, Quot.sound]
info: Lib/AxiomAudit.lean:5631:0: 'CategoryTheory.Abelian.Ext.AcyclicResolutionH3.d₃' depends on axioms: [propext, Classical.choice, Quot.sound]
info: Lib/AxiomAudit.lean:5633:0: 'CategoryTheory.Abelian.Ext.AcyclicResolutionH2.noConfusion' depends on axioms: [propext, Classical.choice, Quot.sound]
info: Lib/AxiomAudit.lean:5635:0: 'CategoryTheory.Abelian.Ext.AcyclicResolutionH3.recOn' depends on axioms: [propext, Classical.choice, Quot.sound]
info: Lib/AxiomAudit.lean:5637:0: 'CategoryTheory.Abelian.Ext.AcyclicResolutionH2.mk.injEq' depends on axioms: [propext, Classical.choice, Quot.sound]
info: Lib/AxiomAudit.lean:5639:0: 'CategoryTheory.Abelian.Ext.AcyclicResolutionH3.X₅' depends on axioms: [propext, Classical.choice, Quot.sound]
info: Lib/AxiomAudit.lean:5641:0: 'CategoryTheory.Abelian.Ext.AcyclicResolutionH2.mk.noConfusion' depends on axioms: [propext,
info: Lib/AxiomAudit.lean:5643:0: 'CategoryTheory.Abelian.Ext.AcyclicResolutionH2.trunc' depends on axioms: [propext, Classical.choice, Quot.sound]
info: Lib/AxiomAudit.lean:5645:0: 'CategoryTheory.Abelian.Ext.AcyclicResolutionH2.ctorIdx' depends on axioms: [propext, Classical.choice, Quot.sound]
info: Lib/AxiomAudit.lean:5647:0: 'CategoryTheory.Abelian.Ext.AcyclicResolutionH2.zero₂' depends on axioms: [propext, Classical.choice, Quot.sound]
info: Lib/AxiomAudit.lean:5649:0: 'CategoryTheory.Abelian.Ext.AcyclicResolutionH2.casesOn' depends on axioms: [propext, Classical.choice, Quot.sound]
info: Lib/AxiomAudit.lean:5651:0: 'CategoryTheory.Abelian.Ext.AcyclicResolutionH2.mk' depends on axioms: [propext, Classical.choice, Quot.sound]
info: Lib/AxiomAudit.lean:5653:0: 'CategoryTheory.Abelian.Ext.AcyclicResolutionH3.mk.noConfusion' depends on axioms: [propext,
info: Lib/AxiomAudit.lean:5655:0: 'CategoryTheory.Abelian.Ext.AcyclicResolutionH3.casesOn' depends on axioms: [propext, Classical.choice, Quot.sound]
info: Lib/AxiomAudit.lean:5657:0: 'CategoryTheory.Abelian.Ext.AcyclicResolutionH2.rec' depends on axioms: [propext, Classical.choice, Quot.sound]
info: Lib/AxiomAudit.lean:5659:0: 'CategoryTheory.Abelian.Ext.AcyclicResolutionH2.exact₂' depends on axioms: [propext, Classical.choice, Quot.sound]
info: Lib/AxiomAudit.lean:5661:0: 'CategoryTheory.Abelian.Ext.AcyclicResolutionH2.noConfusionType' depends on axioms: [propext,
info: Lib/AxiomAudit.lean:5663:0: 'CategoryTheory.Abelian.Ext.AcyclicResolutionH3.ctorIdx' depends on axioms: [propext, Classical.choice, Quot.sound]
info: Lib/AxiomAudit.lean:5665:0: 'CategoryTheory.Abelian.Ext.AcyclicResolutionH3.noConfusionType' depends on axioms: [propext,
info: Lib/AxiomAudit.lean:5667:0: 'CategoryTheory.Abelian.Ext.AcyclicResolutionH3.toAcyclicResolutionH2' depends on axioms: [propext,
info: Lib/AxiomAudit.lean:5669:0: 'CategoryTheory.Abelian.Ext.AcyclicResolutionH3.tail' depends on axioms: [propext, Classical.choice, Quot.sound]
info: Lib/AxiomAudit.lean:5671:0: 'CategoryTheory.Abelian.Ext.AcyclicResolutionH3.exact₃' depends on axioms: [propext, Classical.choice, Quot.sound]
info: Lib/AxiomAudit.lean:5676:0: 'CategoryTheory.Abelian.Ext.AcyclicResolution.iIsKernel' depends on axioms: [propext, Classical.choice, Quot.sound]
info: Lib/AxiomAudit.lean:5678:0: 'CategoryTheory.Abelian.Ext.AcyclicResolution.stepToFirst_τ₃' depends on axioms: [propext, Classical.choice, Quot.sound]
info: Lib/AxiomAudit.lean:5680:0: 'CategoryTheory.Abelian.Ext.AcyclicResolution.stepToKernelFirst_τ₃' depends on axioms: [propext,
info: Lib/AxiomAudit.lean:5682:0: 'CategoryTheory.Abelian.Ext.AcyclicResolution.toAcyclicResolutionH2_tail' depends on axioms: [propext,
info: Lib/AxiomAudit.lean:5684:0: 'CategoryTheory.Abelian.Ext.AcyclicResolution.localExtIso_two_legacy_compatibility' depends on axioms: [propext,
info: Lib/AxiomAudit.lean:5686:0: 'CategoryTheory.Abelian.Ext.AcyclicResolution.legacyExtThreeHom_compatibility' depends on axioms: [propext,
info: Lib/AxiomAudit.lean:5688:0: 'CategoryTheory.Abelian.Ext.AcyclicResolution.p_nextCycleIso' depends on axioms: [propext, Classical.choice, Quot.sound]
info: Lib/AxiomAudit.lean:5690:0: 'CategoryTheory.Abelian.Ext.AcyclicResolution.stepToKernelFirst' depends on axioms: [propext,
info: Lib/AxiomAudit.lean:5692:0: 'CategoryTheory.Abelian.Ext.AcyclicResolution.legacyExtTwoHom' depends on axioms: [propext,
info: Lib/AxiomAudit.lean:5694:0: 'CategoryTheory.Abelian.Ext.AcyclicResolution.legacyExtTwoHom_compatibility' depends on axioms: [propext,
info: Lib/AxiomAudit.lean:5696:0: 'CategoryTheory.Abelian.Ext.AcyclicResolution.kernelTrunc' depends on axioms: [propext, Classical.choice, Quot.sound]
info: Lib/AxiomAudit.lean:5698:0: 'CategoryTheory.Abelian.Ext.AcyclicResolution.nextCycleIso_hom_kernel_ι' depends on axioms: [propext,
info: Lib/AxiomAudit.lean:5700:0: 'CategoryTheory.Abelian.Ext.AcyclicResolution.stepToFirst' depends on axioms: [propext, Classical.choice, Quot.sound]
info: Lib/AxiomAudit.lean:5702:0: 'CategoryTheory.Abelian.Ext.AcyclicResolution.stepToFirst_τ₁' depends on axioms: [propext, Classical.choice, Quot.sound]
info: Lib/AxiomAudit.lean:5704:0: 'CategoryTheory.Abelian.Ext.AcyclicResolution.truncToKernelTrunc' depends on axioms: [propext,
info: Lib/AxiomAudit.lean:5706:0: 'CategoryTheory.Abelian.Ext.AcyclicResolution.toAcyclicResolutionH2' depends on axioms: [propext,
info: Lib/AxiomAudit.lean:5708:0: 'CategoryTheory.Abelian.Ext.AcyclicResolution.nextCycleIso' depends on axioms: [propext, Classical.choice, Quot.sound]
info: Lib/AxiomAudit.lean:5710:0: 'CategoryTheory.Abelian.Ext.AcyclicResolution.toAcyclicResolutionH3' depends on axioms: [propext,
info: Lib/AxiomAudit.lean:5712:0: 'CategoryTheory.Abelian.Ext.AcyclicResolution.stepToKernelFirst_τ₁' depends on axioms: [propext,
info: Lib/AxiomAudit.lean:5714:0: 'CategoryTheory.Abelian.Ext.AcyclicResolution.toAcyclicResolutionH3_secondTail' depends on axioms: [propext,
info: Lib/AxiomAudit.lean:5716:0: 'CategoryTheory.Abelian.Ext.AcyclicResolution.nextCycleIso_hom_kernel_ι_assoc' depends on axioms: [propext,
info: Lib/AxiomAudit.lean:5718:0: 'CategoryTheory.Abelian.Ext.AcyclicResolution.localExtIso_one_legacy_compatibility' depends on axioms: [propext,
info: Lib/AxiomAudit.lean:5720:0: 'CategoryTheory.Abelian.Ext.AcyclicResolution.toAcyclicResolutionH2_trunc' depends on axioms: [propext,
info: Lib/AxiomAudit.lean:5722:0: 'CategoryTheory.Abelian.Ext.AcyclicResolution.legacyExtThreeHom' depends on axioms: [propext,
info: Lib/AxiomAudit.lean:5724:0: 'CategoryTheory.Abelian.Ext.AcyclicResolution.toAcyclicResolutionH3_firstTail' depends on axioms: [propext,
info: Lib/AxiomAudit.lean:5729:0: 'TopCat.Sheaf.FiniteSupport.skyscraperAt' depends on axioms: [propext, Classical.choice, Quot.sound]
info: Lib/AxiomAudit.lean:5731:0: 'TopCat.Sheaf.FiniteSupport.skyscraperAtTopIso' depends on axioms: [propext, Classical.choice, Quot.sound]
info: Lib/AxiomAudit.lean:5733:0: 'TopCat.Sheaf.FiniteSupport.sectionsBiprodIso' depends on axioms: [propext, Classical.choice, Quot.sound]
info: Lib/AxiomAudit.lean:5735:0: 'TopCat.Sheaf.FiniteSupport.globalSectionsIsoOfSkyscraperBiprodIso' depends on axioms: [propext,
info: Lib/AxiomAudit.lean:5737:0: 'TopCat.Sheaf.FiniteSupport.globalSectionsEquivOfSkyscraperBiprodIso' depends on axioms: [propext,
info: Lib/AxiomAudit.lean:5742:0: 'TopCat.Sheaf.FiniteSupport.toSkyscraperAt' depends on axioms: [propext, Classical.choice, Quot.sound]
info: Lib/AxiomAudit.lean:5744:0: 'TopCat.Sheaf.FiniteSupport.skyscraperAtTopIso_hom_eqToHom' depends on axioms: [propext, Classical.choice, Quot.sound]
info: Lib/AxiomAudit.lean:5746:0: 'TopCat.Sheaf.FiniteSupport.toSkyscraperAt_top' depends on axioms: [propext, Classical.choice, Quot.sound]
info: Lib/AxiomAudit.lean:5748:0: 'TopCat.Sheaf.FiniteSupport.toSkyscraperBiprod' depends on axioms: [propext, Classical.choice, Quot.sound]
info: Lib/AxiomAudit.lean:5750:0: 'TopCat.Sheaf.FiniteSupport.skyscraperBiprodIsoOfStalkwiseIso' depends on axioms: [propext,
info: Lib/AxiomAudit.lean:5752:0: 'TopCat.Sheaf.FiniteSupport.globalSectionsIsoOfStalkwiseSkyscraperBiprod_hom_comp_fst' depends on axioms: [propext,
info: Lib/AxiomAudit.lean:5754:0: 'TopCat.Sheaf.FiniteSupport.globalSectionsIsoOfStalkwiseSkyscraperBiprod_hom_comp_snd' depends on axioms: [propext,
info: Lib/AxiomAudit.lean:5756:0: 'TopCat.Sheaf.FiniteSupport.globalSectionsEquivOfStalkwiseSkyscraperBiprod_apply' depends on axioms: [propext,
info: Lib/AxiomAudit.lean:5761:0: 'TopCat.SingularSmallChains.smallCochain_boundary_of_restriction_boundary_succ' depends on axioms: [propext,
info: Lib/AxiomAudit.lean:5763:0: 'TopCat.SingularSmallChains.smallCochain_cocycle_lift_exact_succ' depends on axioms: [propext,
info: Lib/AxiomAudit.lean:5765:0: 'TopCat.SingularSmallChains.cochainRestriction_homologyMap_isIso' depends on axioms: [propext,
info: Lib/AxiomAudit.lean:5770:0: 'CochainComplex.homotopy_on_cocycle_succ' depends on axioms: [propext, Classical.choice, Quot.sound]
info: Lib/AxiomAudit.lean:5775:0: 'CategoryTheory.Abelian.Ext.ExactAugmentedCochainComplex.initialExact' depends on axioms: [propext,
info: Lib/AxiomAudit.lean:5777:0: 'CategoryTheory.Abelian.Ext.ExactAugmentedCochainComplex.p_i' depends on axioms: [propext, Classical.choice, Quot.sound]
info: Lib/AxiomAudit.lean:5779:0: 'CategoryTheory.Abelian.Ext.ExactAugmentedCochainComplex.step_shortExact' depends on axioms: [propext,
info: Lib/AxiomAudit.lean:5781:0: 'CategoryTheory.Abelian.Ext.ExactAugmentedCochainComplex.recOn' depends on axioms: [propext,
info: Lib/AxiomAudit.lean:5783:0: 'CategoryTheory.Abelian.Ext.ExactAugmentedCochainComplex.zero' depends on axioms: [propext,
info: Lib/AxiomAudit.lean:5785:0: 'CategoryTheory.Abelian.Ext.ExactAugmentedCochainComplex.rec' depends on axioms: [propext, Classical.choice, Quot.sound]
info: Lib/AxiomAudit.lean:5787:0: 'CategoryTheory.Abelian.Ext.ExactAugmentedCochainComplex.toAcyclicResolution_d' depends on axioms: [propext,
info: Lib/AxiomAudit.lean:5789:0: 'CategoryTheory.Abelian.Ext.ExactAugmentedCochainComplex.toAcyclicResolution_X' depends on axioms: [propext,
info: Lib/AxiomAudit.lean:5791:0: 'CategoryTheory.Abelian.Ext.ExactAugmentedCochainComplex.resolutionComplexIso' depends on axioms: [propext,
info: Lib/AxiomAudit.lean:5793:0: 'CategoryTheory.Abelian.Ext.ExactAugmentedCochainComplex.F' depends on axioms: [propext, Classical.choice, Quot.sound]
info: Lib/AxiomAudit.lean:5795:0: 'CategoryTheory.Abelian.Ext.ExactAugmentedCochainComplex.ι' depends on axioms: [propext, Classical.choice, Quot.sound]
info: Lib/AxiomAudit.lean:5797:0: 'CategoryTheory.Abelian.Ext.ExactAugmentedCochainComplex' depends on axioms: [propext, Classical.choice, Quot.sound]
info: Lib/AxiomAudit.lean:5799:0: 'CategoryTheory.Abelian.Ext.ExactAugmentedCochainComplex.Z' depends on axioms: [propext, Classical.choice, Quot.sound]
info: Lib/AxiomAudit.lean:5801:0: 'CategoryTheory.Abelian.Ext.ExactAugmentedCochainComplex.i' depends on axioms: [propext, Classical.choice, Quot.sound]
info: Lib/AxiomAudit.lean:5803:0: 'CategoryTheory.Abelian.Ext.ExactAugmentedCochainComplex.mono_i' depends on axioms: [propext,
info: Lib/AxiomAudit.lean:5805:0: 'CategoryTheory.Abelian.Ext.ExactAugmentedCochainComplex.epi_p' depends on axioms: [propext,
info: Lib/AxiomAudit.lean:5807:0: 'CategoryTheory.Abelian.Ext.ExactAugmentedCochainComplex.noConfusion' depends on axioms: [propext,
info: Lib/AxiomAudit.lean:5809:0: 'CategoryTheory.Abelian.Ext.ExactAugmentedCochainComplex.mono_ι' depends on axioms: [propext,
info: Lib/AxiomAudit.lean:5811:0: 'CategoryTheory.Abelian.Ext.ExactAugmentedCochainComplex.toAcyclicResolution_i_zero' depends on axioms: [propext,
info: Lib/AxiomAudit.lean:5813:0: 'CategoryTheory.Abelian.Ext.ExactAugmentedCochainComplex.unfactoredStep' depends on axioms: [propext,
info: Lib/AxiomAudit.lean:5815:0: 'CategoryTheory.Abelian.Ext.ExactAugmentedCochainComplex.stepToUnfactored' depends on axioms: [propext,
info: Lib/AxiomAudit.lean:5817:0: 'CategoryTheory.Abelian.Ext.ExactAugmentedCochainComplex.toAcyclicResolution_Z_zero' depends on axioms: [propext,
info: Lib/AxiomAudit.lean:5819:0: 'CategoryTheory.Abelian.Ext.ExactAugmentedCochainComplex.i_p' depends on axioms: [propext, Classical.choice, Quot.sound]
info: Lib/AxiomAudit.lean:5821:0: 'CategoryTheory.Abelian.Ext.ExactAugmentedCochainComplex.noConfusionType' depends on axioms: [propext,
info: Lib/AxiomAudit.lean:5823:0: 'CategoryTheory.Abelian.Ext.ExactAugmentedCochainComplex.step_exact' depends on axioms: [propext,
info: Lib/AxiomAudit.lean:5825:0: 'CategoryTheory.Abelian.Ext.ExactAugmentedCochainComplex.p' depends on axioms: [propext, Classical.choice, Quot.sound]
info: Lib/AxiomAudit.lean:5827:0: 'CategoryTheory.Abelian.Ext.ExactAugmentedCochainComplex.unfactoredStep_exact' depends on axioms: [propext,
info: Lib/AxiomAudit.lean:5829:0: 'CategoryTheory.Abelian.Ext.ExactAugmentedCochainComplex.step' depends on axioms: [propext,
info: Lib/AxiomAudit.lean:5831:0: 'CategoryTheory.Abelian.Ext.ExactAugmentedCochainComplex.mk' depends on axioms: [propext, Classical.choice, Quot.sound]
info: Lib/AxiomAudit.lean:5833:0: 'CategoryTheory.Abelian.Ext.ExactAugmentedCochainComplex.toAcyclicResolution' depends on axioms: [propext,
info: Lib/AxiomAudit.lean:5835:0: 'CategoryTheory.Abelian.Ext.ExactAugmentedCochainComplex.casesOn' depends on axioms: [propext,
info: Lib/AxiomAudit.lean:5837:0: 'CategoryTheory.Abelian.Ext.ExactAugmentedCochainComplex.mk.injEq' depends on axioms: [propext,
info: Lib/AxiomAudit.lean:5839:0: 'CategoryTheory.Abelian.Ext.ExactAugmentedCochainComplex.p_i_assoc' depends on axioms: [propext,
info: Lib/AxiomAudit.lean:5841:0: 'CategoryTheory.Abelian.Ext.ExactAugmentedCochainComplex.ctorIdx' depends on axioms: [propext,
info: Lib/AxiomAudit.lean:5843:0: 'CategoryTheory.Abelian.Ext.ExactAugmentedCochainComplex.positiveExact' depends on axioms: [propext,
info: Lib/AxiomAudit.lean:5845:0: 'CategoryTheory.Abelian.Ext.ExactAugmentedCochainComplex.mk.noConfusion' depends on axioms: [propext,
info: Lib/AxiomAudit.lean:5847:0: 'CategoryTheory.Abelian.Ext.ExactAugmentedCochainComplex.complex' depends on axioms: [propext,
info: Lib/AxiomAudit.lean:5849:0: 'CategoryTheory.Abelian.Ext.ExactAugmentedCochainComplex.i_p_assoc' depends on axioms: [propext,
info: Lib/AxiomAudit.lean:5851:0: 'CategoryTheory.Abelian.Ext.ExactAugmentedCochainComplex.mk.inj' depends on axioms: [propext,
info: Lib/AxiomAudit.lean:5856:0: 'CategoryTheory.Abelian.Ext.postcomp_f_two_bijective_of_subsingleton_quotient' depends on axioms: [propext,
info: Lib/AxiomAudit.lean:5858:0: 'CategoryTheory.Abelian.Ext.extTwoEquivMiddleOfSubsingletonQuotient' depends on axioms: [propext,
info: Lib/AxiomAudit.lean:5860:0: 'CategoryTheory.Abelian.Ext.extTwoEquivMiddleOfSubsingletonQuotient_apply' depends on axioms: [propext,
info: Lib/AxiomAudit.lean:5865:0: 'CategoryTheory.Abelian.Ext.postcompFZeroToKerPostcompG' depends on axioms: [propext, Classical.choice, Quot.sound]
info: Lib/AxiomAudit.lean:5867:0: 'CategoryTheory.Abelian.Ext.postcompFZeroToKerPostcompG_bijective' depends on axioms: [propext,
info: Lib/AxiomAudit.lean:5869:0: 'CategoryTheory.Abelian.Ext.extZeroEquivKerPostcompG' depends on axioms: [propext, Classical.choice, Quot.sound]
info: Lib/AxiomAudit.lean:5871:0: 'CategoryTheory.Abelian.Ext.extZeroEquivKerPostcompG_apply' depends on axioms: [propext, Classical.choice, Quot.sound]
info: Lib/AxiomAudit.lean:5873:0: 'CategoryTheory.Abelian.Ext.range_postcomp_g_zero_eq_ker_connecting' depends on axioms: [propext,
info: Lib/AxiomAudit.lean:5875:0: 'CategoryTheory.Abelian.Ext.connecting_zero_one_surjective_of_subsingleton_middle' depends on axioms: [propext,
info: Lib/AxiomAudit.lean:5877:0: 'CategoryTheory.Abelian.Ext.quotientRangePostcompGEquivExtOne' depends on axioms: [propext,
info: Lib/AxiomAudit.lean:5879:0: 'CategoryTheory.Abelian.Ext.quotientRangePostcompGEquivExtOne_mk' depends on axioms: [propext,
info: Lib/AxiomAudit.lean:5881:0: 'CategoryTheory.Abelian.Ext.subsingleton_ext_one_iff_postcomp_g_zero_surjective' depends on axioms: [propext,
info: Lib/AxiomAudit.lean:5886:0: 'TopCat.SheafCohomology.AcyclicInDegreesOneTwo' depends on axioms: [propext, Classical.choice, Quot.sound]
info: Lib/AxiomAudit.lean:5888:0: 'TopCat.SheafCohomology.AcyclicInDegreesOneTwo.mk' depends on axioms: [propext, Classical.choice, Quot.sound]
info: Lib/AxiomAudit.lean:5890:0: 'TopCat.SheafCohomology.AcyclicInDegreesOneTwo.hOne' depends on axioms: [propext, Classical.choice, Quot.sound]
info: Lib/AxiomAudit.lean:5892:0: 'TopCat.SheafCohomology.AcyclicInDegreesOneTwo.hTwo' depends on axioms: [propext, Classical.choice, Quot.sound]
info: Lib/AxiomAudit.lean:5894:0: 'TopCat.SheafCohomology.AcyclicInDegreesOneTwo.rec' depends on axioms: [propext, Classical.choice, Quot.sound]
info: Lib/AxiomAudit.lean:5896:0: 'TopCat.SheafCohomology.AcyclicInDegreesOneTwo.recOn' depends on axioms: [propext, Classical.choice, Quot.sound]
info: Lib/AxiomAudit.lean:5898:0: 'TopCat.SheafCohomology.AcyclicInDegreesOneTwo.casesOn' depends on axioms: [propext, Classical.choice, Quot.sound]
info: Lib/AxiomAudit.lean:5900:0: 'TopCat.SheafCohomology.hTwoMap_bijective_of_subsingleton_quotient' depends on axioms: [propext,
info: Lib/AxiomAudit.lean:5902:0: 'TopCat.SheafCohomology.hTwoEquivMiddleOfSubsingletonQuotient' depends on axioms: [propext,
info: Lib/AxiomAudit.lean:5904:0: 'TopCat.SheafCohomology.hTwoEquivMiddleOfAcyclicQuotient' depends on axioms: [propext, Classical.choice, Quot.sound]
info: Lib/AxiomAudit.lean:5906:0: 'TopCat.SheafCohomology.hTwoEquivMiddleOfSubsingletonQuotient_apply' depends on axioms: [propext,
info: Lib/AxiomAudit.lean:5911:0: 'TopCat.SheafCohomology.hZeroMap_surjective_iff_globalSections_surjective' depends on axioms: [propext,
info: Lib/AxiomAudit.lean:5913:0: 'TopCat.SheafCohomology.subsingleton_hOne_iff_globalSections_surjective' depends on axioms: [propext,
info: Lib/AxiomAudit.lean:5918:0: 'TopCat.SheafCohomology.GlobalSections' depends on axioms: [propext, Classical.choice, Quot.sound]
info: Lib/AxiomAudit.lean:5920:0: 'TopCat.SheafCohomology.topSectionsMap' depends on axioms: [propext, Classical.choice, Quot.sound]
info: Lib/AxiomAudit.lean:5922:0: 'TopCat.SheafCohomology.globalSectionsSubobjectEquivKer' depends on axioms: [propext, Classical.choice, Quot.sound]
info: Lib/AxiomAudit.lean:5924:0: 'TopCat.SheafCohomology.globalSectionsSubobjectEquivKer_apply_val' depends on axioms: [propext,
info: Lib/AxiomAudit.lean:5929:0: 'TopCat.Sheaf.FiniteSupport.stalkSkyscraperAtIso' depends on axioms: [propext, Classical.choice, Quot.sound]
info: Lib/AxiomAudit.lean:5931:0: 'TopCat.Sheaf.FiniteSupport.stalkMap_toSkyscraperAt_comp_counit' depends on axioms: [propext,
info: Lib/AxiomAudit.lean:5933:0: 'TopCat.Sheaf.FiniteSupport.sheafStalkBiprodIso' depends on axioms: [propext, Classical.choice, Quot.sound]
info: Lib/AxiomAudit.lean:5935:0: 'TopCat.Sheaf.FiniteSupport.stalkMap_toSkyscraperBiprod_comp_mapBiprod' depends on axioms: [propext,
info: Lib/AxiomAudit.lean:5937:0: 'TopCat.Sheaf.FiniteSupport.stalkMap_toSkyscraperBiprod_comp_mapBiprod_assoc' depends on axioms: [propext,
info: Lib/AxiomAudit.lean:5939:0: 'TopCat.Sheaf.FiniteSupport.skyscraperAt_stalk_isZero_of_ne' depends on axioms: [propext, Classical.choice, Quot.sound]
info: Lib/AxiomAudit.lean:5941:0: 'TopCat.Sheaf.FiniteSupport.isIso_stalkFunctor_map_toSkyscraperBiprod_at_left' depends on axioms: [propext,
info: Lib/AxiomAudit.lean:5943:0: 'TopCat.Sheaf.FiniteSupport.isIso_stalkFunctor_map_toSkyscraperBiprod_at_right' depends on axioms: [propext,
info: Lib/AxiomAudit.lean:5945:0: 'TopCat.Sheaf.FiniteSupport.isIso_stalkFunctor_map_toSkyscraperBiprod' depends on axioms: [propext,
info: Lib/AxiomAudit.lean:5947:0: 'TopCat.Sheaf.FiniteSupport.skyscraperBiprodIsoOfTwoPointSupport' depends on axioms: [propext,
info: Lib/AxiomAudit.lean:5952:0: 'CategoryTheory.Abelian.Ext.AcyclicResolution.map' depends on axioms: [propext, Classical.choice, Quot.sound]
info: Lib/AxiomAudit.lean:5954:0: 'CategoryTheory.Abelian.Ext.AcyclicResolution.map_Z' depends on axioms: [propext, Classical.choice, Quot.sound]
info: Lib/AxiomAudit.lean:5956:0: 'CategoryTheory.Abelian.Ext.AcyclicResolution.map_X' depends on axioms: [propext, Classical.choice, Quot.sound]
info: Lib/AxiomAudit.lean:5958:0: 'CategoryTheory.Abelian.Ext.AcyclicResolution.map_i' depends on axioms: [propext, Classical.choice, Quot.sound]
info: Lib/AxiomAudit.lean:5960:0: 'CategoryTheory.Abelian.Ext.AcyclicResolution.map_p' depends on axioms: [propext, Classical.choice, Quot.sound]
info: Lib/AxiomAudit.lean:5962:0: 'CategoryTheory.Abelian.Ext.AcyclicResolution.map_d' depends on axioms: [propext, Classical.choice, Quot.sound]
info: Lib/AxiomAudit.lean:5964:0: 'CategoryTheory.Abelian.Ext.AcyclicResolution.comparisonHom' depends on axioms: [propext, Classical.choice, Quot.sound]
info: Lib/AxiomAudit.lean:5966:0: 'CategoryTheory.Abelian.Ext.AcyclicResolution.evaluatedComplexMap' depends on axioms: [propext,
info: Lib/AxiomAudit.lean:5968:0: 'CategoryTheory.Abelian.Ext.AcyclicResolution.isAcyclicFor_map_of_surjective' depends on axioms: [propext,
info: Lib/AxiomAudit.lean:5970:0: 'CategoryTheory.Abelian.Ext.AcyclicResolution.shiftIso_naturality' depends on axioms: [propext,
info: Lib/AxiomAudit.lean:5972:0: 'CategoryTheory.Abelian.Ext.AcyclicResolution.shiftIso_naturality_assoc' depends on axioms: [propext,
info: Lib/AxiomAudit.lean:5974:0: 'CategoryTheory.Abelian.Ext.AcyclicResolution.truncComparison' depends on axioms: [propext,
info: Lib/AxiomAudit.lean:5976:0: 'CategoryTheory.Abelian.Ext.AcyclicResolution.truncExtZeroMap' depends on axioms: [propext,
info: Lib/AxiomAudit.lean:5978:0: 'CategoryTheory.Abelian.Ext.AcyclicResolution.truncExtOneIso_naturality' depends on axioms: [propext,
info: Lib/AxiomAudit.lean:5980:0: 'CategoryTheory.Abelian.Ext.AcyclicResolution.localExtIso_naturality' depends on axioms: [propext,
info: Lib/AxiomAudit.lean:5982:0: 'CategoryTheory.Abelian.Ext.AcyclicResolution.localExtIso_naturality_assoc' depends on axioms: [propext,
info: Lib/AxiomAudit.lean:5984:0: 'CategoryTheory.Abelian.Ext.AcyclicResolution.truncExtZeroMap_evaluatedLocalIso' depends on axioms: [propext,
info: Lib/AxiomAudit.lean:5986:0: 'CategoryTheory.Abelian.Ext.AcyclicResolution.truncExtZeroMap_evaluatedLocalIso_assoc' depends on axioms: [propext,
info: Lib/AxiomAudit.lean:5988:0: 'CategoryTheory.Abelian.Ext.AcyclicResolution.truncExtZeroHomology_naturality' depends on axioms: [propext,
info: Lib/AxiomAudit.lean:5990:0: 'CategoryTheory.Abelian.Ext.AcyclicResolution.truncExtZeroHomology_naturality_assoc' depends on axioms: [propext,
info: Lib/AxiomAudit.lean:5992:0: 'CategoryTheory.Abelian.Ext.AcyclicResolution.evaluatedWindowIso_inv_naturality' depends on axioms: [propext,
info: Lib/AxiomAudit.lean:5994:0: 'CategoryTheory.Abelian.Ext.AcyclicResolution.evaluatedWindowIso_inv_naturality_assoc' depends on axioms: [propext,
info: Lib/AxiomAudit.lean:5996:0: 'CategoryTheory.Abelian.Ext.AcyclicResolution.extIsoHomology_naturality' depends on axioms: [propext,
info: Lib/AxiomAudit.lean:5998:0: 'CategoryTheory.Abelian.Ext.AcyclicResolution.extIsoHomology_naturality_assoc' depends on axioms: [propext,
info: Lib/AxiomAudit.lean:6003:0: 'AlgebraicTopology.SingularCochains.cohomology_subsingleton_of_homotopyEquiv' depends on axioms: [propext,
info: Lib/AxiomAudit.lean:6005:0: 'AlgebraicTopology.SingularCochains.cohomology_subsingleton_iff_of_homotopyEquiv' depends on axioms: [propext,
info: Lib/AxiomAudit.lean:6007:0: 'AlgebraicTopology.SingularCochains.cohomology_subsingleton_iff_of_homeomorph' depends on axioms: [propext,
info: Lib/AxiomAudit.lean:6009:0: 'AlgebraicTopology.SingularCochains.pointCohomology_subsingleton' depends on axioms: [propext,
info: Lib/AxiomAudit.lean:6011:0: 'AlgebraicTopology.SingularCochains.contractibleCohomology_subsingleton' depends on axioms: [propext,
info: Lib/AxiomAudit.lean:6013:0: 'AlgebraicTopology.SingularCochains.uliftIntCohomology_subsingleton_of_projective_of_homology' depends on axioms: [propext,
info: Lib/AxiomAudit.lean:6015:0: 'AlgebraicTopology.SingularCochains.uliftIntCohomology_subsingleton_of_adjacent_homology' depends on axioms: [propext,
info: Lib/AxiomAudit.lean:6020:0: 'TopCat.SingularCochainSheaf.globalCochainComparison_cycle_lift_succ' depends on axioms: [propext,
info: Lib/AxiomAudit.lean:6022:0: 'TopCat.SingularCochainSheaf.globalCochainComparison_boundary_detect_succ' depends on axioms: [propext,
info: Lib/AxiomAudit.lean:6024:0: 'TopCat.SingularCochainSheaf.globalCochainComparison_homology_isIso_succ_of_small_chains' depends on axioms: [propext,
info: Lib/AxiomAudit.lean:6026:0: 'TopCat.SingularCochainSheaf.globalCochainComparison_homology_isIso_succ' depends on axioms: [propext,
info: Lib/AxiomAudit.lean:6031:0: 'TopCat.SheafCohomology.AcyclicResolution.Resolution' depends on axioms: [propext, Classical.choice, Quot.sound]
info: Lib/AxiomAudit.lean:6033:0: 'TopCat.SheafCohomology.AcyclicResolution.globalComplex' depends on axioms: [propext, Classical.choice, Quot.sound]
info: Lib/AxiomAudit.lean:6035:0: 'TopCat.SheafCohomology.AcyclicResolution.IsAcyclic' depends on axioms: [propext, Classical.choice, Quot.sound]
info: Lib/AxiomAudit.lean:6037:0: 'TopCat.SheafCohomology.AcyclicResolution.isAcyclicFor' depends on axioms: [propext, Classical.choice, Quot.sound]
info: Lib/AxiomAudit.lean:6039:0: 'TopCat.SheafCohomology.AcyclicResolution.extZeroGlobalIso' depends on axioms: [propext, Classical.choice, Quot.sound]
info: Lib/AxiomAudit.lean:6041:0: 'TopCat.SheafCohomology.AcyclicResolution.extIsoGlobalHomology' depends on axioms: [propext,
info: Lib/AxiomAudit.lean:6043:0: 'TopCat.SheafCohomology.AcyclicResolution.Hom.globalComplexMap' depends on axioms: [propext,
info: Lib/AxiomAudit.lean:6045:0: 'TopCat.SheafCohomology.AcyclicResolution.Hom.globalComplexMap_id' depends on axioms: [propext,
info: Lib/AxiomAudit.lean:6047:0: 'TopCat.SheafCohomology.AcyclicResolution.Hom.globalComplexMap_comp' depends on axioms: [propext,
info: Lib/AxiomAudit.lean:6049:0: 'TopCat.SheafCohomology.AcyclicResolution.Hom.extZeroGlobalIso_naturality' depends on axioms: [propext,
info: Lib/AxiomAudit.lean:6051:0: 'TopCat.SheafCohomology.AcyclicResolution.Hom.extZeroGlobalIso_naturality_assoc' depends on axioms: [propext,
info: Lib/AxiomAudit.lean:6053:0: 'TopCat.SheafCohomology.AcyclicResolution.Hom.extIsoGlobalHomology_naturality' depends on axioms: [propext,
info: Lib/AxiomAudit.lean:6058:0: 'TopCat.SingularCochainSheaf.exactAugmentedComplex' depends on axioms: [propext, Classical.choice, Quot.sound]
info: Lib/AxiomAudit.lean:6060:0: 'TopCat.SingularCochainSheaf.resolution' depends on axioms: [propext, Classical.choice, Quot.sound]
info: Lib/AxiomAudit.lean:6062:0: 'TopCat.SingularCochainSheaf.resolution_Z_zero' depends on axioms: [propext, Classical.choice, Quot.sound]
info: Lib/AxiomAudit.lean:6064:0: 'TopCat.SingularCochainSheaf.resolution_X' depends on axioms: [propext, Classical.choice, Quot.sound]
info: Lib/AxiomAudit.lean:6066:0: 'TopCat.SingularCochainSheaf.resolution_d' depends on axioms: [propext, Classical.choice, Quot.sound]
info: Lib/AxiomAudit.lean:6068:0: 'TopCat.SingularCochainSheaf.resolution_isAcyclic' depends on axioms: [propext, Classical.choice, Quot.sound]
info: Lib/AxiomAudit.lean:6070:0: 'TopCat.SingularCochainSheaf.resolutionGlobalComplexIso' depends on axioms: [propext, Classical.choice, Quot.sound]
info: Lib/AxiomAudit.lean:6075:0: 'TopCat.SingularCochainSheaf.constantSheafGlobalIso' depends on axioms: [propext, Classical.choice, Quot.sound]
info: Lib/AxiomAudit.lean:6077:0: 'TopCat.SingularCochainSheaf.globalCochainComparison_homology_isIso_succ_of_metrizable' depends on axioms: [propext,
info: Lib/AxiomAudit.lean:6079:0: 'TopCat.SingularCochainSheaf.constantSheafCohomologyIsoSingular' depends on axioms: [propext,
info: Lib/AxiomAudit.lean:6081:0: 'TopCat.SingularCochainSheaf.constantSheafCohomologyIsoSingular_global' depends on axioms: [propext,
info: Lib/AxiomAudit.lean:6083:0: 'TopCat.SingularCochainSheaf.constantSheafCohomologyIsoSingular_global_assoc' depends on axioms: [propext,
info: Lib/AxiomAudit.lean:6085:0: 'TopCat.SingularCochainSheaf.constantSheafCohomologyIsoSingular_naturality_of_global' depends on axioms: [propext,
info: Lib/AxiomAudit.lean:6090:0: 'TopCat.SingularCochainSheaf.constantSheafCohomology_subsingleton_iff_singular' depends on axioms: [propext,
info: Lib/AxiomAudit.lean:6092:0: 'TopCat.SingularCochainSheaf.constantSheafCohomology_succ_subsingleton_of_contractible' depends on axioms: [propext,
info: Lib/AxiomAudit.lean:6097:0: 'TopCat.FiniteClosedPushforward.mapIndexedResolution' depends on axioms: [propext, Classical.choice, Quot.sound]
info: Lib/AxiomAudit.lean:6099:0: 'TopCat.FiniteClosedPushforward.mapIndexedResolution_d' depends on axioms: [propext, Classical.choice, Quot.sound]
info: Lib/AxiomAudit.lean:6101:0: 'TopCat.FiniteClosedPushforward.mapIndexedResolution_isAcyclic' depends on axioms: [propext,
info: Lib/AxiomAudit.lean:6103:0: 'TopCat.FiniteClosedPushforward.indexedEvaluatedComplexForwardMap' depends on axioms: [propext,
info: Lib/AxiomAudit.lean:6105:0: 'TopCat.FiniteClosedPushforward.indexedGlobalComplexIso' depends on axioms: [propext, Classical.choice, Quot.sound]
info: Lib/AxiomAudit.lean:6107:0: 'TopCat.FiniteClosedPushforward.indexedExtZeroGlobal_forward' depends on axioms: [propext, Classical.choice, Quot.sound]
info: Lib/AxiomAudit.lean:6109:0: 'TopCat.FiniteClosedPushforward.pushedIndexedGlobalIso' depends on axioms: [propext, Classical.choice, Quot.sound]
info: Lib/AxiomAudit.lean:6111:0: 'TopCat.FiniteClosedPushforward.indexedGlobal_forward' depends on axioms: [propext, Classical.choice, Quot.sound]
info: Lib/AxiomAudit.lean:6116:0: 'TopCat.SingularCochainSheaf.resolutionCyclePullback' depends on axioms: [propext, Classical.choice, Quot.sound]
info: Lib/AxiomAudit.lean:6118:0: 'TopCat.SingularCochainSheaf.resolutionCyclePullback_i' depends on axioms: [propext, Classical.choice, Quot.sound]
info: Lib/AxiomAudit.lean:6120:0: 'TopCat.SingularCochainSheaf.resolutionCyclePullback_i_assoc' depends on axioms: [propext, Classical.choice, Quot.sound]
info: Lib/AxiomAudit.lean:6122:0: 'TopCat.SingularCochainSheaf.resolutionPullback' depends on axioms: [propext, Classical.choice, Quot.sound]
info: Lib/AxiomAudit.lean:6124:0: 'TopCat.SingularCochainSheaf.resolutionPullback_globalComplex' depends on axioms: [propext,
info: Lib/AxiomAudit.lean:6126:0: 'TopCat.SingularCochainSheaf.constantSheafGlobalIso_naturality' depends on axioms: [propext,
info: Lib/AxiomAudit.lean:6128:0: 'TopCat.SingularCochainSheaf.constantSheafCohomologyIsoSingular_naturality' depends on axioms: [propext,
info: Lib/AxiomAudit.lean:6130:0: 'TopCat.SingularCochainSheaf.constantSheafCohomology_pullback_isIso_of_singular' depends on axioms: [propext,
info: Lib/AxiomAudit.lean:6135:0: 'TopCat.ConstantProductPositive.nativePullback_isIso_of_comparison' depends on axioms: [propext,
info: Lib/AxiomAudit.lean:6137:0: 'TopCat.ConstantProductPositive.nativePullback_basedFibreInclusion_isIso_of_comparison_naturality' depends on axioms: [propext,
info: Lib/AxiomAudit.lean:6139:0: 'TopCat.ConstantProductPositive.nativePullback_basedFibreInclusion_isIso' depends on axioms: [propext,
info: Lib/AxiomAudit.lean:6141:0: 'TopCat.ConstantProductPositive.nativePullback_basedFibreInclusion_eq_of_comparison_naturality' depends on axioms: [propext,
info: Lib/AxiomAudit.lean:6143:0: 'TopCat.ConstantProductPositive.nativePullback_basedFibreInclusion_eq' depends on axioms: [propext,
info: Lib/AxiomAudit.lean:6148:0: 'CategoryTheory.Sheaf.Leray.FibreStalkEvaluation.canonicalDerivedStalkEvaluation_isIso_of_cofinal_bijectivePositive' depends on axioms: [propext,
info: Lib/AxiomAudit.lean:6150:0: 'CategoryTheory.Sheaf.Leray.FibreStalkEvaluation.ConstantPointFibre.canonicalStalkToFibrePositive_isIso_of_cofinal_bijective' depends on axioms: [propext,
info: Lib/AxiomAudit.lean:6155:0: 'TopCat.Sheaf.exists_preimage_of_stalkwise_mem_range' depends on axioms: [propext, Classical.choice, Quot.sound]
info: Lib/AxiomAudit.lean:6160:0: 'LinearMap.domainEquivIntOfInjectiveOfNonzero' depends on axioms: [propext, Classical.choice, Quot.sound]
info: Lib/AxiomAudit.lean:6162:0: 'LinearMap.ne_zero_iff_apply_equivInt_symm_one' depends on axioms: [propext, Quot.sound]
info: Lib/AxiomAudit.lean:6167:0: 'TopCat.Presheaf.app_exists_preimage_iff_stalkwise_exists_preimage' depends on axioms: [propext,
info: Lib/AxiomAudit.lean:6172:0: 'TopologicalSpace.IsOpenCover.presheafCechComplexFunctor' depends on axioms: [propext, Classical.choice, Quot.sound]
info: Lib/AxiomAudit.lean:6174:0: 'TopologicalSpace.IsOpenCover.sheafCechComplexFunctor' depends on axioms: [propext, Classical.choice, Quot.sound]
info: Lib/AxiomAudit.lean:6176:0: 'TopologicalSpace.IsOpenCover.presheafCechCohomologyFunctor' depends on axioms: [propext, Classical.choice, Quot.sound]
info: Lib/AxiomAudit.lean:6178:0: 'TopologicalSpace.IsOpenCover.sheafCechCohomologyFunctor' depends on axioms: [propext, Classical.choice, Quot.sound]
info: Lib/AxiomAudit.lean:6180:0: 'TopologicalSpace.IsOpenCover.presheafCechComplexFunctor_obj' depends on axioms: [propext, Classical.choice, Quot.sound]
info: Lib/AxiomAudit.lean:6182:0: 'TopologicalSpace.IsOpenCover.sheafCechComplexFunctor_obj' depends on axioms: [propext, Classical.choice, Quot.sound]
info: Lib/AxiomAudit.lean:6184:0: 'TopologicalSpace.IsOpenCover.presheafCechCohomologyFunctor_obj' depends on axioms: [propext,
info: Lib/AxiomAudit.lean:6186:0: 'TopologicalSpace.IsOpenCover.sheafCechCohomologyFunctor_obj' depends on axioms: [propext, Classical.choice, Quot.sound]
info: Lib/AxiomAudit.lean:6191:0: 'TopologicalSpace.OpenCover.OrderedSimplex' depends on axioms: [propext]
info: Lib/AxiomAudit.lean:6193:0: 'TopologicalSpace.OpenCover.OrderedSimplex.face' depends on axioms: [propext, Quot.sound]
info: Lib/AxiomAudit.lean:6195:0: 'TopologicalSpace.OpenCover.OrderedSimplex.face_apply' depends on axioms: [propext, Quot.sound]
info: Lib/AxiomAudit.lean:6197:0: 'TopologicalSpace.OpenCover.OrderedSimplex.face_face_swap' depends on axioms: [propext, Classical.choice, Quot.sound]
info: Lib/AxiomAudit.lean:6199:0: 'TopologicalSpace.OpenCover.OrderedSimplex.intersection' depends on axioms: [propext, Classical.choice, Quot.sound]
info: Lib/AxiomAudit.lean:6201:0: 'TopologicalSpace.OpenCover.OrderedSimplex.coe_intersection' depends on axioms: [propext, Classical.choice, Quot.sound]
info: Lib/AxiomAudit.lean:6203:0: 'TopologicalSpace.OpenCover.OrderedSimplex.mem_intersection_iff' depends on axioms: [propext,
info: Lib/AxiomAudit.lean:6205:0: 'TopologicalSpace.OpenCover.OrderedSimplex.intersection_le' depends on axioms: [propext, Classical.choice, Quot.sound]
info: Lib/AxiomAudit.lean:6207:0: 'TopologicalSpace.OpenCover.OrderedSimplex.intersection_le_face' depends on axioms: [propext,
info: Lib/AxiomAudit.lean:6209:0: 'TopologicalSpace.OpenCover.OrderedSimplex.faceHom' depends on axioms: [propext, Classical.choice, Quot.sound]
info: Lib/AxiomAudit.lean:6211:0: 'TopologicalSpace.OpenCover.OrderedCech.object' depends on axioms: [propext, Classical.choice, Quot.sound]
info: Lib/AxiomAudit.lean:6213:0: 'TopologicalSpace.OpenCover.OrderedCech.π' depends on axioms: [propext, Classical.choice, Quot.sound]
info: Lib/AxiomAudit.lean:6215:0: 'TopologicalSpace.OpenCover.OrderedCech.coface' depends on axioms: [propext, Classical.choice, Quot.sound]
info: Lib/AxiomAudit.lean:6217:0: 'TopologicalSpace.OpenCover.OrderedCech.coface_π' depends on axioms: [propext, Classical.choice, Quot.sound]
info: Lib/AxiomAudit.lean:6219:0: 'TopologicalSpace.OpenCover.OrderedCech.coface_comp_coface' depends on axioms: [propext, Classical.choice, Quot.sound]
info: Lib/AxiomAudit.lean:6221:0: 'TopologicalSpace.OpenCover.OrderedCech.differential' depends on axioms: [propext, Classical.choice, Quot.sound]
info: Lib/AxiomAudit.lean:6223:0: 'TopologicalSpace.OpenCover.OrderedCech.differential_π' depends on axioms: [propext, Classical.choice, Quot.sound]
info: Lib/AxiomAudit.lean:6225:0: 'TopologicalSpace.OpenCover.OrderedCech.differential_comp_differential' depends on axioms: [propext,
info: Lib/AxiomAudit.lean:6227:0: 'TopologicalSpace.OpenCover.OrderedCech.complex' depends on axioms: [propext, Classical.choice, Quot.sound]
info: Lib/AxiomAudit.lean:6229:0: 'TopologicalSpace.OpenCover.OrderedCech.complex_X' depends on axioms: [propext, Classical.choice, Quot.sound]
info: Lib/AxiomAudit.lean:6231:0: 'TopologicalSpace.OpenCover.OrderedCech.complex_d' depends on axioms: [propext, Classical.choice, Quot.sound]
info: Lib/AxiomAudit.lean:6236:0: 'TopologicalSpace.OpenCover.IndexTuple.intersection' depends on axioms: [propext, Classical.choice, Quot.sound]
info: Lib/AxiomAudit.lean:6238:0: 'TopologicalSpace.OpenCover.IndexTuple.face' does not depend on any axioms
info: Lib/AxiomAudit.lean:6240:0: 'TopologicalSpace.OpenCover.IndexTuple.intersection_le_face' depends on axioms: [propext, Classical.choice, Quot.sound]
info: Lib/AxiomAudit.lean:6242:0: 'TopologicalSpace.OpenCover.IndexTuple.faceHom' depends on axioms: [propext, Classical.choice, Quot.sound]
info: Lib/AxiomAudit.lean:6244:0: 'TopologicalSpace.OpenCover.IndexTuple.intersection_comp_equiv' depends on axioms: [propext,
info: Lib/AxiomAudit.lean:6246:0: 'TopologicalSpace.OpenCover.IndexTuple.deletePerm' depends on axioms: [propext, Classical.choice, Quot.sound]
info: Lib/AxiomAudit.lean:6248:0: 'TopologicalSpace.OpenCover.IndexTuple.succAbove_deletePerm' depends on axioms: [propext, Classical.choice, Quot.sound]
info: Lib/AxiomAudit.lean:6250:0: 'TopologicalSpace.OpenCover.IndexTuple.sign_deletePerm' depends on axioms: [propext, Classical.choice, Quot.sound]
info: Lib/AxiomAudit.lean:6252:0: 'TopologicalSpace.OpenCover.IndexTuple.deletePerm_sort_eq_sort_face' depends on axioms: [propext,
info: Lib/AxiomAudit.lean:6254:0: 'TopologicalSpace.OpenCover.IndexTuple.sign_sort_face' depends on axioms: [propext, Classical.choice, Quot.sound]
info: Lib/AxiomAudit.lean:6256:0: 'TopologicalSpace.OpenCover.IndexTuple.sortedSimplex' depends on axioms: [propext, Classical.choice, Quot.sound]
info: Lib/AxiomAudit.lean:6258:0: 'TopologicalSpace.OpenCover.IndexTuple.sortedSimplex_apply' depends on axioms: [propext, Classical.choice, Quot.sound]
info: Lib/AxiomAudit.lean:6260:0: 'TopologicalSpace.OpenCover.IndexTuple.sortedSimplex_intersection' depends on axioms: [propext,
info: Lib/AxiomAudit.lean:6262:0: 'TopologicalSpace.OpenCover.IndexTuple.sortedSimplex_coe' depends on axioms: [propext, Classical.choice, Quot.sound]
info: Lib/AxiomAudit.lean:6264:0: 'TopologicalSpace.OpenCover.IndexTuple.sortedSimplex_face' depends on axioms: [propext, Classical.choice, Quot.sound]
info: Lib/AxiomAudit.lean:6266:0: 'TopologicalSpace.OpenCover.Refinement.intersection_le' depends on axioms: [propext, Classical.choice, Quot.sound]
info: Lib/AxiomAudit.lean:6268:0: 'TopologicalSpace.OpenCover.Refinement.intersectionHom' depends on axioms: [propext, Classical.choice, Quot.sound]
info: Lib/AxiomAudit.lean:6270:0: 'TopologicalSpace.OpenCover.Refinement.orderedIntersectionHom' depends on axioms: [propext,
info: Lib/AxiomAudit.lean:6272:0: 'TopologicalSpace.OpenCover.OrderedCech.alternatingEvaluation' depends on axioms: [propext,
info: Lib/AxiomAudit.lean:6274:0: 'TopologicalSpace.OpenCover.OrderedCech.alternatingEvaluation_of_not_injective' depends on axioms: [propext,
info: Lib/AxiomAudit.lean:6276:0: 'TopologicalSpace.OpenCover.OrderedCech.alternatingEvaluation_of_injective' depends on axioms: [propext,
info: Lib/AxiomAudit.lean:6278:0: 'TopologicalSpace.OpenCover.OrderedCech.alternatingEvaluation_ordered' depends on axioms: [propext,
info: Lib/AxiomAudit.lean:6280:0: 'TopologicalSpace.OpenCover.OrderedCech.alternatingEvaluation_comp_equiv' depends on axioms: [propext,
info: Lib/AxiomAudit.lean:6282:0: 'TopologicalSpace.OpenCover.OrderedCech.differential_comp_alternatingEvaluation' depends on axioms: [propext,
info: Lib/AxiomAudit.lean:6284:0: 'TopologicalSpace.OpenCover.OrderedCech.refinementMapDegree' depends on axioms: [propext, Classical.choice, Quot.sound]
info: Lib/AxiomAudit.lean:6286:0: 'TopologicalSpace.OpenCover.OrderedCech.refinementMapDegree_π' depends on axioms: [propext,
info: Lib/AxiomAudit.lean:6288:0: 'TopologicalSpace.OpenCover.OrderedCech.refinementMapDegree_comp_differential' depends on axioms: [propext,
info: Lib/AxiomAudit.lean:6290:0: 'TopologicalSpace.OpenCover.OrderedCech.refinementMap' depends on axioms: [propext, Classical.choice, Quot.sound]
info: Lib/AxiomAudit.lean:6292:0: 'TopologicalSpace.OpenCover.OrderedCech.refinementMap_f' depends on axioms: [propext, Classical.choice, Quot.sound]
info: Lib/AxiomAudit.lean:6294:0: 'TopologicalSpace.OpenCover.OrderedCech.refinementMap_f_π' depends on axioms: [propext, Classical.choice, Quot.sound]
info: Lib/AxiomAudit.lean:6298:0: 'TopologicalSpace.OpenCover.IndexTuple.prism' depends on axioms: [propext, Quot.sound]
info: Lib/AxiomAudit.lean:6300:0: 'TopologicalSpace.OpenCover.IndexTuple.face_prism_zero_zero' depends on axioms: [propext, Classical.choice, Quot.sound]
info: Lib/AxiomAudit.lean:6302:0: 'TopologicalSpace.OpenCover.IndexTuple.face_prism_last_last' depends on axioms: [propext, Classical.choice, Quot.sound]
info: Lib/AxiomAudit.lean:6304:0: 'TopologicalSpace.OpenCover.IndexTuple.face_prism_succ_of_le' depends on axioms: [propext, Classical.choice, Quot.sound]
info: Lib/AxiomAudit.lean:6306:0: 'TopologicalSpace.OpenCover.IndexTuple.face_prism_succ_eq_face_prism_castSucc' depends on axioms: [propext,
info: Lib/AxiomAudit.lean:6308:0: 'TopologicalSpace.OpenCover.IndexTuple.face_prism_castSucc_of_lt' depends on axioms: [propext,
info: Lib/AxiomAudit.lean:6310:0: 'TopologicalSpace.OpenCover.IndexTuple.Subordinate' depends on axioms: [propext, Quot.sound]
info: Lib/AxiomAudit.lean:6312:0: 'TopologicalSpace.OpenCover.IndexTuple.Subordinate.intersection_le' depends on axioms: [propext,
info: Lib/AxiomAudit.lean:6314:0: 'TopologicalSpace.OpenCover.IndexTuple.Subordinate.face' depends on axioms: [propext, Quot.sound]
info: Lib/AxiomAudit.lean:6316:0: 'TopologicalSpace.OpenCover.IndexTuple.Subordinate.prism' depends on axioms: [propext, Quot.sound]
info: Lib/AxiomAudit.lean:6318:0: 'TopologicalSpace.OpenCover.Refinement.orderedSubordinate' depends on axioms: [propext, Classical.choice, Quot.sound]
info: Lib/AxiomAudit.lean:6320:0: 'TopologicalSpace.OpenCover.OrderedCech.restrictedAlternatingEvaluation' depends on axioms: [propext,
info: Lib/AxiomAudit.lean:6322:0: 'TopologicalSpace.OpenCover.OrderedCech.restrictedAlternatingEvaluation_congr' depends on axioms: [propext,
info: Lib/AxiomAudit.lean:6324:0: 'TopologicalSpace.OpenCover.OrderedCech.restrictedAlternatingEvaluation_comp_map' depends on axioms: [propext,
info: Lib/AxiomAudit.lean:6326:0: 'TopologicalSpace.OpenCover.OrderedCech.differential_comp_restrictedAlternatingEvaluation' depends on axioms: [propext,
info: Lib/AxiomAudit.lean:6328:0: 'TopologicalSpace.OpenCover.OrderedCech.prismComponent' depends on axioms: [propext, Classical.choice, Quot.sound]
info: Lib/AxiomAudit.lean:6330:0: 'TopologicalSpace.OpenCover.OrderedCech.prismComponent_comp_map' depends on axioms: [propext,
info: Lib/AxiomAudit.lean:6332:0: 'TopologicalSpace.OpenCover.OrderedCech.prismComponent_congr' depends on axioms: [propext, Classical.choice, Quot.sound]
info: Lib/AxiomAudit.lean:6334:0: 'TopologicalSpace.OpenCover.OrderedCech.differential_comp_prismComponent_zero' depends on axioms: [propext,
info: Lib/AxiomAudit.lean:6336:0: 'TopologicalSpace.OpenCover.OrderedCech.differential_comp_prismComponent_succ' depends on axioms: [propext,
info: Lib/AxiomAudit.lean:6338:0: 'TopologicalSpace.OpenCover.OrderedCech.refinementPrismDegree' depends on axioms: [propext,
info: Lib/AxiomAudit.lean:6340:0: 'TopologicalSpace.OpenCover.OrderedCech.refinementPrismDegree_π' depends on axioms: [propext,
info: Lib/AxiomAudit.lean:6342:0: 'TopologicalSpace.OpenCover.OrderedCech.differential_comp_refinementPrismDegree_zero' depends on axioms: [propext,
info: Lib/AxiomAudit.lean:6344:0: 'TopologicalSpace.OpenCover.OrderedCech.differential_comp_refinementPrismDegree_succ' depends on axioms: [propext,
info: Lib/AxiomAudit.lean:6346:0: 'TopologicalSpace.OpenCover.OrderedCech.refinementPrismHom' depends on axioms: [propext, Classical.choice, Quot.sound]
info: Lib/AxiomAudit.lean:6348:0: 'TopologicalSpace.OpenCover.OrderedCech.refinementPrismHom_succ' depends on axioms: [propext,
info: Lib/AxiomAudit.lean:6350:0: 'TopologicalSpace.OpenCover.OrderedCech.refinementPrismHom_zero' depends on axioms: [propext,
info: Lib/AxiomAudit.lean:6352:0: 'TopologicalSpace.OpenCover.OrderedCech.refinementMapHomotopy' depends on axioms: [propext,
info: Lib/AxiomAudit.lean:6354:0: 'TopologicalSpace.OpenCover.OrderedCech.refinementMap_homologyMap_eq' depends on axioms: [propext,
info: Lib/AxiomAudit.lean:6359:0: 'TopologicalSpace.OpenCover.SetOpenCover' depends on axioms: [propext, Classical.choice, Quot.sound]
info: Lib/AxiomAudit.lean:6361:0: 'TopologicalSpace.OpenCover.SetOpenCover.Index' depends on axioms: [propext, Classical.choice, Quot.sound]
info: Lib/AxiomAudit.lean:6363:0: 'TopologicalSpace.OpenCover.SetOpenCover.family' depends on axioms: [propext, Classical.choice, Quot.sound]
info: Lib/AxiomAudit.lean:6365:0: 'TopologicalSpace.OpenCover.SetOpenCover.refinementOfLE' depends on axioms: [propext, Classical.choice, Quot.sound]
info: Lib/AxiomAudit.lean:6367:0: 'TopologicalSpace.OpenCover.SetOpenCover.singletonTop' depends on axioms: [propext, Classical.choice, Quot.sound]
info: Lib/AxiomAudit.lean:6369:0: 'TopologicalSpace.OpenCover.SetOpenCover.commonRefinement' depends on axioms: [propext, Classical.choice, Quot.sound]
info: Lib/AxiomAudit.lean:6371:0: 'TopologicalSpace.OpenCover.SetOpenCover.commonRefinementLeft' depends on axioms: [propext,
info: Lib/AxiomAudit.lean:6373:0: 'TopologicalSpace.OpenCover.SetOpenCover.commonRefinementRight' depends on axioms: [propext,
info: Lib/AxiomAudit.lean:6378:0: 'TopologicalSpace.OpenCover.SetOpenCover.rangeCover' depends on axioms: [propext, Classical.choice, Quot.sound]
info: Lib/AxiomAudit.lean:6380:0: 'TopologicalSpace.OpenCover.SetOpenCover.rangeCoverRefinement' depends on axioms: [propext,
info: Lib/AxiomAudit.lean:6382:0: 'TopologicalSpace.OpenCover.SetOpenCover.rangeCover_multiplicityLE' depends on axioms: [propext,
info: Lib/AxiomAudit.lean:6384:0: 'HasCoveringDimensionLE.exists_multiplicityLE_refinement' depends on axioms: [propext, Classical.choice, Quot.sound]
info: Lib/AxiomAudit.lean:6389:0: 'TopologicalSpace.OpenCover.SetOpenCover.IsLocallyFinite' depends on axioms: [propext, Classical.choice, Quot.sound]
info: Lib/AxiomAudit.lean:6391:0: 'TopologicalSpace.OpenCover.SetOpenCover.rangeCover_isLocallyFinite' depends on axioms: [propext,
info: Lib/AxiomAudit.lean:6393:0: 'TopologicalSpace.OpenCover.SetOpenCover.exists_isLocallyFinite_refinement' depends on axioms: [propext,
info: Lib/AxiomAudit.lean:6398:0: 'TopologicalSpace.OpenCover.Shrinking' depends on axioms: [propext, Classical.choice, Quot.sound]
info: Lib/AxiomAudit.lean:6400:0: 'TopologicalSpace.OpenCover.Shrinking.family' depends on axioms: [propext, Classical.choice, Quot.sound]
info: Lib/AxiomAudit.lean:6402:0: 'TopologicalSpace.OpenCover.Shrinking.isOpenCover' depends on axioms: [propext, Classical.choice, Quot.sound]
info: Lib/AxiomAudit.lean:6404:0: 'TopologicalSpace.OpenCover.Shrinking.closure_subset' depends on axioms: [propext, Classical.choice, Quot.sound]
info: Lib/AxiomAudit.lean:6406:0: 'TopologicalSpace.OpenCover.Shrinking.refinement' depends on axioms: [propext, Classical.choice, Quot.sound]
info: Lib/AxiomAudit.lean:6408:0: 'TopologicalSpace.OpenCover.exists_shrinking_of_isLocallyFinite' depends on axioms: [propext,
info: Lib/AxiomAudit.lean:6410:0: 'TopologicalSpace.OpenCover.SetOpenCover.ShrinkableRefinement' depends on axioms: [propext,
info: Lib/AxiomAudit.lean:6412:0: 'TopologicalSpace.OpenCover.SetOpenCover.ShrinkableRefinement.fine' depends on axioms: [propext,
info: Lib/AxiomAudit.lean:6414:0: 'TopologicalSpace.OpenCover.SetOpenCover.ShrinkableRefinement.refines' depends on axioms: [propext,
info: Lib/AxiomAudit.lean:6416:0: 'TopologicalSpace.OpenCover.SetOpenCover.ShrinkableRefinement.locallyFinite' depends on axioms: [propext,
info: Lib/AxiomAudit.lean:6418:0: 'TopologicalSpace.OpenCover.SetOpenCover.ShrinkableRefinement.shrinking' depends on axioms: [propext,
info: Lib/AxiomAudit.lean:6420:0: 'TopologicalSpace.OpenCover.SetOpenCover.exists_isLocallyFinite_shrinkable_refinement' depends on axioms: [propext,
info: Lib/AxiomAudit.lean:6425:0: 'TopologicalSpace.OpenCover.OrderedCech.refinementMap_refl' depends on axioms: [propext, Classical.choice, Quot.sound]
info: Lib/AxiomAudit.lean:6427:0: 'TopologicalSpace.OpenCover.OrderedCech.refinementMapDegree_comp_alternatingEvaluation' depends on axioms: [propext,
info: Lib/AxiomAudit.lean:6429:0: 'TopologicalSpace.OpenCover.OrderedCech.refinementMap_comp' depends on axioms: [propext, Classical.choice, Quot.sound]
info: Lib/AxiomAudit.lean:6431:0: 'TopologicalSpace.OpenCover.SetOpenCover.normalizedCechComplex' depends on axioms: [propext,
info: Lib/AxiomAudit.lean:6433:0: 'TopologicalSpace.OpenCover.SetOpenCover.normalizedCechComplex_X' depends on axioms: [propext,
info: Lib/AxiomAudit.lean:6435:0: 'TopologicalSpace.OpenCover.SetOpenCover.normalizedCechCohomology' depends on axioms: [propext,
info: Lib/AxiomAudit.lean:6437:0: 'TopologicalSpace.OpenCover.SetOpenCover.normalizedCechCohomologyMap' depends on axioms: [propext,
info: Lib/AxiomAudit.lean:6439:0: 'TopologicalSpace.OpenCover.SetOpenCover.normalizedCechCohomologyMap_eq' depends on axioms: [propext,
info: Lib/AxiomAudit.lean:6441:0: 'TopologicalSpace.OpenCover.SetOpenCover.normalizedCechCohomologyFunctor' depends on axioms: [propext,
info: Lib/AxiomAudit.lean:6443:0: 'TopologicalSpace.OpenCover.SetOpenCover.normalizedCechCohomologyFunctor_obj' depends on axioms: [propext,
info: Lib/AxiomAudit.lean:6445:0: 'TopologicalSpace.OpenCover.SetOpenCover.normalizedCechCohomologyFunctor_map' depends on axioms: [propext,
info: Lib/AxiomAudit.lean:6450:0: 'TopCat.Presheaf.IsLocallyZero' depends on axioms: [propext, Quot.sound]
info: Lib/AxiomAudit.lean:6452:0: 'TopologicalSpace.OpenCover.SetOpenCover.exists_refinement_pullback_eq_zero_of_isLocallyZero_of_isZero_empty' depends on axioms: [propext,
info: Lib/AxiomAudit.lean:6457:0: 'TopologicalSpace.OpenCover.OrderedCech.coefficientMapDegree' depends on axioms: [propext, Classical.choice, Quot.sound]
info: Lib/AxiomAudit.lean:6459:0: 'TopologicalSpace.OpenCover.OrderedCech.coefficientMapDegree_zero' depends on axioms: [propext,
info: Lib/AxiomAudit.lean:6461:0: 'TopologicalSpace.OpenCover.OrderedCech.coefficientMapDegree_add' depends on axioms: [propext,
info: Lib/AxiomAudit.lean:6463:0: 'TopologicalSpace.OpenCover.OrderedCech.coefficientMap' depends on axioms: [propext, Classical.choice, Quot.sound]
info: Lib/AxiomAudit.lean:6465:0: 'TopologicalSpace.OpenCover.OrderedCech.coefficientMap_id' depends on axioms: [propext, Classical.choice, Quot.sound]
info: Lib/AxiomAudit.lean:6467:0: 'TopologicalSpace.OpenCover.OrderedCech.coefficientMap_comp' depends on axioms: [propext, Classical.choice, Quot.sound]
info: Lib/AxiomAudit.lean:6469:0: 'TopologicalSpace.OpenCover.OrderedCech.coefficientMap_comp_refinementMap' depends on axioms: [propext,
info: Lib/AxiomAudit.lean:6471:0: 'TopologicalSpace.OpenCover.SetOpenCover.normalizedCechComplexMap' depends on axioms: [propext,
info: Lib/AxiomAudit.lean:6473:0: 'TopologicalSpace.OpenCover.SetOpenCover.normalizedCechCohomologyCoefficientMap' depends on axioms: [propext,
info: Lib/AxiomAudit.lean:6475:0: 'TopologicalSpace.OpenCover.SetOpenCover.normalizedCechCohomologyCoefficientMap_comp_refinement' depends on axioms: [propext,
info: Lib/AxiomAudit.lean:6477:0: 'TopologicalSpace.OpenCover.SetOpenCover.normalizedCechCohomologyCoefficientMap_id' depends on axioms: [propext,
info: Lib/AxiomAudit.lean:6479:0: 'TopologicalSpace.OpenCover.SetOpenCover.normalizedCechCohomologyCoefficientMap_comp' depends on axioms: [propext,
info: Lib/AxiomAudit.lean:6481:0: 'TopologicalSpace.OpenCover.SetOpenCover.normalizedCechCohomologyCoefficientMap_zero' depends on axioms: [propext,
info: Lib/AxiomAudit.lean:6483:0: 'TopologicalSpace.OpenCover.SetOpenCover.normalizedCechCohomologyCoefficientMap_add' depends on axioms: [propext,
info: Lib/AxiomAudit.lean:6485:0: 'TopologicalSpace.OpenCover.SetOpenCover.normalizedCechCohomologyCoefficientFunctor' depends on axioms: [propext,
info: Lib/AxiomAudit.lean:6490:0: 'TopCat.Sheaf.sectionQuotientPresheaf' depends on axioms: [propext, Classical.choice, Quot.sound]
info: Lib/AxiomAudit.lean:6492:0: 'TopCat.Sheaf.sectionQuotientPresheafProjection' depends on axioms: [propext, Classical.choice, Quot.sound]
info: Lib/AxiomAudit.lean:6494:0: 'TopCat.Sheaf.sectionQuotientPresheaf_isLocallyZero' depends on axioms: [propext, Classical.choice, Quot.sound]
info: Lib/AxiomAudit.lean:6496:0: 'TopCat.Sheaf.sectionQuotientPresheaf_empty_isZero' depends on axioms: [propext, Classical.choice, Quot.sound]
info: Lib/AxiomAudit.lean:6498:0: 'TopologicalSpace.OpenCover.SetOpenCover.exists_refinement_sectionQuotient_cochain_eq_zero' depends on axioms: [propext,
info: Lib/AxiomAudit.lean:6500:0: 'TopologicalSpace.OpenCover.SetOpenCover.exists_refinement_cochain_lift' depends on axioms: [propext,
info: Lib/AxiomAudit.lean:6505:0: 'TopologicalSpace.OpenCover.OrderedSimplex.intersection_eq_bot_of_multiplicityLE' depends on axioms: [propext,
info: Lib/AxiomAudit.lean:6507:0: 'TopologicalSpace.OpenCover.OrderedCech.object_isZero_of_multiplicityLE' depends on axioms: [propext,
info: Lib/AxiomAudit.lean:6509:0: 'TopologicalSpace.OpenCover.OrderedCech.normalizedCechCochain_isZero_of_multiplicityLE' depends on axioms: [propext,
info: Lib/AxiomAudit.lean:6511:0: 'TopologicalSpace.OpenCover.OrderedCech.homology_isZero_of_multiplicityLE' depends on axioms: [propext,
info: Lib/AxiomAudit.lean:6513:0: 'TopologicalSpace.OpenCover.SetOpenCover.normalizedCechCohomology_isZero_of_multiplicityLE' depends on axioms: [propext,
info: Lib/AxiomAudit.lean:6515:0: 'TopologicalSpace.OpenCover.SetOpenCover.normalizedCechCohomology_subsingleton_of_multiplicityLE' depends on axioms: [propext,
info: Lib/AxiomAudit.lean:6520:0: 'TopologicalSpace.OpenCover.SetOpenCover.cechCohomology' depends on axioms: [propext, Classical.choice, Quot.sound]
info: Lib/AxiomAudit.lean:6522:0: 'TopologicalSpace.OpenCover.SetOpenCover.toCechCohomology' depends on axioms: [propext, Classical.choice, Quot.sound]
info: Lib/AxiomAudit.lean:6524:0: 'TopologicalSpace.OpenCover.SetOpenCover.normalizedCechCohomologyMap_comp_toCechCohomology' depends on axioms: [propext,
info: Lib/AxiomAudit.lean:6526:0: 'TopologicalSpace.OpenCover.SetOpenCover.cechCohomologyCocone' depends on axioms: [propext,
info: Lib/AxiomAudit.lean:6528:0: 'TopologicalSpace.OpenCover.SetOpenCover.cechCohomologyDesc' depends on axioms: [propext, Classical.choice, Quot.sound]
info: Lib/AxiomAudit.lean:6530:0: 'TopologicalSpace.OpenCover.SetOpenCover.toCechCohomology_comp_cechCohomologyDesc' depends on axioms: [propext,
info: Lib/AxiomAudit.lean:6532:0: 'TopologicalSpace.OpenCover.SetOpenCover.cechCohomology_hom_ext' depends on axioms: [propext,
info: Lib/AxiomAudit.lean:6534:0: 'TopologicalSpace.OpenCover.SetOpenCover.cechCohomologyDesc_unique' depends on axioms: [propext,
info: Lib/AxiomAudit.lean:6536:0: 'TopologicalSpace.OpenCover.SetOpenCover.cechCohomology_exists_rep' depends on axioms: [propext,
info: Lib/AxiomAudit.lean:6538:0: 'TopologicalSpace.OpenCover.SetOpenCover.toCechCohomology_apply_eq_iff' depends on axioms: [propext,
info: Lib/AxiomAudit.lean:6540:0: 'TopologicalSpace.OpenCover.SetOpenCover.toCechCohomology_apply_eq_iff_exists_refinement' depends on axioms: [propext,
info: Lib/AxiomAudit.lean:6542:0: 'TopologicalSpace.OpenCover.SetOpenCover.toCechCohomology_apply_eq_zero_iff' depends on axioms: [propext,
info: Lib/AxiomAudit.lean:6544:0: 'TopologicalSpace.OpenCover.SetOpenCover.toCechCohomology_apply_eq_zero_of_refinement' depends on axioms: [propext,
info: Lib/AxiomAudit.lean:6549:0: 'TopologicalSpace.OpenCover.SetOpenCover.cechCohomologyCoefficientMap' depends on axioms: [propext,
info: Lib/AxiomAudit.lean:6551:0: 'TopologicalSpace.OpenCover.SetOpenCover.toCechCohomology_comp_cechCohomologyCoefficientMap' depends on axioms: [propext,
info: Lib/AxiomAudit.lean:6553:0: 'TopologicalSpace.OpenCover.SetOpenCover.cechCohomologyCoefficientMap_id' depends on axioms: [propext,
info: Lib/AxiomAudit.lean:6555:0: 'TopologicalSpace.OpenCover.SetOpenCover.cechCohomologyCoefficientMap_comp' depends on axioms: [propext,
info: Lib/AxiomAudit.lean:6557:0: 'TopologicalSpace.OpenCover.SetOpenCover.cechCohomologyCoefficientMap_zero' depends on axioms: [propext,
info: Lib/AxiomAudit.lean:6559:0: 'TopologicalSpace.OpenCover.SetOpenCover.cechCohomologyCoefficientMap_add' depends on axioms: [propext,
info: Lib/AxiomAudit.lean:6561:0: 'TopologicalSpace.OpenCover.SetOpenCover.cechCohomologyCoefficientFunctor' depends on axioms: [propext,
info: Lib/AxiomAudit.lean:6563:0: 'TopologicalSpace.OpenCover.SetOpenCover.sheafCechCohomologyCoefficientFunctor' depends on axioms: [propext,
info: Lib/AxiomAudit.lean:6565:0: 'TopologicalSpace.OpenCover.SetOpenCover.sheafCechCohomologyCoefficientFunctor_additive' depends on axioms: [propext,
info: Lib/AxiomAudit.lean:6567:0: 'TopologicalSpace.OpenCover.SetOpenCover.sheafCechCohomologyAdditiveFunctor' depends on axioms: [propext,
info: Lib/AxiomAudit.lean:6572:0: 'TopologicalSpace.OpenCover.SetOpenCover.cochainShortComplex' depends on axioms: [propext, Classical.choice, Quot.sound]
info: Lib/AxiomAudit.lean:6574:0: 'TopologicalSpace.OpenCover.SetOpenCover.cochainShortComplex_exact' depends on axioms: [propext,
info: Lib/AxiomAudit.lean:6576:0: 'TopologicalSpace.OpenCover.SetOpenCover.cochain_f_injective' depends on axioms: [propext, Classical.choice, Quot.sound]
info: Lib/AxiomAudit.lean:6578:0: 'TopologicalSpace.OpenCover.SetOpenCover.CechCocycle' depends on axioms: [propext, Classical.choice, Quot.sound]
info: Lib/AxiomAudit.lean:6580:0: 'TopologicalSpace.OpenCover.SetOpenCover.cocycleKernelEquiv' depends on axioms: [propext, Classical.choice, Quot.sound]
info: Lib/AxiomAudit.lean:6582:0: 'TopologicalSpace.OpenCover.SetOpenCover.cocycleClass' depends on axioms: [propext, Classical.choice, Quot.sound]
info: Lib/AxiomAudit.lean:6584:0: 'TopologicalSpace.OpenCover.SetOpenCover.BoundaryPresentation' depends on axioms: [propext,
info: Lib/AxiomAudit.lean:6586:0: 'TopologicalSpace.OpenCover.SetOpenCover.BoundaryPresentation.cover' depends on axioms: [propext,
info: Lib/AxiomAudit.lean:6588:0: 'TopologicalSpace.OpenCover.SetOpenCover.BoundaryPresentation.refinement' depends on axioms: [propext,
info: Lib/AxiomAudit.lean:6590:0: 'TopologicalSpace.OpenCover.SetOpenCover.BoundaryPresentation.lift' depends on axioms: [propext,
info: Lib/AxiomAudit.lean:6592:0: 'TopologicalSpace.OpenCover.SetOpenCover.BoundaryPresentation.descended' depends on axioms: [propext,
info: Lib/AxiomAudit.lean:6594:0: 'TopologicalSpace.OpenCover.SetOpenCover.BoundaryPresentation.lift_eq' depends on axioms: [propext,
info: Lib/AxiomAudit.lean:6596:0: 'TopologicalSpace.OpenCover.SetOpenCover.BoundaryPresentation.descended_eq' depends on axioms: [propext,
info: Lib/AxiomAudit.lean:6598:0: 'TopologicalSpace.OpenCover.SetOpenCover.BoundaryPresentation.descended_isCocycle' depends on axioms: [propext,
info: Lib/AxiomAudit.lean:6600:0: 'TopologicalSpace.OpenCover.SetOpenCover.BoundaryPresentation.descendedCocycle' depends on axioms: [propext,
info: Lib/AxiomAudit.lean:6602:0: 'TopologicalSpace.OpenCover.SetOpenCover.BoundaryPresentation.cechClass' depends on axioms: [propext,
info: Lib/AxiomAudit.lean:6604:0: 'TopologicalSpace.OpenCover.SetOpenCover.exists_boundaryPresentation' depends on axioms: [propext,
info: Lib/AxiomAudit.lean:6606:0: 'TopologicalSpace.OpenCover.SetOpenCover.chosenBoundaryPresentation' depends on axioms: [propext,
info: Lib/AxiomAudit.lean:6608:0: 'TopologicalSpace.OpenCover.SetOpenCover.cocycleClass_eq_zero_iff' depends on axioms: [propext,
info: Lib/AxiomAudit.lean:6610:0: 'TopologicalSpace.OpenCover.SetOpenCover.cocycleClass_eq_of_sub_eq_differential' depends on axioms: [propext,
info: Lib/AxiomAudit.lean:6612:0: 'TopologicalSpace.OpenCover.SetOpenCover.refineCocycle' depends on axioms: [propext, Classical.choice, Quot.sound]
info: Lib/AxiomAudit.lean:6614:0: 'TopologicalSpace.OpenCover.SetOpenCover.homologyMap_cocycleClass' depends on axioms: [propext,
info: Lib/AxiomAudit.lean:6616:0: 'TopologicalSpace.OpenCover.SetOpenCover.normalizedCechCohomologyMap_cocycleClass' depends on axioms: [propext,
info: Lib/AxiomAudit.lean:6618:0: 'TopologicalSpace.OpenCover.SetOpenCover.BoundaryPresentation.refine' depends on axioms: [propext,
info: Lib/AxiomAudit.lean:6620:0: 'TopologicalSpace.OpenCover.SetOpenCover.BoundaryPresentation.refine_descendedCocycle' depends on axioms: [propext,
info: Lib/AxiomAudit.lean:6622:0: 'TopologicalSpace.OpenCover.SetOpenCover.BoundaryPresentation.cechClass_refine' depends on axioms: [propext,
info: Lib/AxiomAudit.lean:6624:0: 'TopologicalSpace.OpenCover.SetOpenCover.BoundaryPresentation.cechClass_eq' depends on axioms: [propext,
info: Lib/AxiomAudit.lean:6626:0: 'TopologicalSpace.OpenCover.SetOpenCover.boundaryClass' depends on axioms: [propext, Classical.choice, Quot.sound]
info: Lib/AxiomAudit.lean:6628:0: 'TopologicalSpace.OpenCover.SetOpenCover.boundaryClass_eq_cechClass' depends on axioms: [propext,
info: Lib/AxiomAudit.lean:6630:0: 'TopologicalSpace.OpenCover.SetOpenCover.boundaryClass_zero' depends on axioms: [propext, Classical.choice, Quot.sound]
info: Lib/AxiomAudit.lean:6632:0: 'TopologicalSpace.OpenCover.SetOpenCover.boundaryClass_add' depends on axioms: [propext, Classical.choice, Quot.sound]
info: Lib/AxiomAudit.lean:6634:0: 'TopologicalSpace.OpenCover.SetOpenCover.boundaryCocycleMap' depends on axioms: [propext, Classical.choice, Quot.sound]
info: Lib/AxiomAudit.lean:6636:0: 'TopologicalSpace.OpenCover.SetOpenCover.boundaryCocycleMap_apply' depends on axioms: [propext,
info: Lib/AxiomAudit.lean:6638:0: 'TopologicalSpace.OpenCover.SetOpenCover.BoundaryPresentation.ofRefinedCocycle' depends on axioms: [propext,
info: Lib/AxiomAudit.lean:6640:0: 'TopologicalSpace.OpenCover.SetOpenCover.BoundaryPresentation.ofRefinedCocycle_cechClass' depends on axioms: [propext,
info: Lib/AxiomAudit.lean:6642:0: 'TopologicalSpace.OpenCover.SetOpenCover.boundaryClass_refine' depends on axioms: [propext,
info: Lib/AxiomAudit.lean:6644:0: 'TopologicalSpace.OpenCover.SetOpenCover.boundaryClass_eq_zero_of_eq_differential' depends on axioms: [propext,
info: Lib/AxiomAudit.lean:6646:0: 'TopologicalSpace.OpenCover.SetOpenCover.boundaryClass_eq_of_sub_eq_differential' depends on axioms: [propext,
info: Lib/AxiomAudit.lean:6648:0: 'TopologicalSpace.OpenCover.SetOpenCover.boundaryClass_eq_of_cocycleClass_eq' depends on axioms: [propext,
info: Lib/AxiomAudit.lean:6650:0: 'TopologicalSpace.OpenCover.SetOpenCover.cyclesCocycleEquiv' depends on axioms: [propext, Classical.choice, Quot.sound]
info: Lib/AxiomAudit.lean:6652:0: 'TopologicalSpace.OpenCover.SetOpenCover.cocycleClass_cyclesCocycleEquiv' depends on axioms: [propext,
info: Lib/AxiomAudit.lean:6654:0: 'TopologicalSpace.OpenCover.SetOpenCover.boundaryCyclesMap' depends on axioms: [propext, Classical.choice, Quot.sound]
info: Lib/AxiomAudit.lean:6656:0: 'TopologicalSpace.OpenCover.SetOpenCover.boundaryCyclesMap_apply' depends on axioms: [propext,
info: Lib/AxiomAudit.lean:6658:0: 'TopologicalSpace.OpenCover.SetOpenCover.toCycles_comp_boundaryCyclesMap' depends on axioms: [propext,
info: Lib/AxiomAudit.lean:6660:0: 'TopologicalSpace.OpenCover.SetOpenCover.fixedCoverBoundaryHom' depends on axioms: [propext,
info: Lib/AxiomAudit.lean:6662:0: 'TopologicalSpace.OpenCover.SetOpenCover.fixedCoverBoundaryHom_cocycleClass' depends on axioms: [propext,
info: Lib/AxiomAudit.lean:6664:0: 'TopologicalSpace.OpenCover.SetOpenCover.cocycleClass_surjective' depends on axioms: [propext,
info: Lib/AxiomAudit.lean:6666:0: 'TopologicalSpace.OpenCover.SetOpenCover.normalizedCechCohomologyMap_comp_fixedCoverBoundaryHom' depends on axioms: [propext,
info: Lib/AxiomAudit.lean:6668:0: 'TopologicalSpace.OpenCover.SetOpenCover.connectingHom' depends on axioms: [propext, Classical.choice, Quot.sound]
info: Lib/AxiomAudit.lean:6670:0: 'TopologicalSpace.OpenCover.SetOpenCover.toCechCohomology_comp_connectingHom' depends on axioms: [propext,
info: Lib/AxiomAudit.lean:6672:0: 'TopologicalSpace.OpenCover.SetOpenCover.connectingHom_cocycleClass' depends on axioms: [propext,
info: Lib/AxiomAudit.lean:6674:0: 'TopologicalSpace.OpenCover.SetOpenCover.connectingHom_cocycleClass_eq_cechClass' depends on axioms: [propext,
info: Lib/AxiomAudit.lean:6676:0: 'TopologicalSpace.OpenCover.SetOpenCover.boundaryClass_eq_of_directLimit_rep_eq' depends on axioms: [propext,
info: Lib/AxiomAudit.lean:6678:0: 'TopologicalSpace.OpenCover.SetOpenCover.cechCohomology_exists_cocycle_rep' depends on axioms: [propext,
info: Lib/AxiomAudit.lean:6680:0: 'TopologicalSpace.OpenCover.SetOpenCover.connectingHom_exists_boundaryPresentation' depends on axioms: [propext,
info: Lib/AxiomAudit.lean:6682:0: 'TopologicalSpace.OpenCover.SetOpenCover.connectingHom_zero' depends on axioms: [propext, Classical.choice, Quot.sound]
info: Lib/AxiomAudit.lean:6684:0: 'TopologicalSpace.OpenCover.SetOpenCover.connectingHom_add' depends on axioms: [propext, Classical.choice, Quot.sound]
info: Lib/AxiomAudit.lean:6686:0: 'TopologicalSpace.OpenCover.SetOpenCover.BoundaryPresentation.descended_unique' depends on axioms: [propext,
info: Lib/AxiomAudit.lean:6691:0: 'TopologicalSpace.OpenCover.SetOpenCover.globalToZeroCochain' depends on axioms: [propext, Classical.choice, Quot.sound]
info: Lib/AxiomAudit.lean:6693:0: 'TopologicalSpace.OpenCover.SetOpenCover.globalToZeroCochain_π' depends on axioms: [propext,
info: Lib/AxiomAudit.lean:6695:0: 'TopologicalSpace.OpenCover.SetOpenCover.globalToZeroCochain_comp_differential' depends on axioms: [propext,
info: Lib/AxiomAudit.lean:6697:0: 'TopologicalSpace.OpenCover.SetOpenCover.globalToZeroCycles' depends on axioms: [propext, Classical.choice, Quot.sound]
info: Lib/AxiomAudit.lean:6699:0: 'TopologicalSpace.OpenCover.SetOpenCover.globalToZeroCycles_iCycles' depends on axioms: [propext,
info: Lib/AxiomAudit.lean:6701:0: 'TopologicalSpace.OpenCover.SetOpenCover.globalToZeroCycles_isIso' depends on axioms: [propext,
info: Lib/AxiomAudit.lean:6703:0: 'TopologicalSpace.OpenCover.SetOpenCover.normalizedCechCohomologyZeroIsoGlobalSections' depends on axioms: [propext,
info: Lib/AxiomAudit.lean:6705:0: 'TopologicalSpace.OpenCover.SetOpenCover.normalizedCechCohomologyMap_comp_zeroIsoGlobalSections' depends on axioms: [propext,
info: Lib/AxiomAudit.lean:6707:0: 'TopologicalSpace.OpenCover.SetOpenCover.normalizedCechCohomologyCoefficientMap_comp_zeroIsoGlobalSections' depends on axioms: [propext,
info: Lib/AxiomAudit.lean:6709:0: 'TopologicalSpace.OpenCover.SetOpenCover.cechCohomologyZeroToGlobalSections' depends on axioms: [propext,
info: Lib/AxiomAudit.lean:6711:0: 'TopologicalSpace.OpenCover.SetOpenCover.cechCohomologyZeroToGlobalSections_isIso' depends on axioms: [propext,
info: Lib/AxiomAudit.lean:6713:0: 'TopologicalSpace.OpenCover.SetOpenCover.cechCohomologyZeroIsoGlobalSections' depends on axioms: [propext,
info: Lib/AxiomAudit.lean:6715:0: 'TopologicalSpace.OpenCover.SetOpenCover.toCechCohomology_comp_zeroIsoGlobalSections' depends on axioms: [propext,
info: Lib/AxiomAudit.lean:6717:0: 'TopologicalSpace.OpenCover.SetOpenCover.cechCohomologyCoefficientMap_comp_zeroIsoGlobalSections' depends on axioms: [propext,
info: Lib/AxiomAudit.lean:6722:0: 'TopologicalSpace.OpenCover.SetOpenCover.initialCoefficientMap_injective' depends on axioms: [propext,
info: Lib/AxiomAudit.lean:6724:0: 'TopologicalSpace.OpenCover.SetOpenCover.initialCechShortComplex' depends on axioms: [propext,
info: Lib/AxiomAudit.lean:6726:0: 'TopologicalSpace.OpenCover.SetOpenCover.initialCechShortComplex_exact' depends on axioms: [propext,
info: Lib/AxiomAudit.lean:6728:0: 'TopologicalSpace.OpenCover.SetOpenCover.coefficientCocycle' depends on axioms: [propext, Classical.choice, Quot.sound]
info: Lib/AxiomAudit.lean:6730:0: 'TopologicalSpace.OpenCover.SetOpenCover.coefficientCocycle_apply_coe' depends on axioms: [propext,
info: Lib/AxiomAudit.lean:6732:0: 'TopologicalSpace.OpenCover.SetOpenCover.coefficientCocycle_refine' depends on axioms: [propext,
info: Lib/AxiomAudit.lean:6734:0: 'TopologicalSpace.OpenCover.SetOpenCover.normalizedCechCohomologyCoefficientMap_cocycleClass' depends on axioms: [propext,
info: Lib/AxiomAudit.lean:6736:0: 'TopologicalSpace.OpenCover.SetOpenCover.cechCohomologyCoefficientMap_cocycleClass' depends on axioms: [propext,
info: Lib/AxiomAudit.lean:6738:0: 'TopologicalSpace.OpenCover.SetOpenCover.exists_refinement_cocycle_eq_differential' depends on axioms: [propext,
info: Lib/AxiomAudit.lean:6740:0: 'TopologicalSpace.OpenCover.SetOpenCover.cocycle_eq_zero_of_cocycleClass_eq_zero_degree_zero' depends on axioms: [propext,
info: Lib/AxiomAudit.lean:6742:0: 'TopologicalSpace.OpenCover.SetOpenCover.exists_refinement_cocycle_eq_zero_degree_zero' depends on axioms: [propext,
info: Lib/AxiomAudit.lean:6744:0: 'TopologicalSpace.OpenCover.SetOpenCover.exists_refinement_coefficientCocycle_eq_differential' depends on axioms: [propext,
info: Lib/AxiomAudit.lean:6746:0: 'TopologicalSpace.OpenCover.SetOpenCover.exists_refinement_coefficientCocycle_eq_zero_degree_zero' depends on axioms: [propext,
info: Lib/AxiomAudit.lean:6748:0: 'TopologicalSpace.OpenCover.SetOpenCover.existsUnique_leftCocycle_of_middleKernel' depends on axioms: [propext,
info: Lib/AxiomAudit.lean:6750:0: 'TopologicalSpace.OpenCover.SetOpenCover.middleKernelCorrection' depends on axioms: [propext,
info: Lib/AxiomAudit.lean:6752:0: 'TopologicalSpace.OpenCover.SetOpenCover.middleKernelCorrection_coe' depends on axioms: [propext,
info: Lib/AxiomAudit.lean:6754:0: 'TopologicalSpace.OpenCover.SetOpenCover.middleKernelCorrection_map_eq_zero' depends on axioms: [propext,
info: Lib/AxiomAudit.lean:6756:0: 'TopologicalSpace.OpenCover.SetOpenCover.middleKernelCorrection_class' depends on axioms: [propext,
info: Lib/AxiomAudit.lean:6758:0: 'TopologicalSpace.OpenCover.SetOpenCover.exists_left_preimage_succ' depends on axioms: [propext,
info: Lib/AxiomAudit.lean:6760:0: 'TopologicalSpace.OpenCover.SetOpenCover.exists_left_preimage_degree_zero' depends on axioms: [propext,
info: Lib/AxiomAudit.lean:6762:0: 'TopologicalSpace.OpenCover.SetOpenCover.coefficientMaps_comp_zero' depends on axioms: [propext,
info: Lib/AxiomAudit.lean:6764:0: 'TopologicalSpace.OpenCover.SetOpenCover.exactAtMiddle_function' depends on axioms: [propext,
info: Lib/AxiomAudit.lean:6766:0: 'TopologicalSpace.OpenCover.SetOpenCover.coefficientCechShortComplex' depends on axioms: [propext,
info: Lib/AxiomAudit.lean:6768:0: 'TopologicalSpace.OpenCover.SetOpenCover.coefficientCechShortComplex_exact' depends on axioms: [propext,
info: Lib/AxiomAudit.lean:6770:0: 'TopologicalSpace.OpenCover.SetOpenCover.boundaryPresentationOfMiddleCocycle' depends on axioms: [propext,
info: Lib/AxiomAudit.lean:6772:0: 'TopologicalSpace.OpenCover.SetOpenCover.boundaryPresentationOfMiddleCocycle_cechClass_eq_zero' depends on axioms: [propext,
info: Lib/AxiomAudit.lean:6774:0: 'TopologicalSpace.OpenCover.SetOpenCover.coefficientMap_comp_connectingHom' depends on axioms: [propext,
info: Lib/AxiomAudit.lean:6776:0: 'TopologicalSpace.OpenCover.SetOpenCover.exists_refinement_descended_eq_differential' depends on axioms: [propext,
info: Lib/AxiomAudit.lean:6778:0: 'TopologicalSpace.OpenCover.SetOpenCover.correctedLiftCocycle' depends on axioms: [propext,
info: Lib/AxiomAudit.lean:6780:0: 'TopologicalSpace.OpenCover.SetOpenCover.correctedLiftCocycle_coe' depends on axioms: [propext,
info: Lib/AxiomAudit.lean:6782:0: 'TopologicalSpace.OpenCover.SetOpenCover.correctedLiftCocycle_map' depends on axioms: [propext,
info: Lib/AxiomAudit.lean:6784:0: 'TopologicalSpace.OpenCover.SetOpenCover.exists_middle_preimage_of_boundaryPresentation_eq_zero' depends on axioms: [propext,
info: Lib/AxiomAudit.lean:6786:0: 'TopologicalSpace.OpenCover.SetOpenCover.exists_middle_preimage_of_boundaryPresentation_eq_zero_degree_zero' depends on axioms: [propext,
info: Lib/AxiomAudit.lean:6788:0: 'TopologicalSpace.OpenCover.SetOpenCover.exactAtRight_function' depends on axioms: [propext,
info: Lib/AxiomAudit.lean:6790:0: 'TopologicalSpace.OpenCover.SetOpenCover.coefficientConnectingCechShortComplex' depends on axioms: [propext,
info: Lib/AxiomAudit.lean:6792:0: 'TopologicalSpace.OpenCover.SetOpenCover.coefficientConnectingCechShortComplex_exact' depends on axioms: [propext,
info: Lib/AxiomAudit.lean:6794:0: 'TopologicalSpace.OpenCover.SetOpenCover.BoundaryPresentation.cechClass_coefficient_eq_zero' depends on axioms: [propext,
info: Lib/AxiomAudit.lean:6796:0: 'TopologicalSpace.OpenCover.SetOpenCover.connectingHom_comp_coefficientMap' depends on axioms: [propext,
info: Lib/AxiomAudit.lean:6798:0: 'TopologicalSpace.OpenCover.SetOpenCover.rightCocycleOfLeftBoundary' depends on axioms: [propext,
info: Lib/AxiomAudit.lean:6800:0: 'TopologicalSpace.OpenCover.SetOpenCover.rightCocycleOfLeftBoundary_coe' depends on axioms: [propext,
info: Lib/AxiomAudit.lean:6802:0: 'TopologicalSpace.OpenCover.SetOpenCover.boundaryPresentationOfLeftBoundary' depends on axioms: [propext,
info: Lib/AxiomAudit.lean:6804:0: 'TopologicalSpace.OpenCover.SetOpenCover.boundaryPresentationOfLeftBoundary_cechClass' depends on axioms: [propext,
info: Lib/AxiomAudit.lean:6806:0: 'TopologicalSpace.OpenCover.SetOpenCover.exists_connecting_preimage_succ' depends on axioms: [propext,
info: Lib/AxiomAudit.lean:6808:0: 'TopologicalSpace.OpenCover.SetOpenCover.exists_connecting_preimage_degree_zero' depends on axioms: [propext,
info: Lib/AxiomAudit.lean:6810:0: 'TopologicalSpace.OpenCover.SetOpenCover.exactAtLeftSucc_function' depends on axioms: [propext,
info: Lib/AxiomAudit.lean:6812:0: 'TopologicalSpace.OpenCover.SetOpenCover.connectingCoefficientCechShortComplex' depends on axioms: [propext,
info: Lib/AxiomAudit.lean:6814:0: 'TopologicalSpace.OpenCover.SetOpenCover.connectingCoefficientCechShortComplex_exact' depends on axioms: [propext,
info: Lib/AxiomAudit.lean:6816:0: 'TopologicalSpace.OpenCover.SetOpenCover.cechLongExactSegment' depends on axioms: [propext,
info: Lib/AxiomAudit.lean:6818:0: 'TopologicalSpace.OpenCover.SetOpenCover.cechLongExactSegment_exact' depends on axioms: [propext,
info: Lib/AxiomAudit.lean:6820:0: 'TopologicalSpace.OpenCover.SetOpenCover.cechLongExactInitialSegment' depends on axioms: [propext,
info: Lib/AxiomAudit.lean:6822:0: 'TopologicalSpace.OpenCover.SetOpenCover.cechLongExactInitialSegment_exact' depends on axioms: [propext,
info: Lib/AxiomAudit.lean:6827:0: 'TopologicalSpace.OpenCover.SetOpenCover.coefficientCocycle_comp' depends on axioms: [propext,
info: Lib/AxiomAudit.lean:6829:0: 'TopologicalSpace.OpenCover.SetOpenCover.BoundaryPresentation.map' depends on axioms: [propext,
info: Lib/AxiomAudit.lean:6831:0: 'TopologicalSpace.OpenCover.SetOpenCover.BoundaryPresentation.map_refine' depends on axioms: [propext,
info: Lib/AxiomAudit.lean:6833:0: 'TopologicalSpace.OpenCover.SetOpenCover.BoundaryPresentation.map_descendedCocycle' depends on axioms: [propext,
info: Lib/AxiomAudit.lean:6835:0: 'TopologicalSpace.OpenCover.SetOpenCover.BoundaryPresentation.map_cechClass' depends on axioms: [propext,
info: Lib/AxiomAudit.lean:6837:0: 'TopologicalSpace.OpenCover.SetOpenCover.normalizedCechCohomologyCoefficientMap_comp_fixedCoverBoundaryHom' depends on axioms: [propext,
info: Lib/AxiomAudit.lean:6839:0: 'TopologicalSpace.OpenCover.SetOpenCover.connectingHom_naturality' depends on axioms: [propext,
info: Lib/AxiomAudit.lean:6841:0: 'TopologicalSpace.OpenCover.SetOpenCover.cechCohomologyDeltaFunctor' depends on axioms: [propext,
info: Lib/AxiomAudit.lean:6843:0: 'TopologicalSpace.OpenCover.SetOpenCover.cechCohomologyDeltaFunctorZeroIsoGlobalSections' depends on axioms: [propext,
info: Lib/AxiomAudit.lean:6845:0: 'TopologicalSpace.OpenCover.SetOpenCover.cechCohomologyDeltaFunctor_zeroIsoGlobalSections' depends on axioms: [propext,
info: Lib/AxiomAudit.lean:6850:0: 'TopologicalSpace.OpenCover.OrderedCech.pushedRestrictionSheafIso' depends on axioms: [propext,
info: Lib/AxiomAudit.lean:6852:0: 'TopologicalSpace.OpenCover.OrderedCech.cochainSheaf' depends on axioms: [propext, Classical.choice, Quot.sound]
info: Lib/AxiomAudit.lean:6854:0: 'TopologicalSpace.OpenCover.OrderedCech.cochainSheafDifferential' depends on axioms: [propext,
info: Lib/AxiomAudit.lean:6856:0: 'TopologicalSpace.OpenCover.OrderedCech.cochainSheafAugmentation' depends on axioms: [propext,
info: Lib/AxiomAudit.lean:6858:0: 'TopologicalSpace.OpenCover.OrderedCech.cochainSheafAugmentation_comp_differential' depends on axioms: [propext,
info: Lib/AxiomAudit.lean:6860:0: 'TopologicalSpace.OpenCover.OrderedCech.cochainSheafComplex' depends on axioms: [propext, Classical.choice, Quot.sound]
info: Lib/AxiomAudit.lean:6862:0: 'TopologicalSpace.OpenCover.OrderedCech.cochainSheafSectionsIso' depends on axioms: [propext,
info: Lib/AxiomAudit.lean:6864:0: 'TopologicalSpace.OpenCover.OrderedCech.cochainSheafDifferential_app_comp_sectionsIso' depends on axioms: [propext,
info: Lib/AxiomAudit.lean:6866:0: 'TopologicalSpace.OpenCover.OrderedCech.terminalInsertion_contraction' depends on axioms: [propext,
info: Lib/AxiomAudit.lean:6868:0: 'TopologicalSpace.OpenCover.OrderedCech.insertionHomotopy' depends on axioms: [propext, Classical.choice, Quot.sound]
info: Lib/AxiomAudit.lean:6870:0: 'TopologicalSpace.OpenCover.OrderedCech.insertionHomotopy_contraction_zero' depends on axioms: [propext,
info: Lib/AxiomAudit.lean:6872:0: 'TopologicalSpace.OpenCover.OrderedCech.insertionHomotopy_contraction' depends on axioms: [propext,
info: Lib/AxiomAudit.lean:6874:0: 'TopologicalSpace.OpenCover.OrderedCech.sheafShortComplex_exact_of_local_kernels' depends on axioms: [propext,
info: Lib/AxiomAudit.lean:6876:0: 'TopologicalSpace.OpenCover.OrderedCech.augmentedCochainSheafComplex_exact' depends on axioms: [propext,
info: Lib/AxiomAudit.lean:6878:0: 'TopologicalSpace.OpenCover.OrderedCech.augmentedCochainSheafComplex' depends on axioms: [propext,
info: Lib/AxiomAudit.lean:6883:0: 'TopologicalSpace.OpenCover.OrderedCech.intersectionSectionsSheaf_isFlasque' depends on axioms: [propext,
info: Lib/AxiomAudit.lean:6885:0: 'TopologicalSpace.OpenCover.OrderedCech.cochainSheaf_isFlasque' depends on axioms: [propext,
info: Lib/AxiomAudit.lean:6887:0: 'TopologicalSpace.OpenCover.OrderedCech.augmentedCochainSheafCycle_isFlasque' depends on axioms: [propext,
info: Lib/AxiomAudit.lean:6889:0: 'TopologicalSpace.OpenCover.OrderedCech.cocycle_boundary_of_isFlasque' depends on axioms: [propext,
info: Lib/AxiomAudit.lean:6891:0: 'TopologicalSpace.OpenCover.OrderedCech.exactAt_succ_of_isFlasque' depends on axioms: [propext,
info: Lib/AxiomAudit.lean:6893:0: 'TopologicalSpace.OpenCover.OrderedCech.homology_isZero_of_isFlasque' depends on axioms: [propext,
info: Lib/AxiomAudit.lean:6895:0: 'TopologicalSpace.OpenCover.SetOpenCover.normalizedCechCohomology_isZero_of_isFlasque' depends on axioms: [propext,
info: Lib/AxiomAudit.lean:6897:0: 'TopologicalSpace.OpenCover.SetOpenCover.normalizedCechCohomology_subsingleton_of_isFlasque' depends on axioms: [propext,
info: Lib/AxiomAudit.lean:6902:0: 'TopologicalSpace.OpenCover.SetOpenCover.cechCohomology_isZero_godementEnvelope' depends on axioms: [propext,
info: Lib/AxiomAudit.lean:6904:0: 'TopologicalSpace.OpenCover.SetOpenCover.cechCohomology_germEmbedding_eq_zero' depends on axioms: [propext,
info: Lib/AxiomAudit.lean:6906:0: 'TopologicalSpace.OpenCover.SetOpenCover.cechCohomologyDeltaFunctor_effaceable' depends on axioms: [propext,
info: Lib/AxiomAudit.lean:6911:0: 'TopologicalSpace.OpenCover.SetOpenCover.cechCohomology_subsingleton_of_coveringDimensionLE' depends on axioms: [propext,
info: Lib/AxiomAudit.lean:6913:0: 'TopologicalSpace.OpenCover.SetOpenCover.cechCohomology_isZero_of_coveringDimensionLE' depends on axioms: [propext,
info: Lib/AxiomAudit.lean:6917:0: 'CategoryTheory.CohomologicalDeltaFunctor' depends on axioms: [propext, Classical.choice, Quot.sound]
info: Lib/AxiomAudit.lean:6919:0: 'CategoryTheory.CohomologicalDeltaFunctor.Hom' depends on axioms: [propext, Classical.choice, Quot.sound]
info: Lib/AxiomAudit.lean:6921:0: 'CategoryTheory.CohomologicalDeltaFunctor.Hom.ext' depends on axioms: [propext, Classical.choice, Quot.sound]
info: Lib/AxiomAudit.lean:6923:0: 'CategoryTheory.CohomologicalDeltaFunctor.Hom.id' depends on axioms: [propext, Classical.choice, Quot.sound]
info: Lib/AxiomAudit.lean:6925:0: 'CategoryTheory.CohomologicalDeltaFunctor.Hom.comp' depends on axioms: [propext, Classical.choice, Quot.sound]
info: Lib/AxiomAudit.lean:6927:0: 'CategoryTheory.CohomologicalDeltaFunctor.Hom.id_app' depends on axioms: [propext, Classical.choice, Quot.sound]
info: Lib/AxiomAudit.lean:6929:0: 'CategoryTheory.CohomologicalDeltaFunctor.Hom.comp_app' depends on axioms: [propext, Classical.choice, Quot.sound]
info: Lib/AxiomAudit.lean:6931:0: 'CategoryTheory.CohomologicalDeltaFunctor.EffaceableAt' depends on axioms: [propext, Classical.choice, Quot.sound]
info: Lib/AxiomAudit.lean:6933:0: 'CategoryTheory.CohomologicalDeltaFunctor.Effaceable' depends on axioms: [propext, Classical.choice, Quot.sound]
info: Lib/AxiomAudit.lean:6935:0: 'CategoryTheory.CohomologicalDeltaFunctor.IsUniversal' depends on axioms: [propext, Classical.choice, Quot.sound]
info: Lib/AxiomAudit.lean:6937:0: 'CategoryTheory.CohomologicalDeltaFunctor.IsUniversal.extend' depends on axioms: [propext, Classical.choice, Quot.sound]
info: Lib/AxiomAudit.lean:6939:0: 'CategoryTheory.CohomologicalDeltaFunctor.IsUniversal.extend_app_zero' depends on axioms: [propext,
info: Lib/AxiomAudit.lean:6941:0: 'CategoryTheory.CohomologicalDeltaFunctor.IsUniversal.hom_ext' depends on axioms: [propext,
info: Lib/AxiomAudit.lean:6943:0: 'CategoryTheory.CohomologicalDeltaFunctor.Effacement' depends on axioms: [propext, Classical.choice, Quot.sound]
info: Lib/AxiomAudit.lean:6945:0: 'CategoryTheory.CohomologicalDeltaFunctor.Effacement.shortComplex' depends on axioms: [propext,
info: Lib/AxiomAudit.lean:6947:0: 'CategoryTheory.CohomologicalDeltaFunctor.Effacement.shortExact' depends on axioms: [propext,
info: Lib/AxiomAudit.lean:6949:0: 'CategoryTheory.CohomologicalDeltaFunctor.EffaceableAt.effacement' depends on axioms: [propext,
info: Lib/AxiomAudit.lean:6951:0: 'CategoryTheory.CohomologicalDeltaFunctor.Effacement.epi_δ' depends on axioms: [propext, Classical.choice, Quot.sound]
info: Lib/AxiomAudit.lean:6953:0: 'CategoryTheory.CohomologicalDeltaFunctor.Effacement.map_comp_δ_zero' depends on axioms: [propext,
info: Lib/AxiomAudit.lean:6955:0: 'CategoryTheory.CohomologicalDeltaFunctor.Effacement.component' depends on axioms: [propext,
info: Lib/AxiomAudit.lean:6957:0: 'CategoryTheory.CohomologicalDeltaFunctor.Effacement.δ_component' depends on axioms: [propext,
info: Lib/AxiomAudit.lean:6959:0: 'CategoryTheory.CohomologicalDeltaFunctor.Effacement.comm_comp_π' depends on axioms: [propext,
info: Lib/AxiomAudit.lean:6961:0: 'CategoryTheory.CohomologicalDeltaFunctor.Effacement.homOfComm' depends on axioms: [propext,
info: Lib/AxiomAudit.lean:6963:0: 'CategoryTheory.CohomologicalDeltaFunctor.Effacement.component_comm' depends on axioms: [propext,
info: Lib/AxiomAudit.lean:6965:0: 'CategoryTheory.CohomologicalDeltaFunctor.Effacement.biprod_map_eq_zero' depends on axioms: [propext,
info: Lib/AxiomAudit.lean:6967:0: 'CategoryTheory.CohomologicalDeltaFunctor.Effacement.biprod' depends on axioms: [propext, Classical.choice, Quot.sound]
info: Lib/AxiomAudit.lean:6969:0: 'CategoryTheory.CohomologicalDeltaFunctor.Effacement.component_biprod_left' depends on axioms: [propext,
info: Lib/AxiomAudit.lean:6971:0: 'CategoryTheory.CohomologicalDeltaFunctor.Effacement.component_biprod_right' depends on axioms: [propext,
info: Lib/AxiomAudit.lean:6973:0: 'CategoryTheory.CohomologicalDeltaFunctor.Effacement.component_eq' depends on axioms: [propext,
info: Lib/AxiomAudit.lean:6975:0: 'CategoryTheory.CohomologicalDeltaFunctor.Effacement.graph_map_eq_zero' depends on axioms: [propext,
info: Lib/AxiomAudit.lean:6977:0: 'CategoryTheory.CohomologicalDeltaFunctor.Effacement.graph' depends on axioms: [propext, Classical.choice, Quot.sound]
info: Lib/AxiomAudit.lean:6979:0: 'CategoryTheory.CohomologicalDeltaFunctor.Effacement.component_graph' depends on axioms: [propext,
info: Lib/AxiomAudit.lean:6981:0: 'CategoryTheory.CohomologicalDeltaFunctor.Effacement.component_naturality' depends on axioms: [propext,
info: Lib/AxiomAudit.lean:6983:0: 'CategoryTheory.CohomologicalDeltaFunctor.nextApp' depends on axioms: [propext, Classical.choice, Quot.sound]
info: Lib/AxiomAudit.lean:6985:0: 'CategoryTheory.CohomologicalDeltaFunctor.nextApp_app' depends on axioms: [propext, Classical.choice, Quot.sound]
info: Lib/AxiomAudit.lean:6987:0: 'CategoryTheory.CohomologicalDeltaFunctor.nextApp_app_eq_component' depends on axioms: [propext,
info: Lib/AxiomAudit.lean:6989:0: 'CategoryTheory.CohomologicalDeltaFunctor.Effacement.ofShortExact_map_eq_zero' depends on axioms: [propext,
info: Lib/AxiomAudit.lean:6991:0: 'CategoryTheory.CohomologicalDeltaFunctor.Effacement.ofShortExact' depends on axioms: [propext,
info: Lib/AxiomAudit.lean:6993:0: 'CategoryTheory.CohomologicalDeltaFunctor.Effacement.f_comp_comp_π' depends on axioms: [propext,
info: Lib/AxiomAudit.lean:6995:0: 'CategoryTheory.CohomologicalDeltaFunctor.Effacement.homOfShortExact' depends on axioms: [propext,
info: Lib/AxiomAudit.lean:6997:0: 'CategoryTheory.CohomologicalDeltaFunctor.nextApp_comm' depends on axioms: [propext, Classical.choice, Quot.sound]
info: Lib/AxiomAudit.lean:6999:0: 'CategoryTheory.CohomologicalDeltaFunctor.nextApp_unique' depends on axioms: [propext, Classical.choice, Quot.sound]
info: Lib/AxiomAudit.lean:7001:0: 'CategoryTheory.CohomologicalDeltaFunctor.Effaceable.extendApp' depends on axioms: [propext,
info: Lib/AxiomAudit.lean:7003:0: 'CategoryTheory.CohomologicalDeltaFunctor.Effaceable.extendApp_zero' depends on axioms: [propext,
info: Lib/AxiomAudit.lean:7005:0: 'CategoryTheory.CohomologicalDeltaFunctor.Effaceable.extendApp_succ' depends on axioms: [propext,
info: Lib/AxiomAudit.lean:7007:0: 'CategoryTheory.CohomologicalDeltaFunctor.Effaceable.extendHom' depends on axioms: [propext,
info: Lib/AxiomAudit.lean:7009:0: 'CategoryTheory.CohomologicalDeltaFunctor.Effaceable.extendHom_app_zero' depends on axioms: [propext,
info: Lib/AxiomAudit.lean:7011:0: 'CategoryTheory.CohomologicalDeltaFunctor.Effaceable.hom_eq_extendHom' depends on axioms: [propext,
info: Lib/AxiomAudit.lean:7013:0: 'CategoryTheory.CohomologicalDeltaFunctor.Effaceable.isUniversal' depends on axioms: [propext,
info: Lib/AxiomAudit.lean:7017:0: 'TopologicalSpace.CubeBoundaryThree.vertices' depends on axioms: [propext, Classical.choice, Quot.sound]
info: Lib/AxiomAudit.lean:7019:0: 'TopologicalSpace.CubeBoundaryThree.vertex_mem_boundary' depends on axioms: [propext, Classical.choice, Quot.sound]
info: Lib/AxiomAudit.lean:7021:0: 'TopologicalSpace.CubeBoundaryThree.edges' depends on axioms: [propext, Classical.choice, Quot.sound]
info: Lib/AxiomAudit.lean:7023:0: 'TopologicalSpace.CubeBoundaryThree.edge_presentation' depends on axioms: [propext, Classical.choice, Quot.sound]
info: Lib/AxiomAudit.lean:7025:0: 'TopologicalSpace.CubeBoundaryThree.squares' depends on axioms: [propext, Classical.choice, Quot.sound]
info: Lib/AxiomAudit.lean:7027:0: 'TopologicalSpace.CubeBoundaryThree.squareRelInterior' depends on axioms: [propext, Classical.choice, Quot.sound]
info: Lib/AxiomAudit.lean:7029:0: 'TopologicalSpace.CubeBoundaryThree.square_presentation' depends on axioms: [propext, Classical.choice, Quot.sound]
info: Lib/AxiomAudit.lean:7031:0: 'TopologicalSpace.CubeBoundaryThree.edgeEndpoints' depends on axioms: [propext, Classical.choice, Quot.sound]
info: Lib/AxiomAudit.lean:7033:0: 'TopologicalSpace.CubeBoundaryThree.finite_vertices' depends on axioms: [propext, Classical.choice, Quot.sound]
info: Lib/AxiomAudit.lean:7035:0: 'TopologicalSpace.CubeBoundaryThree.finite_edges' depends on axioms: [propext, Classical.choice, Quot.sound]
info: Lib/AxiomAudit.lean:7037:0: 'TopologicalSpace.CubeBoundaryThree.finite_squares' depends on axioms: [propext, Classical.choice, Quot.sound]
info: Lib/AxiomAudit.lean:7039:0: 'TopologicalSpace.CubeBoundaryThree.edge_endpoints_vertices' depends on axioms: [propext, Classical.choice, Quot.sound]
info: Lib/AxiomAudit.lean:7041:0: 'TopologicalSpace.CubeBoundaryThree.square_coordinate_description' depends on axioms: [propext,
info: Lib/AxiomAudit.lean:7043:0: 'TopologicalSpace.CubeBoundaryThree.exists_square_mem' depends on axioms: [propext, Classical.choice, Quot.sound]
info: Lib/AxiomAudit.lean:7045:0: 'TopologicalSpace.CubeBoundaryThree.square_eq_of_relInterior_inter_nonempty' depends on axioms: [propext,
info: Lib/AxiomAudit.lean:7047:0: 'TopologicalSpace.CubeBoundaryThree.square_boundary_edges' depends on axioms: [propext, Classical.choice, Quot.sound]
info: Lib/AxiomAudit.lean:7049:0: 'TopologicalSpace.CubeBoundaryThree.vertex_separation' depends on axioms: [propext, Classical.choice, Quot.sound]
info: Lib/AxiomAudit.lean:7051:0: 'TopologicalSpace.CubeBoundaryThree.edge_common_endpoint_geometry' depends on axioms: [propext,
info: Lib/AxiomAudit.lean:7053:0: 'TopologicalSpace.CubeBoundaryThree.edge_dist_ge_mesh_of_no_common_endpoint' depends on axioms: [propext,
info: Lib/AxiomAudit.lean:7058:0: 'TopologicalSpace.CubeBoundaryThree.BrickIndex' depends on axioms: [propext, Classical.choice, Quot.sound]
info: Lib/AxiomAudit.lean:7060:0: 'TopologicalSpace.CubeBoundaryThree.BrickIndex.vertex' depends on axioms: [propext, Classical.choice, Quot.sound]
info: Lib/AxiomAudit.lean:7062:0: 'TopologicalSpace.CubeBoundaryThree.BrickIndex.edge' depends on axioms: [propext, Classical.choice, Quot.sound]
info: Lib/AxiomAudit.lean:7064:0: 'TopologicalSpace.CubeBoundaryThree.BrickIndex.square' depends on axioms: [propext, Classical.choice, Quot.sound]
info: Lib/AxiomAudit.lean:7066:0: 'TopologicalSpace.CubeBoundaryThree.finite_brickIndex' depends on axioms: [propext, Classical.choice, Quot.sound]
info: Lib/AxiomAudit.lean:7068:0: 'TopologicalSpace.CubeBoundaryThree.vertexBrick' depends on axioms: [propext, Classical.choice, Quot.sound]
info: Lib/AxiomAudit.lean:7070:0: 'TopologicalSpace.CubeBoundaryThree.edgeBrick' depends on axioms: [propext, Classical.choice, Quot.sound]
info: Lib/AxiomAudit.lean:7072:0: 'TopologicalSpace.CubeBoundaryThree.squareBrick' depends on axioms: [propext, Classical.choice, Quot.sound]
info: Lib/AxiomAudit.lean:7074:0: 'TopologicalSpace.CubeBoundaryThree.brickSet' depends on axioms: [propext, Classical.choice, Quot.sound]
info: Lib/AxiomAudit.lean:7076:0: 'TopologicalSpace.CubeBoundaryThree.mem_vertexBrick' depends on axioms: [propext, Classical.choice, Quot.sound]
info: Lib/AxiomAudit.lean:7078:0: 'TopologicalSpace.CubeBoundaryThree.mem_edgeBrick' depends on axioms: [propext, Classical.choice, Quot.sound]
info: Lib/AxiomAudit.lean:7080:0: 'TopologicalSpace.CubeBoundaryThree.mem_squareBrick' depends on axioms: [propext, Classical.choice, Quot.sound]
info: Lib/AxiomAudit.lean:7082:0: 'TopologicalSpace.CubeBoundaryThree.brickSet_vertex' depends on axioms: [propext, Classical.choice, Quot.sound]
info: Lib/AxiomAudit.lean:7084:0: 'TopologicalSpace.CubeBoundaryThree.brickSet_edge' depends on axioms: [propext, Classical.choice, Quot.sound]
info: Lib/AxiomAudit.lean:7086:0: 'TopologicalSpace.CubeBoundaryThree.brickSet_square' depends on axioms: [propext, Classical.choice, Quot.sound]
info: Lib/AxiomAudit.lean:7091:0: 'TopologicalSpace.CubeBoundaryThree.brickOpens' depends on axioms: [propext, Classical.choice, Quot.sound]
info: Lib/AxiomAudit.lean:7093:0: 'TopologicalSpace.CubeBoundaryThree.coe_brickOpens' depends on axioms: [propext, Classical.choice, Quot.sound]
info: Lib/AxiomAudit.lean:7095:0: 'TopologicalSpace.CubeBoundaryThree.mem_brickOpens' depends on axioms: [propext, Classical.choice, Quot.sound]
info: Lib/AxiomAudit.lean:7097:0: 'TopologicalSpace.CubeBoundaryThree.coe_brickOpens_vertex' depends on axioms: [propext, Classical.choice, Quot.sound]
info: Lib/AxiomAudit.lean:7099:0: 'TopologicalSpace.CubeBoundaryThree.coe_brickOpens_edge' depends on axioms: [propext, Classical.choice, Quot.sound]
info: Lib/AxiomAudit.lean:7101:0: 'TopologicalSpace.CubeBoundaryThree.coe_brickOpens_square' depends on axioms: [propext, Classical.choice, Quot.sound]
info: Lib/AxiomAudit.lean:7103:0: 'TopologicalSpace.CubeBoundaryThree.mem_brickOpens_vertex' depends on axioms: [propext, Classical.choice, Quot.sound]
info: Lib/AxiomAudit.lean:7105:0: 'TopologicalSpace.CubeBoundaryThree.mem_brickOpens_edge' depends on axioms: [propext, Classical.choice, Quot.sound]
info: Lib/AxiomAudit.lean:7107:0: 'TopologicalSpace.CubeBoundaryThree.mem_brickOpens_square' depends on axioms: [propext, Classical.choice, Quot.sound]
info: Lib/AxiomAudit.lean:7109:0: 'TopologicalSpace.CubeBoundaryThree.brickRefinement' depends on axioms: [propext, Classical.choice, Quot.sound]
info: Lib/AxiomAudit.lean:7111:0: 'TopologicalSpace.CubeBoundaryThree.brickOpens_isOpenCover' depends on axioms: [propext, Classical.choice, Quot.sound]
info: Lib/AxiomAudit.lean:7113:0: 'TopologicalSpace.CubeBoundaryThree.brickOpens_multiplicityLE_three' depends on axioms: [propext,
info: Lib/AxiomAudit.lean:7115:0: 'TopologicalSpace.CubeBoundaryThree.hasCoveringDimensionLE_two' depends on axioms: [propext,
info: Lib/AxiomAudit.lean:7117:0: 'TopologicalSpace.SphereTwo.hasCoveringDimensionLE_two' depends on axioms: [propext, Classical.choice, Quot.sound]
info: Lib/AxiomAudit.lean:7119:0: 'TopologicalSpace.SphereTwo.hasCoveringDimensionLE_two_of_homeomorph' depends on axioms: [propext,
info: Lib/AxiomAudit.lean:7124:0: 'CategoryTheory.Functor.rightDerived_additive' depends on axioms: [propext, Classical.choice, Quot.sound]
info: Lib/AxiomAudit.lean:7129:0: 'CategoryTheory.ShortComplex.ShortExact.exists_injective_biprod_embedding' depends on axioms: [propext,
info: Lib/AxiomAudit.lean:7131:0: 'CategoryTheory.ShortComplex.ShortExact.injective_biprod_cokernel_successor' depends on axioms: [propext,
info: Lib/AxiomAudit.lean:7133:0: 'CategoryTheory.ShortComplex.ShortExact.exists_extension_to_split_injective' depends on axioms: [propext,
info: Lib/AxiomAudit.lean:7137:0: 'CategoryTheory.InjectiveResolution.exists_recursive_injective_presentations' depends on axioms: [propext,
info: Lib/AxiomAudit.lean:7141:0: 'CategoryTheory.InjectiveResolution.strict_sequence_of_recursive_presentations' depends on axioms: [propext,
info: Lib/AxiomAudit.lean:7143:0: 'CategoryTheory.InjectiveResolution.exists_presentations_of_compatible_resolutions' depends on axioms: [propext,
info: Lib/AxiomAudit.lean:7145:0: 'CategoryTheory.InjectiveResolution.exists_recursive_comparison' depends on axioms: [propext,
info: Lib/AxiomAudit.lean:7147:0: 'CategoryTheory.InjectiveResolution.exists_strict_comparison_of_compatible_resolutions' depends on axioms: [propext,
info: Lib/AxiomAudit.lean:7151:0: 'CategoryTheory.Functor.rightDerivedConnecting' depends on axioms: [propext, Classical.choice, Quot.sound]
info: Lib/AxiomAudit.lean:7153:0: 'CategoryTheory.Functor.rightDerivedConnecting_eq' depends on axioms: [propext, Classical.choice, Quot.sound]
info: Lib/AxiomAudit.lean:7157:0: 'CategoryTheory.Functor.rightDerivedConnecting_naturality' depends on axioms: [propext, Classical.choice, Quot.sound]
info: Lib/AxiomAudit.lean:7161:0: 'CategoryTheory.Functor.comp_rightDerivedConnecting' depends on axioms: [propext, Classical.choice, Quot.sound]
info: Lib/AxiomAudit.lean:7163:0: 'CategoryTheory.Functor.rightDerivedConnecting_comp' depends on axioms: [propext, Classical.choice, Quot.sound]
info: Lib/AxiomAudit.lean:7165:0: 'CategoryTheory.Functor.rightDerived_exact₁' depends on axioms: [propext, Classical.choice, Quot.sound]
info: Lib/AxiomAudit.lean:7167:0: 'CategoryTheory.Functor.rightDerived_exact₂' depends on axioms: [propext, Classical.choice, Quot.sound]
info: Lib/AxiomAudit.lean:7169:0: 'CategoryTheory.Functor.rightDerived_exact₃' depends on axioms: [propext, Classical.choice, Quot.sound]
info: Lib/AxiomAudit.lean:7171:0: 'CategoryTheory.Functor.rightDerived_zero_injective' depends on axioms: [propext, Classical.choice, Quot.sound]
info: Lib/AxiomAudit.lean:7175:0: 'CategoryTheory.CohomologicalDeltaFunctor.ofRightDerived' depends on axioms: [propext, Classical.choice, Quot.sound]
info: Lib/AxiomAudit.lean:7177:0: 'CategoryTheory.CohomologicalDeltaFunctor.ofRightDerived_T_obj' depends on axioms: [propext,
info: Lib/AxiomAudit.lean:7179:0: 'CategoryTheory.CohomologicalDeltaFunctor.ofRightDerived_δ' depends on axioms: [propext, Classical.choice, Quot.sound]
info: Lib/AxiomAudit.lean:7183:0: 'CategoryTheory.CohomologicalDeltaFunctor.ofRightDerived_effaceable' depends on axioms: [propext,
info: Lib/AxiomAudit.lean:7185:0: 'CategoryTheory.CohomologicalDeltaFunctor.ofRightDerived_isUniversal' depends on axioms: [propext,
info: Lib/AxiomAudit.lean:7189:0: 'TopCat.SheafCohomology.derivedGlobalSectionsDeltaFunctor' depends on axioms: [propext, Classical.choice, Quot.sound]
info: Lib/AxiomAudit.lean:7191:0: 'TopCat.SheafCohomology.derivedGlobalSectionsDegree' depends on axioms: [propext, Classical.choice, Quot.sound]
info: Lib/AxiomAudit.lean:7193:0: 'TopCat.SheafCohomology.derivedGlobalSectionsBoundary' depends on axioms: [propext, Classical.choice, Quot.sound]
info: Lib/AxiomAudit.lean:7195:0: 'TopCat.SheafCohomology.derivedGlobalSectionsDegreeZeroIso' depends on axioms: [propext, Classical.choice, Quot.sound]
info: Lib/AxiomAudit.lean:7197:0: 'TopCat.SheafCohomology.derivedGlobalSectionsEffaceable' depends on axioms: [propext, Classical.choice, Quot.sound]
info: Lib/AxiomAudit.lean:7199:0: 'TopCat.SheafCohomology.derivedGlobalSectionsIsUniversal' depends on axioms: [propext, Classical.choice, Quot.sound]
info: Lib/AxiomAudit.lean:7203:0: 'CategoryTheory.InjectiveResolution.extHomologyIso' depends on axioms: [propext, Classical.choice, Quot.sound]
info: Lib/AxiomAudit.lean:7205:0: 'CategoryTheory.InjectiveResolution.extHomologyIso_hom_extMk' depends on axioms: [propext, Classical.choice, Quot.sound]
info: Lib/AxiomAudit.lean:7207:0: 'CategoryTheory.InjectiveResolution.extHomologyIso_hom_naturality' depends on axioms: [propext,
info: Lib/AxiomAudit.lean:7209:0: 'CategoryTheory.Abelian.extFunctorObjIsoRightDerived' depends on axioms: [propext, Classical.choice, Quot.sound]
info: Lib/AxiomAudit.lean:7211:0: 'CategoryTheory.Abelian.extFunctorObjIsoRightDerived_hom_app' depends on axioms: [propext, Classical.choice, Quot.sound]
info: Lib/AxiomAudit.lean:7215:0: 'CategoryTheory.Abelian.extFunctorObjZeroIsoCoyoneda' depends on axioms: [propext, Classical.choice, Quot.sound]
info: Lib/AxiomAudit.lean:7217:0: 'CategoryTheory.InjectiveResolution.extFunctorObjZeroIsoCoyoneda_hom_app_extMk' depends on axioms: [propext,
info: Lib/AxiomAudit.lean:7221:0: 'CategoryTheory.Abelian.extConnecting' depends on axioms: [propext, Classical.choice, Quot.sound]
info: Lib/AxiomAudit.lean:7223:0: 'CategoryTheory.Abelian.extConnecting_eq' depends on axioms: [propext, Classical.choice, Quot.sound]
info: Lib/AxiomAudit.lean:7227:0: 'CategoryTheory.Abelian.comp_extConnecting' depends on axioms: [propext, Classical.choice, Quot.sound]
info: Lib/AxiomAudit.lean:7229:0: 'CategoryTheory.Abelian.extConnecting_comp' depends on axioms: [propext, Classical.choice, Quot.sound]
info: Lib/AxiomAudit.lean:7231:0: 'CategoryTheory.Abelian.ext_exact₁' depends on axioms: [propext, Classical.choice, Quot.sound]
info: Lib/AxiomAudit.lean:7233:0: 'CategoryTheory.Abelian.ext_exact₂' depends on axioms: [propext, Classical.choice, Quot.sound]
info: Lib/AxiomAudit.lean:7235:0: 'CategoryTheory.Abelian.ext_exact₃' depends on axioms: [propext, Classical.choice, Quot.sound]
info: Lib/AxiomAudit.lean:7237:0: 'CategoryTheory.Abelian.ext_zero_injective' depends on axioms: [propext, Classical.choice, Quot.sound]
info: Lib/AxiomAudit.lean:7241:0: 'CategoryTheory.NatIso.rightDerived' depends on axioms: [propext, Classical.choice, Quot.sound]
info: Lib/AxiomAudit.lean:7243:0: 'CategoryTheory.NatIso.rightDerived_hom' depends on axioms: [propext, Classical.choice, Quot.sound]
info: Lib/AxiomAudit.lean:7245:0: 'CategoryTheory.NatIso.rightDerived_inv' depends on axioms: [propext, Classical.choice, Quot.sound]
info: Lib/AxiomAudit.lean:7247:0: 'CategoryTheory.NatIso.rightDerived_zero_hom' depends on axioms: [propext, Classical.choice, Quot.sound]
info: Lib/AxiomAudit.lean:7251:0: 'CategoryTheory.Abelian.extConnecting_naturality' depends on axioms: [propext, Classical.choice, Quot.sound]
info: Lib/AxiomAudit.lean:7255:0: 'CategoryTheory.Abelian.extFunctorObjZeroIsoCoyoneda_eq' depends on axioms: [propext, Classical.choice, Quot.sound]
info: Lib/AxiomAudit.lean:7259:0: 'CategoryTheory.CohomologicalDeltaFunctor.ofExt' depends on axioms: [propext, Classical.choice, Quot.sound]
info: Lib/AxiomAudit.lean:7261:0: 'CategoryTheory.CohomologicalDeltaFunctor.ofExt_T_obj' depends on axioms: [propext, Classical.choice, Quot.sound]
info: Lib/AxiomAudit.lean:7263:0: 'CategoryTheory.CohomologicalDeltaFunctor.ofExt_δ' depends on axioms: [propext, Classical.choice, Quot.sound]
info: Lib/AxiomAudit.lean:7267:0: 'TopCat.SheafCohomology.extFunctorObjIsoDerivedGlobalSections' depends on axioms: [propext,
info: Lib/AxiomAudit.lean:7269:0: 'TopCat.SheafCohomology.extFunctorObjIsoDerivedGlobalSections_eq' depends on axioms: [propext,
info: Lib/AxiomAudit.lean:7271:0: 'TopCat.SheafCohomology.extFunctorObjIsoDerivedGlobalSections_zero' depends on axioms: [propext,
info: Lib/AxiomAudit.lean:7275:0: 'CategoryTheory.CohomologicalDeltaFunctor.ofExt_effaceable' depends on axioms: [propext, Classical.choice, Quot.sound]
info: Lib/AxiomAudit.lean:7277:0: 'CategoryTheory.CohomologicalDeltaFunctor.ofExt_isUniversal' depends on axioms: [propext, Classical.choice, Quot.sound]
info: Lib/AxiomAudit.lean:7281:0: 'TopologicalSpace.OpenCover.SetOpenCover.cechCohomologyToExt' depends on axioms: [propext, Classical.choice, Quot.sound]
info: Lib/AxiomAudit.lean:7283:0: 'TopologicalSpace.OpenCover.SetOpenCover.extToCechCohomology' depends on axioms: [propext, Classical.choice, Quot.sound]
info: Lib/AxiomAudit.lean:7285:0: 'TopologicalSpace.OpenCover.SetOpenCover.cechCohomologyToExt_app_zero' depends on axioms: [propext,
info: Lib/AxiomAudit.lean:7287:0: 'TopologicalSpace.OpenCover.SetOpenCover.extToCechCohomology_app_zero' depends on axioms: [propext,
info: Lib/AxiomAudit.lean:7291:0: 'CategoryTheory.NatIso.rightDerived_hom_connecting' depends on axioms: [propext, Classical.choice, Quot.sound]
info: Lib/AxiomAudit.lean:7293:0: 'CategoryTheory.NatIso.rightDerived_inv_connecting' depends on axioms: [propext, Classical.choice, Quot.sound]
info: Lib/AxiomAudit.lean:7297:0: 'CategoryTheory.CohomologicalDeltaFunctor.ofRightDerivedHom' depends on axioms: [propext, Classical.choice, Quot.sound]
info: Lib/AxiomAudit.lean:7299:0: 'CategoryTheory.CohomologicalDeltaFunctor.ofRightDerivedInv' depends on axioms: [propext, Classical.choice, Quot.sound]
info: Lib/AxiomAudit.lean:7301:0: 'CategoryTheory.CohomologicalDeltaFunctor.ofRightDerivedHom_app' depends on axioms: [propext,
info: Lib/AxiomAudit.lean:7303:0: 'CategoryTheory.CohomologicalDeltaFunctor.ofRightDerivedInv_app' depends on axioms: [propext,
info: Lib/AxiomAudit.lean:7305:0: 'CategoryTheory.CohomologicalDeltaFunctor.ofRightDerivedHom_comp_inv' depends on axioms: [propext,
info: Lib/AxiomAudit.lean:7307:0: 'CategoryTheory.CohomologicalDeltaFunctor.ofRightDerivedInv_comp_hom' depends on axioms: [propext,
info: Lib/AxiomAudit.lean:7311:0: 'TopologicalSpace.OpenCover.SetOpenCover.cechCohomologyToExt_comp_extToCechCohomology' depends on axioms: [propext,
info: Lib/AxiomAudit.lean:7313:0: 'TopologicalSpace.OpenCover.SetOpenCover.extToCechCohomology_comp_cechCohomologyToExt' depends on axioms: [propext,
info: Lib/AxiomAudit.lean:7317:0: 'CategoryTheory.Abelian.extConnecting_eq_rightDerived' depends on axioms: [propext, Classical.choice, Quot.sound]
info: Lib/AxiomAudit.lean:7321:0: 'TopCat.SheafCohomology.extFunctorObjIsoDerivedGlobalSections_hom_connecting' depends on axioms: [propext,
info: Lib/AxiomAudit.lean:7323:0: 'TopCat.SheafCohomology.extFunctorObjIsoDerivedGlobalSections_inv_connecting' depends on axioms: [propext,
info: Lib/AxiomAudit.lean:7327:0: 'TopCat.SheafCohomology.extDerivedGlobalSectionsHom' depends on axioms: [propext, Classical.choice, Quot.sound]
info: Lib/AxiomAudit.lean:7329:0: 'TopCat.SheafCohomology.extDerivedGlobalSectionsInv' depends on axioms: [propext, Classical.choice, Quot.sound]
info: Lib/AxiomAudit.lean:7331:0: 'TopCat.SheafCohomology.extDerivedGlobalSectionsHom_app' depends on axioms: [propext, Classical.choice, Quot.sound]
info: Lib/AxiomAudit.lean:7333:0: 'TopCat.SheafCohomology.extDerivedGlobalSectionsInv_app' depends on axioms: [propext, Classical.choice, Quot.sound]
info: Lib/AxiomAudit.lean:7335:0: 'TopCat.SheafCohomology.extDerivedGlobalSectionsHom_comp_inv' depends on axioms: [propext, Classical.choice, Quot.sound]
info: Lib/AxiomAudit.lean:7337:0: 'TopCat.SheafCohomology.extDerivedGlobalSectionsInv_comp_hom' depends on axioms: [propext, Classical.choice, Quot.sound]
info: Lib/AxiomAudit.lean:7339:0: 'TopCat.SheafCohomology.extDerivedGlobalSectionsHom_app_zero' depends on axioms: [propext, Classical.choice, Quot.sound]
info: Lib/AxiomAudit.lean:7341:0: 'TopCat.SheafCohomology.extDerivedGlobalSectionsHom_unique' depends on axioms: [propext, Classical.choice, Quot.sound]
info: Lib/AxiomAudit.lean:7345:0: 'TopologicalSpace.OpenCover.SetOpenCover.cechDerivedGlobalSectionsHom' depends on axioms: [propext,
info: Lib/AxiomAudit.lean:7347:0: 'TopologicalSpace.OpenCover.SetOpenCover.cechDerivedGlobalSectionsInv' depends on axioms: [propext,
info: Lib/AxiomAudit.lean:7349:0: 'TopologicalSpace.OpenCover.SetOpenCover.cechDerivedGlobalSectionsHom_app' depends on axioms: [propext,
info: Lib/AxiomAudit.lean:7351:0: 'TopologicalSpace.OpenCover.SetOpenCover.cechDerivedGlobalSectionsInv_app' depends on axioms: [propext,
info: Lib/AxiomAudit.lean:7353:0: 'TopologicalSpace.OpenCover.SetOpenCover.cechDerivedGlobalSectionsHom_comp_inv' depends on axioms: [propext,
info: Lib/AxiomAudit.lean:7355:0: 'TopologicalSpace.OpenCover.SetOpenCover.cechDerivedGlobalSectionsInv_comp_hom' depends on axioms: [propext,
info: Lib/AxiomAudit.lean:7357:0: 'TopologicalSpace.OpenCover.SetOpenCover.cechDerivedGlobalSectionsHom_app_zero' depends on axioms: [propext,
info: Lib/AxiomAudit.lean:7359:0: 'TopologicalSpace.OpenCover.SetOpenCover.cechDerivedGlobalSectionsHom_unique' depends on axioms: [propext,
info: Lib/AxiomAudit.lean:7363:0: 'TopologicalSpace.OpenCover.SetOpenCover.cechToDerivedGlobalSections' depends on axioms: [propext,
info: Lib/AxiomAudit.lean:7365:0: 'TopologicalSpace.OpenCover.SetOpenCover.derivedGlobalSectionsToCech' depends on axioms: [propext,
info: Lib/AxiomAudit.lean:7367:0: 'TopologicalSpace.OpenCover.SetOpenCover.cechToDerivedGlobalSections_app_zero' depends on axioms: [propext,
info: Lib/AxiomAudit.lean:7369:0: 'TopologicalSpace.OpenCover.SetOpenCover.derivedGlobalSectionsToCech_app_zero' depends on axioms: [propext,
info: Lib/AxiomAudit.lean:7371:0: 'TopologicalSpace.OpenCover.SetOpenCover.cechToDerivedGlobalSections_comp_reverse' depends on axioms: [propext,
info: Lib/AxiomAudit.lean:7373:0: 'TopologicalSpace.OpenCover.SetOpenCover.derivedGlobalSectionsToCech_comp_forward' depends on axioms: [propext,
info: Lib/AxiomAudit.lean:7375:0: 'TopologicalSpace.OpenCover.SetOpenCover.cechCohomologyIsoDerivedGlobalSections' depends on axioms: [propext,
info: Lib/AxiomAudit.lean:7377:0: 'TopologicalSpace.OpenCover.SetOpenCover.cechCohomologyIsoDerivedGlobalSections_hom' depends on axioms: [propext,
info: Lib/AxiomAudit.lean:7379:0: 'TopologicalSpace.OpenCover.SetOpenCover.cechCohomologyIsoDerivedGlobalSections_inv' depends on axioms: [propext,
info: Lib/AxiomAudit.lean:7381:0: 'TopologicalSpace.OpenCover.SetOpenCover.cechToDerivedGlobalSections_unique' depends on axioms: [propext,
info: Lib/AxiomAudit.lean:7383:0: 'TopologicalSpace.OpenCover.SetOpenCover.cechToDerivedGlobalSections_eq_fixed' depends on axioms: [propext,
info: Lib/AxiomAudit.lean:7387:0: 'TopCat.SheafCohomology.derivedGlobalSections_isZero_of_coveringDimensionLE' depends on axioms: [propext,
info: Lib/AxiomAudit.lean:7389:0: 'TopCat.SheafCohomology.derivedGlobalSections_subsingleton_of_coveringDimensionLE' depends on axioms: [propext,
info: Lib/AxiomAudit.lean:7393:0: 'AnalyticRootCover.exists_analytic_square_root' depends on axioms: [propext, Classical.choice, Quot.sound]
info: Lib/AxiomAudit.lean:7394:0: 'AnalyticRootCover.exists_analytic_square_root_ball' depends on axioms: [propext, Classical.choice, Quot.sound]
info: Lib/AxiomAudit.lean:7395:0: 'AnalyticRootCover.exists_analytic_square_root_on_of_even_zeros' depends on axioms: [propext,
info: Lib/AxiomAudit.lean:7396:0: 'DiskCube.boundary_iff' depends on axioms: [propext, Classical.choice, Quot.sound]
info: Lib/AxiomAudit.lean:7397:0: 'DiskCube.homeomorph' depends on axioms: [propext, Classical.choice, Quot.sound]
info: Lib/AxiomAudit.lean:7398:0: 'HolomorphicCousin.exists_normalized_holomorphic_cocycle_solution' depends on axioms: [propext,
info: Lib/AxiomAudit.lean:7399:0: 'Hurewicz.exists_basepoint_adjustment' depends on axioms: [propext, Classical.choice, Quot.sound]
info: Lib/AxiomAudit.lean:7400:0: 'Hurewicz.hurewiczLinearEquiv' depends on axioms: [propext, Classical.choice, Quot.sound]
info: Lib/AxiomAudit.lean:7401:0: 'Hurewicz.hurewiczLinearEquivOfTwoLE' depends on axioms: [propext, Classical.choice, Quot.sound]
info: Lib/AxiomAudit.lean:7402:0: 'Hurewicz.hurewiczLinearEquivOfTwoLE_natural' depends on axioms: [propext, Classical.choice, Quot.sound]
info: Lib/AxiomAudit.lean:7403:0: 'Hurewicz.pi_subsingleton_of_homology_vanishing' depends on axioms: [propext, Classical.choice, Quot.sound]
info: Lib/AxiomAudit.lean:7404:0: 'Hurewicz.right_inverse_is_left_inverse' depends on axioms: [propext, Classical.choice, Quot.sound]
info: Lib/AxiomAudit.lean:7405:0: 'Hurewicz.sphere_homotopicRel_of_topClass_eq' depends on axioms: [propext, Classical.choice, Quot.sound]
info: Lib/AxiomAudit.lean:7406:0: 'Hurewicz.sphere_homotopic_id_of_topClass' depends on axioms: [propext, Classical.choice, Quot.sound]
info: Lib/AxiomAudit.lean:7407:0: 'Hurewicz.sphere_pi_subsingleton_of_lt' depends on axioms: [propext, Classical.choice, Quot.sound]
info: Lib/AxiomAudit.lean:7408:0: 'Hurewicz.subsingleton_singularHomology_of_lt' depends on axioms: [propext, Classical.choice, Quot.sound]
info: Lib/AxiomAudit.lean:7409:0: 'LinearSphereAction.homology_eq_sign_smul' depends on axioms: [propext, Classical.choice, Quot.sound]
info: Lib/AxiomAudit.lean:7410:0: 'ManifoldMorse.SignedMorseChart.exists_attachingUnionHomeomorph_with_level_and_orbits' depends on axioms: [propext,
info: Lib/AxiomAudit.lean:7411:0: 'ManifoldMorse.exists_morse_function' depends on axioms: [propext, Classical.choice, Quot.sound]
info: Lib/AxiomAudit.lean:7412:0: 'ManifoldMorse.nonempty_homeomorphSphere_of_two_critical_points' depends on axioms: [propext,
info: Lib/AxiomAudit.lean:7413:0: 'MappingTorusHomology.monodromyHomologyMap' depends on axioms: [propext, Classical.choice, Quot.sound]
info: Lib/AxiomAudit.lean:7414:0: 'MorseCancellation.cancel_of_transverse_level_isotopy' depends on axioms: [propext, Classical.choice, Quot.sound]
info: Lib/AxiomAudit.lean:7415:0: 'MorseCancellation.exists_excellent_indexed_morse_birth' depends on axioms: [propext, Classical.choice, Quot.sound]
info: Lib/AxiomAudit.lean:7416:0: 'MorseCells.built_of_compact_smooth_manifold' depends on axioms: [propext, Classical.choice, Quot.sound]
info: Lib/AxiomAudit.lean:7417:0: 'MorseRearrangement.exists_morse_rearrangement_of_no_connection' depends on axioms: [propext,
info: Lib/AxiomAudit.lean:7418:0: 'RiemannMapping.exists_bijOn_unitBall_deriv_ne_zero_map_eq_zero' depends on axioms: [propext,
info: Lib/AxiomAudit.lean:7419:0: 'SingularMayerVietoris.exact_at_ambient' depends on axioms: [propext, Classical.choice, Quot.sound]
info: Lib/AxiomAudit.lean:7420:0: 'SmoothMorseLemma.exists_signed_morse_chart_of_contDiffOn' depends on axioms: [propext, Classical.choice, Quot.sound]
info: Lib/AxiomAudit.lean:7421:0: 'SphereHomology.unitSphere_homology_subsingleton' depends on axioms: [propext, Classical.choice, Quot.sound]
info: Lib/AxiomAudit.lean:7422:0: 'SplitGroupExtension.mulEquiv' depends on axioms: [propext, Classical.choice, Quot.sound]
info: Lib/AxiomAudit.lean:7423:0: 'exists_tubularNeighborhood_in_open_of_embedded_closedBall' depends on axioms: [propext, Classical.choice, Quot.sound]
info: Lib/AxiomAudit.lean:7424:0: 'simplyConnectedSpace_of_open_cover' depends on axioms: [propext, Classical.choice, Quot.sound]
info: Lib/AxiomAudit.lean:7429:0: 'Convex.basedLoopContraction' depends on axioms: [propext, Classical.choice, Quot.sound]
info: Lib/AxiomAudit.lean:7431:0: 'Convex.basedLoopContraction_apply' depends on axioms: [propext, Classical.choice, Quot.sound]
info: Lib/AxiomAudit.lean:7436:0: 'DeterminingFamily.commute_all_of_hom_ext' depends on axioms: [propext, Quot.sound]
info: Lib/AxiomAudit.lean:7438:0: 'DeterminingFamily.commute_all_of_lattice_image_eq_zpow' depends on axioms: [propext, Quot.sound]
info: Lib/AxiomAudit.lean:7440:0: 'AddMonoidHom.surjective_restrict_left_of_signed_zero' depends on axioms: [propext, Classical.choice, Quot.sound]
info: Lib/AxiomAudit.lean:7442:0: 'AddMonoidHom.restrict_left_eq_zero_iff_of_signed_exact' depends on axioms: [propext]
info: Lib/AxiomAudit.lean:7446:0: 'Complex.fractionalLinear_reverse_local' depends on axioms: [propext, Classical.choice, Quot.sound]
info: Lib/AxiomAudit.lean:7449:0: 'RiemannBoundary.principalRoot_three_reverse_of_wedge' depends on axioms: [propext, Classical.choice, Quot.sound]
info: Lib/AxiomAudit.lean:7452:0: 'Compactification.exists_homeomorph_of_paired_limits' depends on axioms: [propext, Classical.choice, Quot.sound]
info: Lib/AxiomAudit.lean:7455:0: 'RiemannSphere.closedOrientedHalfPlane_topology' depends on axioms: [propext, Classical.choice, Quot.sound]
info: Lib/AxiomAudit.lean:7458:0: 'RiemannSphere.closedDiscHalfPlaneHomeomorph_inverse_receipt' depends on axioms: [propext, Classical.choice, Quot.sound]
info: Lib/AxiomAudit.lean:7461:0: 'Hyperbolic.upperHalfPlaneToHyperboloidCoords_mem' depends on axioms: [propext, Classical.choice, Quot.sound]
info: Lib/AxiomAudit.lean:7464:0: 'Hyperbolic.upperHalfPlaneToHyperboloidCoords_sub' depends on axioms: [propext, Classical.choice, Quot.sound]
info: Lib/AxiomAudit.lean:7467:0: 'Hyperbolic.upperHalfPlaneToHyperboloidCoords_add' depends on axioms: [propext, Classical.choice, Quot.sound]
info: Lib/AxiomAudit.lean:7470:0: 'Hyperbolic.hyperboloid_abs_y_lt_t' depends on axioms: [propext, Classical.choice, Quot.sound]
info: Lib/AxiomAudit.lean:7473:0: 'Hyperbolic.hyperboloid_denominator_pos' depends on axioms: [propext, Classical.choice, Quot.sound]
info: Lib/AxiomAudit.lean:7476:0: 'Hyperbolic.hyperboloidToUpperHalfPlaneCoords_im_pos' depends on axioms: [propext, Classical.choice, Quot.sound]
info: Lib/AxiomAudit.lean:7479:0: 'Hyperbolic.hyperboloidCoords_left_inv' depends on axioms: [propext, Classical.choice, Quot.sound]
info: Lib/AxiomAudit.lean:7482:0: 'Hyperbolic.hyperboloidCoords_right_inv' depends on axioms: [propext, Classical.choice, Quot.sound]
info: Lib/AxiomAudit.lean:7485:0: 'Hyperbolic.toHyperboloid' depends on axioms: [propext, Classical.choice, Quot.sound]
info: Lib/AxiomAudit.lean:7488:0: 'Hyperbolic.fromHyperboloid' depends on axioms: [propext, Classical.choice, Quot.sound]
info: Lib/AxiomAudit.lean:7491:0: 'Hyperbolic.toHyperboloid_val' depends on axioms: [propext, Classical.choice, Quot.sound]
info: Lib/AxiomAudit.lean:7494:0: 'Hyperbolic.fromHyperboloid_coe' depends on axioms: [propext, Classical.choice, Quot.sound]
info: Lib/AxiomAudit.lean:7497:0: 'Hyperbolic.fromHyperboloid_toHyperboloid' depends on axioms: [propext, Classical.choice, Quot.sound]
info: Lib/AxiomAudit.lean:7500:0: 'Hyperbolic.toHyperboloid_fromHyperboloid' depends on axioms: [propext, Classical.choice, Quot.sound]
info: Lib/AxiomAudit.lean:7503:0: 'Hyperbolic.upperHalfPlaneEquivHyperboloid' depends on axioms: [propext, Classical.choice, Quot.sound]
info: Lib/AxiomAudit.lean:7506:0: 'Hyperbolic.upperHalfPlaneEquivHyperboloid_apply' depends on axioms: [propext, Classical.choice, Quot.sound]
info: Lib/AxiomAudit.lean:7509:0: 'Hyperbolic.upperHalfPlaneEquivHyperboloid_symm_apply' depends on axioms: [propext, Classical.choice, Quot.sound]
info: Lib/AxiomAudit.lean:7513:0: 'Hyperbolic.contDiffOn_upperHalfPlaneToHyperboloidCoords' depends on axioms: [propext, Classical.choice, Quot.sound]
info: Lib/AxiomAudit.lean:7516:0: 'Hyperbolic.contDiffOn_hyperboloidToUpperHalfPlaneCoords' depends on axioms: [propext, Classical.choice, Quot.sound]
info: Lib/AxiomAudit.lean:7519:0: 'Hyperbolic.continuous_toHyperboloid' depends on axioms: [propext, Classical.choice, Quot.sound]
info: Lib/AxiomAudit.lean:7522:0: 'Hyperbolic.continuous_fromHyperboloid' depends on axioms: [propext, Classical.choice, Quot.sound]
info: Lib/AxiomAudit.lean:7525:0: 'Hyperbolic.upperHalfPlaneHomeomorphHyperboloid' depends on axioms: [propext, Classical.choice, Quot.sound]
info: Lib/AxiomAudit.lean:7528:0: 'Hyperbolic.upperHalfPlaneHomeomorphHyperboloid_toEquiv' depends on axioms: [propext, Classical.choice, Quot.sound]
info: Lib/AxiomAudit.lean:7531:0: 'Hyperbolic.isOpenEmbedding_hyperboloidCoords' depends on axioms: [propext, Classical.choice, Quot.sound]
info: Lib/AxiomAudit.lean:7534:0: 'Hyperbolic.range_hyperboloidCoords' depends on axioms: [propext, Classical.choice, Quot.sound]
info: Lib/AxiomAudit.lean:7537:0: 'Hyperbolic.hyperboloidNonempty' depends on axioms: [propext, Classical.choice, Quot.sound]
info: Lib/AxiomAudit.lean:7540:0: 'Hyperbolic.hyperboloidChartedSpace' depends on axioms: [propext, Classical.choice, Quot.sound]
info: Lib/AxiomAudit.lean:7543:0: 'Hyperbolic.hyperboloidIsManifoldReal' depends on axioms: [propext, Classical.choice, Quot.sound]
info: Lib/AxiomAudit.lean:7546:0: 'Hyperbolic.upperHalfPlaneIsManifoldReal' depends on axioms: [propext, Classical.choice, Quot.sound]
info: Lib/AxiomAudit.lean:7549:0: 'Hyperbolic.hyperboloid_chartAt' depends on axioms: [propext, Classical.choice, Quot.sound]
info: Lib/AxiomAudit.lean:7552:0: 'Hyperbolic.hyperboloid_extChartAt' depends on axioms: [propext, Classical.choice, Quot.sound]
info: Lib/AxiomAudit.lean:7555:0: 'Hyperbolic.hyperboloid_extChartAt_symm_val' depends on axioms: [propext, Classical.choice, Quot.sound]
info: Lib/AxiomAudit.lean:7558:0: 'Hyperbolic.contMDiff_toHyperboloid' depends on axioms: [propext, Classical.choice, Quot.sound]
info: Lib/AxiomAudit.lean:7561:0: 'Hyperbolic.contMDiff_fromHyperboloid' depends on axioms: [propext, Classical.choice, Quot.sound]
info: Lib/AxiomAudit.lean:7564:0: 'Hyperbolic.contMDiff_hyperboloid_val' depends on axioms: [propext, Classical.choice, Quot.sound]
info: Lib/AxiomAudit.lean:7567:0: 'Hyperbolic.fderiv_upperHalfPlaneToHyperboloidCoords' depends on axioms: [propext, Classical.choice, Quot.sound]
info: Lib/AxiomAudit.lean:7570:0: 'Hyperbolic.fderiv_hyperboloidToUpperHalfPlaneCoords' depends on axioms: [propext, Classical.choice, Quot.sound]
info: Lib/AxiomAudit.lean:7573:0: 'Hyperbolic.lorentzFunctional' depends on axioms: [propext, Classical.choice, Quot.sound]
info: Lib/AxiomAudit.lean:7576:0: 'Hyperbolic.lorentzFunctional_apply' depends on axioms: [propext, Classical.choice, Quot.sound]
info: Lib/AxiomAudit.lean:7579:0: 'Hyperbolic.fderiv_toHyperboloid_mem_ker' depends on axioms: [propext, Classical.choice, Quot.sound]
info: Lib/AxiomAudit.lean:7582:0: 'Hyperbolic.fderiv_hyperboloid_left_inv' depends on axioms: [propext, Classical.choice, Quot.sound]
info: Lib/AxiomAudit.lean:7585:0: 'Hyperbolic.fderiv_hyperboloid_right_inv' depends on axioms: [propext, Classical.choice, Quot.sound]
info: Lib/AxiomAudit.lean:7588:0: 'Hyperbolic.range_fderiv_toHyperboloid' depends on axioms: [propext, Classical.choice, Quot.sound]
info: Lib/AxiomAudit.lean:7591:0: 'Hyperbolic.injective_fderiv_toHyperboloid' depends on axioms: [propext, Classical.choice, Quot.sound]
info: Lib/AxiomAudit.lean:7594:0: 'Hyperbolic.mfderiv_hyperboloid_val' depends on axioms: [propext, Classical.choice, Quot.sound]
info: Lib/AxiomAudit.lean:7597:0: 'Hyperbolic.range_mfderiv_hyperboloid_val' depends on axioms: [propext, Classical.choice, Quot.sound]
info: Lib/AxiomAudit.lean:7600:0: 'Hyperbolic.mfderiv_fromHyperboloid_comp_toHyperboloid' depends on axioms: [propext, Classical.choice, Quot.sound]
info: Lib/AxiomAudit.lean:7603:0: 'Hyperbolic.mfderiv_toHyperboloid_comp_fromHyperboloid' depends on axioms: [propext, Classical.choice, Quot.sound]
info: Lib/AxiomAudit.lean:7606:0: 'Hyperbolic.hyperboloidTangentEquivKer' depends on axioms: [propext, Classical.choice, Quot.sound]
info: Lib/AxiomAudit.lean:7609:0: 'Hyperbolic.hyperboloidTangentEquivKer_apply' depends on axioms: [propext, Classical.choice, Quot.sound]
info: Lib/AxiomAudit.lean:7612:0: 'Hyperbolic.hyperboloidTangentEquivKer_symm_apply' depends on axioms: [propext, Classical.choice, Quot.sound]
info: Lib/AxiomAudit.lean:7615:0: 'Hyperbolic.hyperboloid_chart_inverse_eventually' depends on axioms: [propext, Classical.choice, Quot.sound]
info: Lib/AxiomAudit.lean:7618:0: 'ContinuousLinearMap.isVonNBounded_positiveBilinear_unitBall' depends on axioms: [propext, Classical.choice, Quot.sound]
info: Lib/AxiomAudit.lean:7621:0: 'Bundle.smoothMetricOfPositive' depends on axioms: [propext, Classical.choice, Quot.sound]
info: Lib/AxiomAudit.lean:7624:0: 'Bundle.smoothMetricOfPositive_inner' depends on axioms: [propext, Classical.choice, Quot.sound]
info: Lib/AxiomAudit.lean:7627:0: 'Hyperbolic.lorentzBilinear' depends on axioms: [propext, Classical.choice, Quot.sound]
info: Lib/AxiomAudit.lean:7630:0: 'Hyperbolic.upperHalfPlaneCoordinateTensor' depends on axioms: [propext, Classical.choice, Quot.sound]
info: Lib/AxiomAudit.lean:7633:0: 'Hyperbolic.lorentzBilinear_apply' depends on axioms: [propext, Classical.choice, Quot.sound]
info: Lib/AxiomAudit.lean:7636:0: 'Hyperbolic.lorentzBilinear_eq_functional' depends on axioms: [propext, Classical.choice, Quot.sound]
info: Lib/AxiomAudit.lean:7639:0: 'Hyperbolic.upperHalfPlaneCoordinateTensor_apply' depends on axioms: [propext, Classical.choice, Quot.sound]
info: Lib/AxiomAudit.lean:7642:0: 'Hyperbolic.fderiv_upperHalfPlaneToHyperboloidCoords_x' depends on axioms: [propext, Classical.choice, Quot.sound]
info: Lib/AxiomAudit.lean:7645:0: 'Hyperbolic.fderiv_upperHalfPlaneToHyperboloidCoords_sub' depends on axioms: [propext, Classical.choice, Quot.sound]
info: Lib/AxiomAudit.lean:7648:0: 'Hyperbolic.fderiv_upperHalfPlaneToHyperboloidCoords_add' depends on axioms: [propext, Classical.choice, Quot.sound]
info: Lib/AxiomAudit.lean:7651:0: 'Hyperbolic.lorentz_fderiv_eq_auxiliary' depends on axioms: [propext, Classical.choice, Quot.sound]
info: Lib/AxiomAudit.lean:7654:0: 'Hyperbolic.auxiliary_fderiv_quadratic' depends on axioms: [propext, Classical.choice, Quot.sound]
info: Lib/AxiomAudit.lean:7657:0: 'Hyperbolic.lorentz_fderiv_quadratic' depends on axioms: [propext, Classical.choice, Quot.sound]
info: Lib/AxiomAudit.lean:7660:0: 'Hyperbolic.lorentzBilinear_symm' depends on axioms: [propext, Classical.choice, Quot.sound]
info: Lib/AxiomAudit.lean:7663:0: 'Hyperbolic.upperHalfPlaneCoordinateTensor_symm' depends on axioms: [propext, Classical.choice, Quot.sound]
info: Lib/AxiomAudit.lean:7666:0: 'Hyperbolic.lorentz_fderiv_bilinear' depends on axioms: [propext, Classical.choice, Quot.sound]
info: Lib/AxiomAudit.lean:7669:0: 'Hyperbolic.upperHalfPlaneCoordinateTensor_pos' depends on axioms: [propext, Classical.choice, Quot.sound]
info: Lib/AxiomAudit.lean:7672:0: 'Hyperbolic.lorentzBilinear_pos_on_ker' depends on axioms: [propext, Classical.choice, Quot.sound]
info: Lib/AxiomAudit.lean:7675:0: 'Hyperbolic.upperHalfPlaneTangentTensor' depends on axioms: [propext, Classical.choice, Quot.sound]
info: Lib/AxiomAudit.lean:7678:0: 'Hyperbolic.hyperboloidTangentTensor' depends on axioms: [propext, Classical.choice, Quot.sound]
info: Lib/AxiomAudit.lean:7681:0: 'Hyperbolic.upperHalfPlaneTangentTensor_apply' depends on axioms: [propext, Classical.choice, Quot.sound]
info: Lib/AxiomAudit.lean:7684:0: 'Hyperbolic.hyperboloidTangentTensor_apply' depends on axioms: [propext, Classical.choice, Quot.sound]
info: Lib/AxiomAudit.lean:7687:0: 'Hyperbolic.upperHalfPlaneTangentTensor_symm' depends on axioms: [propext, Classical.choice, Quot.sound]
info: Lib/AxiomAudit.lean:7690:0: 'Hyperbolic.hyperboloidTangentTensor_symm' depends on axioms: [propext, Classical.choice, Quot.sound]
info: Lib/AxiomAudit.lean:7693:0: 'Hyperbolic.upperHalfPlaneTangentTensor_pos' depends on axioms: [propext, Classical.choice, Quot.sound]
info: Lib/AxiomAudit.lean:7696:0: 'Hyperbolic.hyperboloidTangentTensor_pos' depends on axioms: [propext, Classical.choice, Quot.sound]
info: Lib/AxiomAudit.lean:7699:0: 'Hyperbolic.toHyperboloid_preserves_tangentTensor' depends on axioms: [propext, Classical.choice, Quot.sound]
info: Lib/AxiomAudit.lean:7702:0: 'Hyperbolic.upperHalfPlaneTangentTensor_inCoordinates' depends on axioms: [propext, Classical.choice, Quot.sound]
info: Lib/AxiomAudit.lean:7705:0: 'Hyperbolic.hyperboloidTangentTensor_inCoordinates' depends on axioms: [propext, Classical.choice, Quot.sound]
info: Lib/AxiomAudit.lean:7708:0: 'Hyperbolic.contMDiff_upperHalfPlaneCoordinateTensor' depends on axioms: [propext, Classical.choice, Quot.sound]
info: Lib/AxiomAudit.lean:7711:0: 'Hyperbolic.contMDiff_upperHalfPlaneTangentTensor' depends on axioms: [propext, Classical.choice, Quot.sound]
info: Lib/AxiomAudit.lean:7714:0: 'Hyperbolic.contMDiff_hyperboloidTangentTensor' depends on axioms: [propext, Classical.choice, Quot.sound]
info: Lib/AxiomAudit.lean:7717:0: 'Manifold.speed_comp_of_tensorPreserving' depends on axioms: [propext, Classical.choice, Quot.sound]
info: Lib/AxiomAudit.lean:7720:0: 'Manifold.speedWithin_comp_of_tensorPreserving' depends on axioms: [propext, Classical.choice, Quot.sound]
info: Lib/AxiomAudit.lean:7723:0: 'Manifold.mfderiv_symm_comp_of_diffeomorph' depends on axioms: [propext, Classical.choice, Quot.sound]
info: Lib/AxiomAudit.lean:7726:0: 'Manifold.mfderiv_comp_symm_of_diffeomorph' depends on axioms: [propext, Classical.choice, Quot.sound]
info: Lib/AxiomAudit.lean:7729:0: 'Manifold.symm_tensorPreserving_of_diffeomorph' depends on axioms: [propext, Classical.choice, Quot.sound]
info: Lib/AxiomAudit.lean:7732:0: 'Manifold.symm_norm_enorm_of_tensorPreserving' depends on axioms: [propext, Classical.choice, Quot.sound]
info: Lib/AxiomAudit.lean:7735:0: 'Manifold.IsPiecewiseC1On' depends on axioms: [propext, Classical.choice, Quot.sound]
info: Lib/AxiomAudit.lean:7738:0: 'Manifold.PiecewiseC1CurveOn' depends on axioms: [propext, Classical.choice, Quot.sound]
info: Lib/AxiomAudit.lean:7741:0: 'Manifold.IsPiecewiseC1On.comp_contMDiff' depends on axioms: [propext, Classical.choice, Quot.sound]
info: Lib/AxiomAudit.lean:7744:0: 'Manifold.PiecewiseC1CurveOn.map' depends on axioms: [propext, Classical.choice, Quot.sound]
info: Lib/AxiomAudit.lean:7747:0: 'Manifold.PiecewiseC1CurveOn.map_apply' depends on axioms: [propext, Classical.choice, Quot.sound]
info: Lib/AxiomAudit.lean:7750:0: 'Manifold.PiecewiseC1CurveOn.mapEquiv' depends on axioms: [propext, Classical.choice, Quot.sound]
info: Lib/AxiomAudit.lean:7753:0: 'Manifold.PiecewiseC1CurveOn.mapEquiv_apply' depends on axioms: [propext, Classical.choice, Quot.sound]
info: Lib/AxiomAudit.lean:7756:0: 'Manifold.PiecewiseC1CurveOn.mapEquiv_symm_apply' depends on axioms: [propext, Classical.choice, Quot.sound]
info: Lib/AxiomAudit.lean:7759:0: 'Fin.commonCutValues' depends on axioms: [propext, Classical.choice, Quot.sound]
info: Lib/AxiomAudit.lean:7762:0: 'Fin.commonCutCount' depends on axioms: [propext, Classical.choice, Quot.sound]
info: Lib/AxiomAudit.lean:7765:0: 'Fin.commonCutValues_nonempty' depends on axioms: [propext, Classical.choice, Quot.sound]
info: Lib/AxiomAudit.lean:7768:0: 'Fin.commonCutValues_card' depends on axioms: [propext, Classical.choice, Quot.sound]
info: Lib/AxiomAudit.lean:7771:0: 'Fin.commonCut' depends on axioms: [propext, Classical.choice, Quot.sound]
info: Lib/AxiomAudit.lean:7774:0: 'Fin.commonCutRankLeft' depends on axioms: [propext, Classical.choice, Quot.sound]
info: Lib/AxiomAudit.lean:7777:0: 'Fin.commonCutRankRight' depends on axioms: [propext, Classical.choice, Quot.sound]
info: Lib/AxiomAudit.lean:7780:0: 'Fin.commonCut_properties' depends on axioms: [propext, Classical.choice, Quot.sound]
info: Lib/AxiomAudit.lean:7783:0: 'Fin.commonCut_order_endpoints' depends on axioms: [propext, Classical.choice, Quot.sound]
info: Lib/AxiomAudit.lean:7786:0: 'Fin.commonCutCount_eq_zero' depends on axioms: [propext, Classical.choice, Quot.sound]
info: Lib/AxiomAudit.lean:7789:0: 'Fin.rankBlock' depends on axioms: [propext, Classical.choice, Quot.sound]
info: Lib/AxiomAudit.lean:7792:0: 'Fin.rankBlockSize' does not depend on any axioms
info: Lib/AxiomAudit.lean:7795:0: 'Fin.rankBlock_disjoint' depends on axioms: [propext, Classical.choice, Quot.sound]
info: Lib/AxiomAudit.lean:7798:0: 'Fin.rankBlock_cover' depends on axioms: [propext, Classical.choice, Quot.sound]
info: Lib/AxiomAudit.lean:7801:0: 'Fin.rankBlock_unique_owner' depends on axioms: [propext, Classical.choice, Quot.sound]
info: Lib/AxiomAudit.lean:7804:0: 'Fin.rankBlock_empty' depends on axioms: [propext, Classical.choice, Quot.sound]
info: Lib/AxiomAudit.lean:7807:0: 'Fin.rankBlock_strict' depends on axioms: [propext, Classical.choice, Quot.sound]
info: Lib/AxiomAudit.lean:7810:0: 'Fin.rankTarget_zero_of_source_zero' depends on axioms: [propext]
info: Lib/AxiomAudit.lean:7813:0: 'Fin.rankBlockEquiv' depends on axioms: [propext, Classical.choice, Quot.sound]
info: Lib/AxiomAudit.lean:7816:0: 'Fin.rankBlockEquiv_val' depends on axioms: [propext, Classical.choice, Quot.sound]
info: Lib/AxiomAudit.lean:7819:0: 'Fin.rankBlockCut_bound' depends on axioms: [propext, Quot.sound]
info: Lib/AxiomAudit.lean:7822:0: 'Fin.rankBlockCuts' depends on axioms: [propext, Quot.sound]
info: Lib/AxiomAudit.lean:7825:0: 'Fin.rankBlockCuts_endpoints' depends on axioms: [propext, Quot.sound]
info: Lib/AxiomAudit.lean:7828:0: 'Fin.rankBlockCuts_monotone' depends on axioms: [propext, Quot.sound]
info: Lib/AxiomAudit.lean:7831:0: 'Fin.rankBlockCuts_adjacent' depends on axioms: [propext, Classical.choice, Quot.sound]
info: Lib/AxiomAudit.lean:7834:0: 'Fin.rankBlock_interval_subset' depends on axioms: [propext, Classical.choice, Quot.sound]
info: Lib/AxiomAudit.lean:7837:0: 'Fin.rankBlock_strict_interval' depends on axioms: [propext, Classical.choice, Quot.sound]
info: Lib/AxiomAudit.lean:7840:0: 'Fin.exists_strict_piece_containing_of_range_subset' depends on axioms: [propext, Classical.choice, Quot.sound]
info: Lib/AxiomAudit.lean:7843:0: 'Manifold.piecewiseC1Length' depends on axioms: [propext, Classical.choice, Quot.sound]
info: Lib/AxiomAudit.lean:7846:0: 'Manifold.continuousOn_pieceSpeed' depends on axioms: [propext, Classical.choice, Quot.sound]
info: Lib/AxiomAudit.lean:7849:0: 'Manifold.IsPiecewiseC1On.speedRepresentative_length' depends on axioms: [propext, Classical.choice, Quot.sound]
info: Lib/AxiomAudit.lean:7852:0: 'Manifold.IsPiecewiseC1On.speed_length' depends on axioms: [propext, Classical.choice, Quot.sound]
info: Lib/AxiomAudit.lean:7855:0: 'Manifold.IsPiecewiseC1On.speed_extension' depends on axioms: [propext, Classical.choice, Quot.sound]
info: Lib/AxiomAudit.lean:7858:0: 'Manifold.IsPiecewiseC1On.piecewiseC1Length_eq_zero' depends on axioms: [propext, Classical.choice, Quot.sound]
info: Lib/AxiomAudit.lean:7861:0: 'Manifold.IsPiecewiseC1On.refine' depends on axioms: [propext, Classical.choice, Quot.sound]
info: Lib/AxiomAudit.lean:7864:0: 'Manifold.IsPiecewiseC1On.pieceIntegral_eq_sum_rankBlock' depends on axioms: [propext, Classical.choice, Quot.sound]
info: Lib/AxiomAudit.lean:7867:0: 'Manifold.IsPiecewiseC1On.length_eq_of_strictRefinement' depends on axioms: [propext, Classical.choice, Quot.sound]
info: Lib/AxiomAudit.lean:7870:0: 'Manifold.IsPiecewiseC1On.length_eq' depends on axioms: [propext, Classical.choice, Quot.sound]
info: Lib/AxiomAudit.lean:7873:0: 'Manifold.IsPiecewiseC1On.refine_length' depends on axioms: [propext, Classical.choice, Quot.sound]
info: Lib/AxiomAudit.lean:7876:0: 'Manifold.pieceIntegral_comp_of_tensorPreserving' depends on axioms: [propext, Classical.choice, Quot.sound]
info: Lib/AxiomAudit.lean:7879:0: 'Manifold.IsPiecewiseC1On.length_comp_of_tensorPreserving' depends on axioms: [propext, Classical.choice, Quot.sound]
info: Lib/AxiomAudit.lean:7882:0: 'Manifold.IsPiecewiseC1On.length_symm_of_tensorPreserving' depends on axioms: [propext, Classical.choice, Quot.sound]
info: Lib/AxiomAudit.lean:7885:0: 'Manifold.PiecewiseC1CurveOn.mapEquiv_length' depends on axioms: [propext, Classical.choice, Quot.sound]
info: Lib/AxiomAudit.lean:7890:0: 'Hyperbolic.upperHalfPlaneDiffeomorphHyperboloid' depends on axioms: [propext, Classical.choice, Quot.sound]
info: Lib/AxiomAudit.lean:7893:0: 'Hyperbolic.upperHalfPlaneMetric' depends on axioms: [propext, Classical.choice, Quot.sound]
info: Lib/AxiomAudit.lean:7896:0: 'Hyperbolic.hyperboloidMetric' depends on axioms: [propext, Classical.choice, Quot.sound]
info: Lib/AxiomAudit.lean:7899:0: 'Hyperbolic.upperHalfPlaneDiffeomorphHyperboloid_coe' depends on axioms: [propext, Classical.choice, Quot.sound]
info: Lib/AxiomAudit.lean:7902:0: 'Hyperbolic.upperHalfPlaneMetric_inner' depends on axioms: [propext, Classical.choice, Quot.sound]
info: Lib/AxiomAudit.lean:7905:0: 'Hyperbolic.hyperboloidMetric_inner' depends on axioms: [propext, Classical.choice, Quot.sound]
info: Lib/AxiomAudit.lean:7908:0: 'Hyperbolic.toHyperboloid_preserves_metric' depends on axioms: [propext, Classical.choice, Quot.sound]
info: Lib/AxiomAudit.lean:7911:0: 'Hyperbolic.fromHyperboloid_preserves_metric' depends on axioms: [propext, Classical.choice, Quot.sound]
info: Lib/AxiomAudit.lean:7914:0: 'Hyperbolic.toHyperboloid_norm_angle' depends on axioms: [propext, Classical.choice, Quot.sound]
info: Lib/AxiomAudit.lean:7917:0: 'Hyperbolic.toHyperboloid_speed' depends on axioms: [propext, Classical.choice, Quot.sound]
info: Lib/AxiomAudit.lean:7920:0: 'Hyperbolic.toHyperboloid_speedWithin' depends on axioms: [propext, Classical.choice, Quot.sound]
info: Lib/AxiomAudit.lean:7923:0: 'Hyperbolic.fromHyperboloid_norm_angle' depends on axioms: [propext, Classical.choice, Quot.sound]
info: Lib/AxiomAudit.lean:7926:0: 'Hyperbolic.fromHyperboloid_speed' depends on axioms: [propext, Classical.choice, Quot.sound]
info: Lib/AxiomAudit.lean:7929:0: 'Hyperbolic.fromHyperboloid_speedWithin' depends on axioms: [propext, Classical.choice, Quot.sound]
info: Lib/AxiomAudit.lean:7932:0: 'Hyperbolic.toHyperboloid_length' depends on axioms: [propext, Classical.choice, Quot.sound]
info: Lib/AxiomAudit.lean:7935:0: 'Hyperbolic.fromHyperboloid_length' depends on axioms: [propext, Classical.choice, Quot.sound]
info: Lib/AxiomAudit.lean:7938:0: 'Hyperbolic.upperHalfPlaneDiffeomorphHyperboloid_curveFamily_length' depends on axioms: [propext,
info: Lib/AxiomAudit.lean:7941:0: 'Manifold.piecewiseC1EDist' depends on axioms: [propext, Classical.choice, Quot.sound]
info: Lib/AxiomAudit.lean:7944:0: 'Manifold.piecewiseC1EDist_le_pathELength' depends on axioms: [propext, Classical.choice, Quot.sound]
info: Lib/AxiomAudit.lean:7947:0: 'Manifold.piecewiseC1EDist_le_riemannianEDist' depends on axioms: [propext, Classical.choice, Quot.sound]
info: Lib/AxiomAudit.lean:7950:0: 'Manifold.IsPiecewiseC1On.riemannianEDist_le_piece' depends on axioms: [propext, Classical.choice, Quot.sound]
info: Lib/AxiomAudit.lean:7953:0: 'Manifold.IsPiecewiseC1On.riemannianEDist_le_length' depends on axioms: [propext, Classical.choice, Quot.sound]
info: Lib/AxiomAudit.lean:7956:0: 'Manifold.riemannianEDist_le_piecewiseC1EDist' depends on axioms: [propext, Classical.choice, Quot.sound]
info: Lib/AxiomAudit.lean:7959:0: 'Manifold.piecewiseC1EDist_eq_riemannianEDist' depends on axioms: [propext, Classical.choice, Quot.sound]
info: Lib/AxiomAudit.lean:7962:0: 'Manifold.piecewiseC1EDist_eq_top_iff' depends on axioms: [propext, Classical.choice, Quot.sound]
info: Lib/AxiomAudit.lean:7965:0: 'Manifold.piecewiseC1EDist_eq_top_iff_no_c1' depends on axioms: [propext, Classical.choice, Quot.sound]
info: Lib/AxiomAudit.lean:7968:0: 'Manifold.piecewiseC1EDist_finite_of_curve' depends on axioms: [propext, Classical.choice, Quot.sound]
info: Lib/AxiomAudit.lean:7971:0: 'Hyperbolic.upperHalfPlaneSegment' depends on axioms: [propext, Classical.choice, Quot.sound]
info: Lib/AxiomAudit.lean:7974:0: 'Hyperbolic.upperHalfPlaneSegment_properties' depends on axioms: [propext, Classical.choice, Quot.sound]
info: Lib/AxiomAudit.lean:7977:0: 'Hyperbolic.upperHalfPlane_exists_finiteCurve' depends on axioms: [propext, Classical.choice, Quot.sound]
info: Lib/AxiomAudit.lean:7980:0: 'Hyperbolic.hyperboloid_exists_finiteCurve' depends on axioms: [propext, Classical.choice, Quot.sound]
info: Lib/AxiomAudit.lean:7983:0: 'Hyperbolic.toHyperboloid_piecewiseC1EDist_le' depends on axioms: [propext, Classical.choice, Quot.sound]
info: Lib/AxiomAudit.lean:7986:0: 'Hyperbolic.fromHyperboloid_piecewiseC1EDist_le' depends on axioms: [propext, Classical.choice, Quot.sound]
info: Lib/AxiomAudit.lean:7989:0: 'Hyperbolic.upperHalfPlane_intrinsicEDist_finite' depends on axioms: [propext, Classical.choice, Quot.sound]
info: Lib/AxiomAudit.lean:7992:0: 'Hyperbolic.hyperboloid_intrinsicEDist_finite' depends on axioms: [propext, Classical.choice, Quot.sound]
info: Lib/AxiomAudit.lean:7995:0: 'Hyperbolic.toHyperboloid_intrinsicEDist' depends on axioms: [propext, Classical.choice, Quot.sound]
info: Lib/AxiomAudit.lean:7998:0: 'Hyperbolic.fromHyperboloid_intrinsicEDist' depends on axioms: [propext, Classical.choice, Quot.sound]
info: Lib/AxiomAudit.lean:8001:0: 'Hyperbolic.lorentzKer_time_eq' depends on axioms: [propext, Classical.choice, Quot.sound]
info: Lib/AxiomAudit.lean:8004:0: 'Hyperbolic.lorentzKer_quadratic_lowerBound' depends on axioms: [propext, Classical.choice, Quot.sound]
info: Lib/AxiomAudit.lean:8007:0: 'Hyperbolic.lorentzKer_quadratic_nonneg' depends on axioms: [propext, Classical.choice, Quot.sound]
info: Lib/AxiomAudit.lean:8010:0: 'Hyperbolic.lorentzKer_quadratic_eq_zero_iff' depends on axioms: [propext, Classical.choice, Quot.sound]
info: Lib/AxiomAudit.lean:8013:0: 'Hyperbolic.lorentzKer_quadratic_pos' depends on axioms: [propext, Classical.choice, Quot.sound]
info: Lib/AxiomAudit.lean:8016:0: 'Hyperbolic.finrank_lorentzKer' depends on axioms: [propext, Classical.choice, Quot.sound]
info: Lib/AxiomAudit.lean:8019:0: 'Hyperbolic.lorentzKerBilinear' depends on axioms: [propext, Classical.choice, Quot.sound]
info: Lib/AxiomAudit.lean:8022:0: 'Hyperbolic.lorentzKerBilinear_properties' depends on axioms: [propext, Classical.choice, Quot.sound]
info: Lib/AxiomAudit.lean:8025:0: 'Hyperbolic.hyperboloid_tangent_lorentz_positive' depends on axioms: [propext, Classical.choice, Quot.sound]
info: Lib/AxiomAudit.lean:8028:0: 'Hyperbolic.lorentzPlaneCore' depends on axioms: [propext, Classical.choice, Quot.sound]
info: Lib/AxiomAudit.lean:8031:0: 'Hyperbolic.lorentzPlaneBasis' depends on axioms: [propext, Classical.choice, Quot.sound]
info: Lib/AxiomAudit.lean:8034:0: 'Hyperbolic.lorentzPlaneBasis_gram' depends on axioms: [propext, Classical.choice, Quot.sound]
info: Lib/AxiomAudit.lean:8037:0: 'Hyperbolic.lorentzSumMap' depends on axioms: [propext, Classical.choice, Quot.sound]
info: Lib/AxiomAudit.lean:8040:0: 'Hyperbolic.lorentz_directSum' depends on axioms: [propext, Classical.choice, Quot.sound]
info: Lib/AxiomAudit.lean:8043:0: 'Hyperbolic.lorentzSumMap_bijective' depends on axioms: [propext, Classical.choice, Quot.sound]
info: Lib/AxiomAudit.lean:8046:0: 'Hyperbolic.lorentzSumEquiv' depends on axioms: [propext, Classical.choice, Quot.sound]
info: Lib/AxiomAudit.lean:8049:0: 'Hyperbolic.lorentzFrameBasis' depends on axioms: [propext, Classical.choice, Quot.sound]
info: Lib/AxiomAudit.lean:8052:0: 'Hyperbolic.lorentzFrameBasis_apply' depends on axioms: [propext, Classical.choice, Quot.sound]
info: Lib/AxiomAudit.lean:8055:0: 'Hyperbolic.lorentzFrameBasis_gram' depends on axioms: [propext, Classical.choice, Quot.sound]
info: Lib/AxiomAudit.lean:8058:0: 'Hyperbolic.lorentzCenterCoordinates' depends on axioms: [propext, Classical.choice, Quot.sound]
info: Lib/AxiomAudit.lean:8061:0: 'Hyperbolic.lorentzCenterCoordinates_properties' depends on axioms: [propext, Classical.choice, Quot.sound]
info: Lib/AxiomAudit.lean:8064:0: 'Hyperbolic.lorentzCenterCoordinates_time' depends on axioms: [propext, Classical.choice, Quot.sound]
info: Lib/AxiomAudit.lean:8067:0: 'Hyperbolic.lorentzCenterCoordinates_preserves' depends on axioms: [propext, Classical.choice, Quot.sound]
info: Lib/AxiomAudit.lean:8070:0: 'Hyperbolic.lorentzCenterCoordinates_symm_preserves' depends on axioms: [propext, Classical.choice, Quot.sound]
info: Lib/AxiomAudit.lean:8073:0: 'Hyperbolic.lorentzUnit_time_ne_zero' depends on axioms: [propext, Classical.choice, Quot.sound]
info: Lib/AxiomAudit.lean:8076:0: 'Hyperbolic.hyperboloid_spatial_dot_lt_time_mul' depends on axioms: [propext, Classical.choice, Quot.sound]
info: Lib/AxiomAudit.lean:8079:0: 'Hyperbolic.hyperboloid_neg_lorentz_pos' depends on axioms: [propext, Classical.choice, Quot.sound]
info: Lib/AxiomAudit.lean:8082:0: 'Hyperbolic.lorentzUnit_time_sign' depends on axioms: [propext, Classical.choice, Quot.sound]
info: Lib/AxiomAudit.lean:8085:0: 'Hyperbolic.lorentzCenterCoordinates_mem' depends on axioms: [propext, Classical.choice, Quot.sound]
info: Lib/AxiomAudit.lean:8088:0: 'Hyperbolic.lorentzCenterCoordinates_symm_mem' depends on axioms: [propext, Classical.choice, Quot.sound]
info: Lib/AxiomAudit.lean:8091:0: 'Hyperbolic.centerHyperboloid' depends on axioms: [propext, Classical.choice, Quot.sound]
info: Lib/AxiomAudit.lean:8094:0: 'Hyperbolic.uncenterHyperboloid' depends on axioms: [propext, Classical.choice, Quot.sound]
info: Lib/AxiomAudit.lean:8097:0: 'Hyperbolic.centerHyperboloid_properties' depends on axioms: [propext, Classical.choice, Quot.sound]
info: Lib/AxiomAudit.lean:8100:0: 'Hyperbolic.centerHyperboloidEquiv' depends on axioms: [propext, Classical.choice, Quot.sound]
info: Lib/AxiomAudit.lean:8103:0: 'Hyperbolic.contMDiff_centerHyperboloid' depends on axioms: [propext, Classical.choice, Quot.sound]
info: Lib/AxiomAudit.lean:8106:0: 'Hyperbolic.contMDiff_uncenterHyperboloid' depends on axioms: [propext, Classical.choice, Quot.sound]
info: Lib/AxiomAudit.lean:8109:0: 'Hyperbolic.centerHyperboloidDiffeomorph' depends on axioms: [propext, Classical.choice, Quot.sound]
info: Lib/AxiomAudit.lean:8112:0: 'Hyperbolic.mfderiv_centerHyperboloid_val' depends on axioms: [propext, Classical.choice, Quot.sound]
info: Lib/AxiomAudit.lean:8115:0: 'Hyperbolic.mfderiv_uncenterHyperboloid_val' depends on axioms: [propext, Classical.choice, Quot.sound]
info: Lib/AxiomAudit.lean:8118:0: 'Hyperbolic.centerHyperboloid_mfderiv_inverse' depends on axioms: [propext, Classical.choice, Quot.sound]
info: Lib/AxiomAudit.lean:8121:0: 'Hyperbolic.centerHyperboloid_kernel_transport' depends on axioms: [propext, Classical.choice, Quot.sound]
info: Lib/AxiomAudit.lean:8124:0: 'Hyperbolic.centerHyperboloid_preserves_tangentTensor' depends on axioms: [propext, Classical.choice, Quot.sound]
info: Lib/AxiomAudit.lean:8127:0: 'Hyperbolic.uncenterHyperboloid_preserves_tangentTensor' depends on axioms: [propext, Classical.choice, Quot.sound]
info: Lib/AxiomAudit.lean:8130:0: 'Hyperbolic.centerHyperboloid_preserves_metric' depends on axioms: [propext, Classical.choice, Quot.sound]
info: Lib/AxiomAudit.lean:8133:0: 'Hyperbolic.uncenterHyperboloid_preserves_metric' depends on axioms: [propext, Classical.choice, Quot.sound]
info: Lib/AxiomAudit.lean:8136:0: 'Hyperbolic.centerHyperboloid_norm_enorm' depends on axioms: [propext, Classical.choice, Quot.sound]
info: Lib/AxiomAudit.lean:8139:0: 'Hyperbolic.uncenterHyperboloid_norm_enorm' depends on axioms: [propext, Classical.choice, Quot.sound]
info: Lib/AxiomAudit.lean:8142:0: 'Hyperbolic.centerHyperboloid_speed' depends on axioms: [propext, Classical.choice, Quot.sound]
info: Lib/AxiomAudit.lean:8145:0: 'Hyperbolic.centerHyperboloid_speedWithin' depends on axioms: [propext, Classical.choice, Quot.sound]
info: Lib/AxiomAudit.lean:8148:0: 'Hyperbolic.uncenterHyperboloid_speed' depends on axioms: [propext, Classical.choice, Quot.sound]
info: Lib/AxiomAudit.lean:8151:0: 'Hyperbolic.uncenterHyperboloid_speedWithin' depends on axioms: [propext, Classical.choice, Quot.sound]
info: Lib/AxiomAudit.lean:8154:0: 'Hyperbolic.centerHyperboloid_length' depends on axioms: [propext, Classical.choice, Quot.sound]
info: Lib/AxiomAudit.lean:8157:0: 'Hyperbolic.uncenterHyperboloid_length' depends on axioms: [propext, Classical.choice, Quot.sound]
info: Lib/AxiomAudit.lean:8160:0: 'Hyperbolic.centerHyperboloid_curveFamily_length' depends on axioms: [propext, Classical.choice, Quot.sound]
info: Lib/AxiomAudit.lean:8163:0: 'AbsolutelyContinuousOnInterval.trans_of_le' depends on axioms: [propext, Classical.choice, Quot.sound]
info: Lib/AxiomAudit.lean:8166:0: 'AbsolutelyContinuousOnInterval.of_monotone_subdivision' depends on axioms: [propext, Classical.choice, Quot.sound]
info: Lib/AxiomAudit.lean:8169:0: 'AbsolutelyContinuousOnInterval.sum_abs_sub_le_integral_abs_deriv' depends on axioms: [propext,
info: Lib/AxiomAudit.lean:8172:0: 'AbsolutelyContinuousOnInterval.eVariationOn_le_ofReal_integral_abs_deriv' depends on axioms: [propext,
info: Lib/AxiomAudit.lean:8175:0: 'AbsolutelyContinuousOnInterval.variation_bounds_integral_abs_deriv' depends on axioms: [propext,
info: Lib/AxiomAudit.lean:8178:0: 'Hyperbolic.hyperboloidSpatial' depends on axioms: [propext, Classical.choice, Quot.sound]
info: Lib/AxiomAudit.lean:8181:0: 'Hyperbolic.hyperboloidRadius' depends on axioms: [propext, Classical.choice, Quot.sound]
info: Lib/AxiomAudit.lean:8184:0: 'Hyperbolic.hyperboloidPolarCoords' depends on axioms: [propext, Classical.choice, Quot.sound]
info: Lib/AxiomAudit.lean:8187:0: 'Hyperbolic.hyperboloidPolarCoords_mem' depends on axioms: [propext, Classical.choice, Quot.sound]
info: Lib/AxiomAudit.lean:8190:0: 'Hyperbolic.hyperboloidPolar' depends on axioms: [propext, Classical.choice, Quot.sound]
info: Lib/AxiomAudit.lean:8193:0: 'Hyperbolic.hyperboloidRadius_properties' depends on axioms: [propext, Classical.choice, Quot.sound]
info: Lib/AxiomAudit.lean:8196:0: 'Hyperbolic.hyperboloidPolar_radius' depends on axioms: [propext, Classical.choice, Quot.sound]
info: Lib/AxiomAudit.lean:8199:0: 'Hyperbolic.hyperboloidPolar_arg' depends on axioms: [propext, Classical.choice, Quot.sound]
info: Lib/AxiomAudit.lean:8202:0: 'Hyperbolic.hyperboloidPolar_eq_iff' depends on axioms: [propext, Classical.choice, Quot.sound]
info: Lib/AxiomAudit.lean:8205:0: 'Hyperbolic.hyperboloidPolar_center_direction' depends on axioms: [propext, Classical.choice, Quot.sound]
info: Lib/AxiomAudit.lean:8208:0: 'Hyperbolic.contMDiffAt_hyperboloidRadius' depends on axioms: [propext, Classical.choice, Quot.sound]
info: Lib/AxiomAudit.lean:8211:0: 'Hyperbolic.hyperboloidPolar_local_coordinates' depends on axioms: [propext, Classical.choice, Quot.sound]
info: Lib/AxiomAudit.lean:8214:0: 'Hyperbolic.contMDiff_hyperboloidPolar' depends on axioms: [propext, Classical.choice, Quot.sound]
info: Lib/AxiomAudit.lean:8217:0: 'Hyperbolic.mfderiv_hyperboloidPolar_val' depends on axioms: [propext, Classical.choice, Quot.sound]
info: Lib/AxiomAudit.lean:8220:0: 'Hyperbolic.hyperboloidPolar_tangentTensor' depends on axioms: [propext, Classical.choice, Quot.sound]
info: Lib/AxiomAudit.lean:8223:0: 'Hyperbolic.hyperboloidPolar_metric' depends on axioms: [propext, Classical.choice, Quot.sound]
info: Lib/AxiomAudit.lean:8226:0: 'Hyperbolic.hyperboloidPolar_norm' depends on axioms: [propext, Classical.choice, Quot.sound]
info: Lib/AxiomAudit.lean:8229:0: 'Hyperbolic.hyperboloidPolar_curve_speed' depends on axioms: [propext, Classical.choice, Quot.sound]
info: Lib/AxiomAudit.lean:8232:0: 'Hyperbolic.hyperboloidRadius_lipschitzOn_piece' depends on axioms: [propext, Classical.choice, Quot.sound]
info: Lib/AxiomAudit.lean:8235:0: 'Hyperbolic.hyperboloidRadius_absolutelyContinuous' depends on axioms: [propext, Classical.choice, Quot.sound]
info: Lib/AxiomAudit.lean:8238:0: 'Hyperbolic.hyperboloidRadius_deriv_le_pieceSpeed' depends on axioms: [propext, Classical.choice, Quot.sound]
info: Lib/AxiomAudit.lean:8241:0: 'Hyperbolic.hyperboloidRadius_ae_deriv_le_pieceSpeed' depends on axioms: [propext, Classical.choice, Quot.sound]
info: Lib/AxiomAudit.lean:8244:0: 'Hyperbolic.hyperboloidRadius_piece_variation' depends on axioms: [propext, Classical.choice, Quot.sound]
info: Lib/AxiomAudit.lean:8247:0: 'Hyperbolic.hyperboloidRadius_variation_le_length' depends on axioms: [propext, Classical.choice, Quot.sound]
info: Lib/AxiomAudit.lean:8250:0: 'AbsolutelyContinuousOnInterval.monotoneOn_of_integral_abs_deriv_eq_sub' depends on axioms: [propext,
info: Lib/AxiomAudit.lean:8253:0: 'AbsolutelyContinuousOnInterval.const_of_monotone_subdivision_of_ae_hasDerivAt_zero' depends on axioms: [propext,
info: Lib/AxiomAudit.lean:8256:0: 'Hyperbolic.hyperboloidRadialCurve' depends on axioms: [propext, Classical.choice, Quot.sound]
info: Lib/AxiomAudit.lean:8259:0: 'Hyperbolic.hyperboloidRadialCurve_properties' depends on axioms: [propext, Classical.choice, Quot.sound]
info: Lib/AxiomAudit.lean:8262:0: 'Hyperbolic.hyperboloidRadialCurve_length' depends on axioms: [propext, Classical.choice, Quot.sound]
info: Lib/AxiomAudit.lean:8265:0: 'Hyperbolic.hyperboloid_centered_piecewiseC1EDist' depends on axioms: [propext, Classical.choice, Quot.sound]
info: Lib/AxiomAudit.lean:8268:0: 'Hyperbolic.hyperboloid_centered_minimizer_losses' depends on axioms: [propext, Classical.choice, Quot.sound]
info: Lib/AxiomAudit.lean:8271:0: 'Hyperbolic.hyperboloid_centered_minimizer_radius_monotone' depends on axioms: [propext, Classical.choice, Quot.sound]
info: Lib/AxiomAudit.lean:8274:0: 'Hyperbolic.hyperboloid_centered_minimizer_direction_deriv' depends on axioms: [propext, Classical.choice, Quot.sound]
info: Lib/AxiomAudit.lean:8277:0: 'Hyperbolic.hyperboloid_centered_minimizer_direction' depends on axioms: [propext, Classical.choice, Quot.sound]
info: Lib/AxiomAudit.lean:8280:0: 'Hyperbolic.hyperboloid_centered_minimizer_image' depends on axioms: [propext, Classical.choice, Quot.sound]
info: Lib/AxiomAudit.lean:8283:0: 'Hyperbolic.hyperboloid_centered_unitSpeed_unique' depends on axioms: [propext, Classical.choice, Quot.sound]
info: Lib/AxiomAudit.lean:8286:0: 'Hyperbolic.hyperboloid_centered_minimizer_zero' depends on axioms: [propext, Classical.choice, Quot.sound]
info: Lib/AxiomAudit.lean:8289:0: 'Hyperbolic.hyperboloidLengthDist' depends on axioms: [propext, Classical.choice, Quot.sound]
info: Lib/AxiomAudit.lean:8292:0: 'Hyperbolic.hyperboloidSegment' depends on axioms: [propext, Classical.choice, Quot.sound]
info: Lib/AxiomAudit.lean:8295:0: 'Hyperbolic.hyperboloidSegmentInitial' depends on axioms: [propext, Classical.choice, Quot.sound]
info: Lib/AxiomAudit.lean:8298:0: 'Hyperbolic.hyperboloidLengthDist_center' depends on axioms: [propext, Classical.choice, Quot.sound]
info: Lib/AxiomAudit.lean:8301:0: 'Hyperbolic.hyperboloidLengthDist_nonneg_eq_zero' depends on axioms: [propext, Classical.choice, Quot.sound]
info: Lib/AxiomAudit.lean:8304:0: 'Hyperbolic.hyperboloidSegment_properties' depends on axioms: [propext, Classical.choice, Quot.sound]
info: Lib/AxiomAudit.lean:8307:0: 'Hyperbolic.hyperboloidSegment_length' depends on axioms: [propext, Classical.choice, Quot.sound]
info: Lib/AxiomAudit.lean:8310:0: 'Hyperbolic.hyperboloid_minimizer_image' depends on axioms: [propext, Classical.choice, Quot.sound]
info: Lib/AxiomAudit.lean:8313:0: 'Hyperbolic.hyperboloid_unitSpeed_minimizer_unique' depends on axioms: [propext, Classical.choice, Quot.sound]
info: Lib/AxiomAudit.lean:8316:0: 'Hyperbolic.hyperboloidSegment_initial_formula' depends on axioms: [propext, Classical.choice, Quot.sound]
info: Lib/AxiomAudit.lean:8319:0: 'Hyperbolic.hyperboloidLengthDist_cosh' depends on axioms: [propext, Classical.choice, Quot.sound]
info: Lib/AxiomAudit.lean:8322:0: 'Hyperbolic.hyperboloidSegmentInitial_endpoint' depends on axioms: [propext, Classical.choice, Quot.sound]
info: Lib/AxiomAudit.lean:8325:0: 'Hyperbolic.hyperboloidLengthDist_arcosh' depends on axioms: [propext, Classical.choice, Quot.sound]
info: Lib/AxiomAudit.lean:8328:0: 'Hyperbolic.hyperboloidLengthDist_symm' depends on axioms: [propext, Classical.choice, Quot.sound]
info: Lib/AxiomAudit.lean:8331:0: 'Hyperbolic.continuous_hyperboloidLengthDist' depends on axioms: [propext, Classical.choice, Quot.sound]
info: Lib/AxiomAudit.lean:8334:0: 'Hyperbolic.hyperboloidSegment_endpoint' depends on axioms: [propext, Classical.choice, Quot.sound]
info: Lib/AxiomAudit.lean:8337:0: 'Hyperbolic.hyperboloidSegment_reverse' depends on axioms: [propext, Classical.choice, Quot.sound]
info: Lib/AxiomAudit.lean:8340:0: 'Hyperbolic.hyperboloidNormalizedSegment' depends on axioms: [propext, Classical.choice, Quot.sound]
info: Lib/AxiomAudit.lean:8343:0: 'Hyperbolic.hyperboloidNormalizedSegment_properties' depends on axioms: [propext, Classical.choice, Quot.sound]
info: Lib/AxiomAudit.lean:8346:0: 'Hyperbolic.continuous_hyperboloidNormalizedSegment' depends on axioms: [propext, Classical.choice, Quot.sound]
info: Lib/AxiomAudit.lean:8349:0: 'Hyperbolic.hyperboloidGeodesicCoords' depends on axioms: [propext, Classical.choice, Quot.sound]
info: Lib/AxiomAudit.lean:8352:0: 'Hyperbolic.hyperboloidGeodesicCoords_mem' depends on axioms: [propext, Classical.choice, Quot.sound]
info: Lib/AxiomAudit.lean:8355:0: 'Hyperbolic.hyperboloidGeodesic' depends on axioms: [propext, Classical.choice, Quot.sound]
info: Lib/AxiomAudit.lean:8358:0: 'Hyperbolic.hyperboloidGeodesic_properties' depends on axioms: [propext, Classical.choice, Quot.sound]
info: Lib/AxiomAudit.lean:8361:0: 'Hyperbolic.hyperboloidGeodesic_plane' depends on axioms: [propext, Classical.choice, Quot.sound]
info: Lib/AxiomAudit.lean:8364:0: 'Hyperbolic.hyperboloidGeodesic_lengthDist' depends on axioms: [propext, Classical.choice, Quot.sound]
info: Lib/AxiomAudit.lean:8367:0: 'Hyperbolic.hyperboloidGeodesic_subsegment' depends on axioms: [propext, Classical.choice, Quot.sound]
info: Lib/AxiomAudit.lean:8370:0: 'Hyperbolic.IsLorentzTimelikePlane' depends on axioms: [propext, Classical.choice, Quot.sound]
info: Lib/AxiomAudit.lean:8373:0: 'Hyperbolic.IsLorentzTimelikePlane.exists_hyperboloidGeodesic' depends on axioms: [propext,
info: Lib/AxiomAudit.lean:8376:0: 'Hyperbolic.IsLocallyArclengthMinimizingHyperboloid' depends on axioms: [propext, Classical.choice, Quot.sound]
info: Lib/AxiomAudit.lean:8379:0: 'Hyperbolic.locallyArclengthMinimizingHyperboloid_iff' depends on axioms: [propext, Classical.choice, Quot.sound]
info: Lib/AxiomAudit.lean:8382:0: 'Hyperbolic.hyperboloid_distinct_span_plane' depends on axioms: [propext, Classical.choice, Quot.sound]
info: Lib/AxiomAudit.lean:8385:0: 'Hyperbolic.hyperboloidLengthMetricSpace' depends on axioms: [propext, Classical.choice, Quot.sound]
info: Lib/AxiomAudit.lean:8388:0: 'Hyperbolic.upperHalfPlaneLengthMetricSpace' depends on axioms: [propext, Classical.choice, Quot.sound]
info: Lib/AxiomAudit.lean:8391:0: 'Hyperbolic.hyperboloidLengthMetricSpace_coherence' depends on axioms: [propext, Classical.choice, Quot.sound]
info: Lib/AxiomAudit.lean:8394:0: 'Hyperbolic.upperHalfPlaneLengthMetricSpace_coherence' depends on axioms: [propext, Classical.choice, Quot.sound]
info: Lib/AxiomAudit.lean:8397:0: 'Hyperbolic.hyperboloidLengthDist_nhds' depends on axioms: [propext, Classical.choice, Quot.sound]
info: Lib/AxiomAudit.lean:8400:0: 'Hyperbolic.upperHalfPlaneLengthDist_nhds' depends on axioms: [propext, Classical.choice, Quot.sound]
info: Lib/AxiomAudit.lean:8403:0: 'Hyperbolic.modelLengthMetric_isometries' depends on axioms: [propext, Classical.choice, Quot.sound]
info: Lib/AxiomAudit.lean:8406:0: 'Hyperbolic.hyperboloidLengthDist_center_le_iff' depends on axioms: [propext, Classical.choice, Quot.sound]
info: Lib/AxiomAudit.lean:8409:0: 'Hyperbolic.hyperboloidLengthDist_center_bounds' depends on axioms: [propext, Classical.choice, Quot.sound]
info: Lib/AxiomAudit.lean:8412:0: 'Hyperbolic.hyperboloidLengthDist_center_sublevel_zero' depends on axioms: [propext, Classical.choice, Quot.sound]
info: Lib/AxiomAudit.lean:8415:0: 'Hyperbolic.hyperboloidLengthDist_center_sublevel_neg' depends on axioms: [propext, Classical.choice, Quot.sound]
info: Lib/AxiomAudit.lean:8418:0: 'Hyperbolic.isCompact_hyperboloid_center_ambient' depends on axioms: [propext, Classical.choice, Quot.sound]
info: Lib/AxiomAudit.lean:8421:0: 'Hyperbolic.isCompact_hyperboloidLengthDist_center_sublevel' depends on axioms: [propext, Classical.choice, Quot.sound]
info: Lib/AxiomAudit.lean:8424:0: 'Hyperbolic.isCompact_hyperboloidLengthMetricSpace_center_closedBall' depends on axioms: [propext,
info: Lib/AxiomAudit.lean:8427:0: 'Hyperbolic.isCompact_hyperboloidLengthMetricSpace_closedBall' depends on axioms: [propext,
info: Lib/AxiomAudit.lean:8430:0: 'Hyperbolic.properSpace_hyperboloidLengthMetricSpace' depends on axioms: [propext, Classical.choice, Quot.sound]
info: Lib/AxiomAudit.lean:8433:0: 'Hyperbolic.isCompact_upperHalfPlaneLengthMetricSpace_closedBall' depends on axioms: [propext,
info: Lib/AxiomAudit.lean:8436:0: 'Hyperbolic.properSpace_upperHalfPlaneLengthMetricSpace' depends on axioms: [propext, Classical.choice, Quot.sound]
info: Lib/AxiomAudit.lean:8439:0: 'Hyperbolic.cauchySeq_tendsto_hyperboloidLengthMetricSpace' depends on axioms: [propext, Classical.choice, Quot.sound]
info: Lib/AxiomAudit.lean:8442:0: 'Hyperbolic.completeSpace_hyperboloidLengthMetricSpace' depends on axioms: [propext, Classical.choice, Quot.sound]
info: Lib/AxiomAudit.lean:8445:0: 'Hyperbolic.cauchySeq_tendsto_upperHalfPlaneLengthMetricSpace' depends on axioms: [propext,
info: Lib/AxiomAudit.lean:8448:0: 'Hyperbolic.completeSpace_upperHalfPlaneLengthMetricSpace' depends on axioms: [propext, Classical.choice, Quot.sound]
info: Lib/AxiomAudit.lean:8451:0: 'Hyperbolic.upperHalfPlane_lengthCauchy_not_tendsto_ideal' depends on axioms: [propext, Classical.choice, Quot.sound]
info: Lib/AxiomAudit.lean:8454:0: 'Hyperbolic.upperHalfPlane_lengthCauchy_compact_tail' depends on axioms: [propext, Classical.choice, Quot.sound]
info: Lib/AxiomAudit.lean:8457:0: 'Hyperbolic.hyperboloid_lengthCauchy_not_tendsto_ideal' depends on axioms: [propext, Classical.choice, Quot.sound]
info: Lib/AxiomAudit.lean:8460:0: 'Hyperbolic.hyperboloid_lengthCauchy_compact_tail' depends on axioms: [propext, Classical.choice, Quot.sound]
info: Lib/AxiomAudit.lean:8463:0: 'Hyperbolic.upperHalfPlane_finite_length_tail_cauchy' depends on axioms: [propext, Classical.choice, Quot.sound]
info: Lib/AxiomAudit.lean:8466:0: 'Hyperbolic.hyperboloid_finite_length_tail_cauchy' depends on axioms: [propext, Classical.choice, Quot.sound]
info: Lib/AxiomAudit.lean:8469:0: 'Hyperbolic.planeCoefficientFunctional' depends on axioms: [propext, Classical.choice, Quot.sound]
info: Lib/AxiomAudit.lean:8472:0: 'Hyperbolic.planeCoefficientFunctional_apply' depends on axioms: [propext, Classical.choice, Quot.sound]
info: Lib/AxiomAudit.lean:8475:0: 'Hyperbolic.exists_planeCoefficientNormal' depends on axioms: [propext, Classical.choice, Quot.sound]
info: Lib/AxiomAudit.lean:8478:0: 'Hyperbolic.planeCoefficient_discriminant_pos_of_mem' depends on axioms: [propext, Classical.choice, Quot.sound]
info: Lib/AxiomAudit.lean:8481:0: 'Hyperbolic.planeCoefficient_discriminant_pos_of_timelike' depends on axioms: [propext, Classical.choice, Quot.sound]
info: Lib/AxiomAudit.lean:8484:0: 'Hyperbolic.planeCoefficient_toHyperboloid_mul' depends on axioms: [propext, Classical.choice, Quot.sound]
info: Lib/AxiomAudit.lean:8486:0: 'Hyperbolic.planeCoefficient_toHyperboloid_iff' depends on axioms: [propext, Classical.choice, Quot.sound]
info: Lib/AxiomAudit.lean:8489:0: 'LinearMap.BilinForm.unitNormalReflection' depends on axioms: [propext, Classical.choice, Quot.sound]
info: Lib/AxiomAudit.lean:8492:0: 'LinearMap.BilinForm.unitNormalReflection_apply_left' depends on axioms: [propext, Classical.choice, Quot.sound]
info: Lib/AxiomAudit.lean:8495:0: 'LinearMap.BilinForm.unitNormalReflection_apply' depends on axioms: [propext, Classical.choice, Quot.sound]
info: Lib/AxiomAudit.lean:8498:0: 'LinearMap.BilinForm.unitNormalReflection_preserves' depends on axioms: [propext, Classical.choice, Quot.sound]
info: Lib/AxiomAudit.lean:8501:0: 'LinearMap.BilinForm.unitNormalReflection_normal' depends on axioms: [propext, Classical.choice, Quot.sound]
info: Lib/AxiomAudit.lean:8504:0: 'LinearMap.BilinForm.unitNormalReflection_involutive' depends on axioms: [propext, Classical.choice, Quot.sound]
info: Lib/AxiomAudit.lean:8507:0: 'LinearMap.BilinForm.unitNormalReflection_symm' depends on axioms: [propext, Classical.choice, Quot.sound]
info: Lib/AxiomAudit.lean:8510:0: 'LinearMap.BilinForm.unitNormalReflection_fixed_iff' depends on axioms: [propext, Classical.choice, Quot.sound]
info: Lib/AxiomAudit.lean:8513:0: 'LinearMap.BilinForm.unitNormalReflection_self' depends on axioms: [propext, Classical.choice, Quot.sound]
info: Lib/AxiomAudit.lean:8516:0: 'Hyperbolic.lorentzBilinForm' depends on axioms: [propext, Classical.choice, Quot.sound]
info: Lib/AxiomAudit.lean:8519:0: 'Hyperbolic.lorentzBilinForm_apply' depends on axioms: [propext, Classical.choice, Quot.sound]
info: Lib/AxiomAudit.lean:8522:0: 'Hyperbolic.lorentzBilinForm_symm' depends on axioms: [propext, Classical.choice, Quot.sound]
info: Lib/AxiomAudit.lean:8525:0: 'Hyperbolic.lorentzReflection' depends on axioms: [propext, Classical.choice, Quot.sound]
info: Lib/AxiomAudit.lean:8528:0: 'Hyperbolic.lorentzReflection_apply' depends on axioms: [propext, Classical.choice, Quot.sound]
info: Lib/AxiomAudit.lean:8531:0: 'Hyperbolic.lorentzReflection_preserves' depends on axioms: [propext, Classical.choice, Quot.sound]
info: Lib/AxiomAudit.lean:8534:0: 'Hyperbolic.lorentzReflection_normal' depends on axioms: [propext, Classical.choice, Quot.sound]
info: Lib/AxiomAudit.lean:8537:0: 'Hyperbolic.lorentzReflection_involutive' depends on axioms: [propext, Classical.choice, Quot.sound]
info: Lib/AxiomAudit.lean:8540:0: 'Hyperbolic.lorentzReflection_symm' depends on axioms: [propext, Classical.choice, Quot.sound]
info: Lib/AxiomAudit.lean:8543:0: 'Hyperbolic.lorentzReflection_fixed_iff' depends on axioms: [propext, Classical.choice, Quot.sound]
info: Lib/AxiomAudit.lean:8546:0: 'Hyperbolic.lorentzReflection_self' depends on axioms: [propext, Classical.choice, Quot.sound]
info: Lib/AxiomAudit.lean:8549:0: 'Hyperbolic.lorentzAxisProjection' depends on axioms: [propext, Classical.choice, Quot.sound]
info: Lib/AxiomAudit.lean:8551:0: 'Hyperbolic.lorentzAxisProjection_spec' depends on axioms: [propext, Classical.choice, Quot.sound]
info: Lib/AxiomAudit.lean:8553:0: 'Hyperbolic.lorentzAxisPointCoords' depends on axioms: [propext, Classical.choice, Quot.sound]
info: Lib/AxiomAudit.lean:8555:0: 'Hyperbolic.lorentzAxisPointCoords_spec' depends on axioms: [propext, Classical.choice, Quot.sound]
info: Lib/AxiomAudit.lean:8557:0: 'Hyperbolic.lorentzAxisPoint' depends on axioms: [propext, Classical.choice, Quot.sound]
info: Lib/AxiomAudit.lean:8559:0: 'Hyperbolic.lorentzAxisDirectionCoords' depends on axioms: [propext, Classical.choice, Quot.sound]
info: Lib/AxiomAudit.lean:8561:0: 'Hyperbolic.lorentzAxisDirectionRemainder_spec' depends on axioms: [propext, Classical.choice, Quot.sound]
info: Lib/AxiomAudit.lean:8563:0: 'Hyperbolic.lorentzAxisDirectionCoords_spec' depends on axioms: [propext, Classical.choice, Quot.sound]
info: Lib/AxiomAudit.lean:8565:0: 'Hyperbolic.exists_lorentzAxisDirection' depends on axioms: [propext, Classical.choice, Quot.sound]
info: Lib/AxiomAudit.lean:8567:0: 'Hyperbolic.lorentzAxis_span_ker' depends on axioms: [propext, Classical.choice, Quot.sound]
info: Lib/AxiomAudit.lean:8570:0: 'Hyperbolic.hyperboloidGraphCoords' depends on axioms: [propext, Classical.choice, Quot.sound]
info: Lib/AxiomAudit.lean:8572:0: 'Hyperbolic.hyperboloidGraphCoords_mem' depends on axioms: [propext, Classical.choice, Quot.sound]
info: Lib/AxiomAudit.lean:8574:0: 'Hyperbolic.hyperboloidGraph' depends on axioms: [propext, Classical.choice, Quot.sound]
info: Lib/AxiomAudit.lean:8576:0: 'Hyperbolic.hyperboloidGraphProjection' depends on axioms: [propext, Classical.choice, Quot.sound]
info: Lib/AxiomAudit.lean:8578:0: 'Hyperbolic.hyperboloidGraph_right_inv' depends on axioms: [propext, Classical.choice, Quot.sound]
info: Lib/AxiomAudit.lean:8580:0: 'Hyperbolic.continuous_hyperboloidGraph' depends on axioms: [propext, Classical.choice, Quot.sound]
info: Lib/AxiomAudit.lean:8582:0: 'Hyperbolic.hyperboloidGraphHomeomorph' depends on axioms: [propext, Classical.choice, Quot.sound]
info: Lib/AxiomAudit.lean:8584:0: 'Hyperbolic.connectedSpace_hyperboloidGraph' depends on axioms: [propext, Classical.choice, Quot.sound]
info: Lib/AxiomAudit.lean:8587:0: 'Hyperbolic.exists_lorentzNormal_of_unitTangent' depends on axioms: [propext, Classical.choice, Quot.sound]
info: Lib/AxiomAudit.lean:8589:0: 'Hyperbolic.lorentzPlane_eq_normalKer' depends on axioms: [propext, Classical.choice, Quot.sound]
info: Lib/AxiomAudit.lean:8591:0: 'Hyperbolic.lorentzPlane_unitNormals_iff' depends on axioms: [propext, Classical.choice, Quot.sound]
info: Lib/AxiomAudit.lean:8593:0: 'Hyperbolic.lorentzReflection_neg_normal' depends on axioms: [propext, Classical.choice, Quot.sound]
info: Lib/AxiomAudit.lean:8595:0: 'Hyperbolic.IsLorentzTimelikePlane.exists_unitNormal' depends on axioms: [propext, Classical.choice, Quot.sound]
info: Lib/AxiomAudit.lean:8598:0: 'Hyperbolic.continuous_lorentzReflection_time' depends on axioms: [propext, Classical.choice, Quot.sound]
info: Lib/AxiomAudit.lean:8600:0: 'Hyperbolic.lorentzReflection_hyperboloid_square' depends on axioms: [propext, Classical.choice, Quot.sound]
info: Lib/AxiomAudit.lean:8602:0: 'Hyperbolic.lorentzReflection_time_ne_zero' depends on axioms: [propext, Classical.choice, Quot.sound]
info: Lib/AxiomAudit.lean:8604:0: 'Hyperbolic.lorentzReflection_axisPoint' depends on axioms: [propext, Classical.choice, Quot.sound]
info: Lib/AxiomAudit.lean:8606:0: 'Hyperbolic.lorentzReflection_time_pos' depends on axioms: [propext, Classical.choice, Quot.sound]
info: Lib/AxiomAudit.lean:8608:0: 'Hyperbolic.lorentzReflection_hyperboloid_mem' depends on axioms: [propext, Classical.choice, Quot.sound]
info: Lib/AxiomAudit.lean:8610:0: 'Hyperbolic.hyperboloidReflection' depends on axioms: [propext, Classical.choice, Quot.sound]
info: Lib/AxiomAudit.lean:8612:0: 'Hyperbolic.hyperboloidReflection_val' depends on axioms: [propext, Classical.choice, Quot.sound]
info: Lib/AxiomAudit.lean:8614:0: 'Hyperbolic.hyperboloidReflection_involutive' depends on axioms: [propext, Classical.choice, Quot.sound]
info: Lib/AxiomAudit.lean:8616:0: 'Hyperbolic.hyperboloidReflectionEquiv' depends on axioms: [propext, Classical.choice, Quot.sound]
info: Lib/AxiomAudit.lean:8618:0: 'Hyperbolic.contMDiff_hyperboloidReflection' depends on axioms: [propext, Classical.choice, Quot.sound]
info: Lib/AxiomAudit.lean:8620:0: 'Hyperbolic.hyperboloidReflectionDiffeomorph' depends on axioms: [propext, Classical.choice, Quot.sound]
info: Lib/AxiomAudit.lean:8623:0: 'Hyperbolic.hyperboloidReflection_fixed_iff' depends on axioms: [propext, Classical.choice, Quot.sound]
info: Lib/AxiomAudit.lean:8625:0: 'Hyperbolic.hyperboloidReflection_normal' depends on axioms: [propext, Classical.choice, Quot.sound]
info: Lib/AxiomAudit.lean:8627:0: 'Hyperbolic.hyperboloidReflection_fixed_geodesic' depends on axioms: [propext, Classical.choice, Quot.sound]
info: Lib/AxiomAudit.lean:8629:0: 'Hyperbolic.hyperboloidGeodesic_normal_coordinate' depends on axioms: [propext, Classical.choice, Quot.sound]
info: Lib/AxiomAudit.lean:8631:0: 'Hyperbolic.hyperboloidReflection_sides_open_nonempty' depends on axioms: [propext, Classical.choice, Quot.sound]
info: Lib/AxiomAudit.lean:8633:0: 'Hyperbolic.hyperboloidReflection_open_side_images' depends on axioms: [propext, Classical.choice, Quot.sound]
info: Lib/AxiomAudit.lean:8635:0: 'Hyperbolic.hyperboloidReflection_open_side_bijOn' depends on axioms: [propext, Classical.choice, Quot.sound]
info: Lib/AxiomAudit.lean:8637:0: 'Hyperbolic.hyperboloidReflection_closed_side_images' depends on axioms: [propext, Classical.choice, Quot.sound]
info: Lib/AxiomAudit.lean:8640:0: 'Hyperbolic.lorentzReflection_mem_tangentKer' depends on axioms: [propext, Classical.choice, Quot.sound]
info: Lib/AxiomAudit.lean:8642:0: 'Hyperbolic.mfderiv_hyperboloidReflection_val' depends on axioms: [propext, Classical.choice, Quot.sound]
info: Lib/AxiomAudit.lean:8644:0: 'Hyperbolic.hyperboloidReflection_tangentEquivKer' depends on axioms: [propext, Classical.choice, Quot.sound]
info: Lib/AxiomAudit.lean:8646:0: 'Hyperbolic.hyperboloidReflection_preserves_tangentTensor' depends on axioms: [propext, Classical.choice, Quot.sound]
info: Lib/AxiomAudit.lean:8648:0: 'Hyperbolic.hyperboloidReflection_preserves_metric' depends on axioms: [propext, Classical.choice, Quot.sound]
info: Lib/AxiomAudit.lean:8651:0: 'Hyperbolic.hyperboloidAdaptedTime' depends on axioms: [propext, Classical.choice, Quot.sound]
info: Lib/AxiomAudit.lean:8653:0: 'Hyperbolic.hyperboloidAdaptedProjection' depends on axioms: [propext, Classical.choice, Quot.sound]
info: Lib/AxiomAudit.lean:8655:0: 'Hyperbolic.lorentzAdapted_decomposition' depends on axioms: [propext, Classical.choice, Quot.sound]
info: Lib/AxiomAudit.lean:8657:0: 'Hyperbolic.hyperboloidAdaptedTime_square' depends on axioms: [propext, Classical.choice, Quot.sound]
info: Lib/AxiomAudit.lean:8659:0: 'Hyperbolic.hyperboloidAdaptedTime_ne_zero' depends on axioms: [propext, Classical.choice, Quot.sound]
info: Lib/AxiomAudit.lean:8661:0: 'Hyperbolic.hyperboloidAdaptedTime_self' depends on axioms: [propext, Classical.choice, Quot.sound]
info: Lib/AxiomAudit.lean:8663:0: 'Hyperbolic.hyperboloidAdaptedTime_pos' depends on axioms: [propext, Classical.choice, Quot.sound]
info: Lib/AxiomAudit.lean:8665:0: 'Hyperbolic.hyperboloidAdaptedTime_sqrt' depends on axioms: [propext, Classical.choice, Quot.sound]
info: Lib/AxiomAudit.lean:8667:0: 'Hyperbolic.hyperboloidAdaptedGraphCoords' depends on axioms: [propext, Classical.choice, Quot.sound]
info: Lib/AxiomAudit.lean:8669:0: 'Hyperbolic.hyperboloidAdaptedGraphCoords_spec' depends on axioms: [propext, Classical.choice, Quot.sound]
info: Lib/AxiomAudit.lean:8671:0: 'Hyperbolic.hyperboloidAdaptedGraphCoords_zero' depends on axioms: [propext, Classical.choice, Quot.sound]
info: Lib/AxiomAudit.lean:8673:0: 'Hyperbolic.hyperboloidAdaptedGraphCoords_time_pos' depends on axioms: [propext, Classical.choice, Quot.sound]
info: Lib/AxiomAudit.lean:8675:0: 'Hyperbolic.hyperboloidAdaptedGraphCoords_mem' depends on axioms: [propext, Classical.choice, Quot.sound]
info: Lib/AxiomAudit.lean:8677:0: 'Hyperbolic.hyperboloidAdaptedGraph' depends on axioms: [propext, Classical.choice, Quot.sound]
info: Lib/AxiomAudit.lean:8679:0: 'Hyperbolic.hyperboloidAdaptedGraph_inverse' depends on axioms: [propext, Classical.choice, Quot.sound]
info: Lib/AxiomAudit.lean:8681:0: 'Hyperbolic.continuous_hyperboloidAdaptedGraph' depends on axioms: [propext, Classical.choice, Quot.sound]
info: Lib/AxiomAudit.lean:8683:0: 'Hyperbolic.hyperboloidAdaptedHomeomorph' depends on axioms: [propext, Classical.choice, Quot.sound]
info: Lib/AxiomAudit.lean:8685:0: 'Hyperbolic.hyperboloidAdaptedGraph_normal' depends on axioms: [propext, Classical.choice, Quot.sound]
info: Lib/AxiomAudit.lean:8687:0: 'Hyperbolic.hyperboloidAdaptedGraph_sides' depends on axioms: [propext, Classical.choice, Quot.sound]
info: Lib/AxiomAudit.lean:8689:0: 'Hyperbolic.hyperboloid_normal_sides_pathConnected' depends on axioms: [propext, Classical.choice, Quot.sound]
info: Lib/AxiomAudit.lean:8691:0: 'Hyperbolic.hyperboloid_normal_sign_on_preconnected' depends on axioms: [propext, Classical.choice, Quot.sound]
info: Lib/AxiomAudit.lean:8693:0: 'Hyperbolic.hyperboloid_normal_components' depends on axioms: [propext, Classical.choice, Quot.sound]
Build completed successfully (9431 jobs).
elapsed 3 s
end 2026-10-01T21:06:38Z
done 0
